customer_name,gender,age,city,state,join_date
Veda Chatterjee,Male,42,Varanasi,Odisha,2024-07-17
Kashvi Kari,Male,25,Shimla,Sikkim,2023-08-21
Gaurang Bal,Female,62,Mathura,Goa,2026-01-23
Harini Gole,Female,21,Junagadh,Karnataka,2025-06-02
Leela Tailor,Male,45,Bhilwara,Jharkhand,2021-12-21
Pratyush Mutti,Female,28,Chapra,Haryana,2023-08-13
Rushil Zacharia,Female,44,Rajahmundry,Uttar Pradesh,2021-10-21
Quincy Kala,Female,22,Belgaum,Arunachal Pradesh,2023-02-16
Sanaya Raghavan,Male,36,Raipur,Manipur,2022-05-22
Yadavi Walia,Female,43,Dewas,Himachal Pradesh,2024-11-21
Warjas Shanker,Female,44,Belgaum,Nagaland,2022-09-15
Tejas Narayanan,Female,28,Dindigul,Chhattisgarh,2022-12-31
Benjamin Thaman,Male,40,New Delhi,Goa,2022-09-08
Wriddhish Comar,Female,27,Sonipat,Rajasthan,2022-01-21
Deepa Doctor,Female,39,Bhopal,Mizoram,2025-03-25
Varenya Kapadia,Male,36,Kirari Suleman Nagar,Maharashtra,2022-08-29
Ekaja Lad,Male,24,Bidar,Jharkhand,2025-05-15
Lohit Patel,Female,65,Sonipat,Odisha,2022-01-17
Yachana Lanka,Male,70,Karnal,Rajasthan,2026-05-05
Shaurya Sarma,Male,40,Loni,Assam,2026-02-17
Amrita Kapadia,Female,54,Morbi,Mizoram,2024-05-09
Eiravati Mitter,Male,27,Jaunpur,Chhattisgarh,2022-12-22
Ekbal Sachdev,Female,48,Asansol,Himachal Pradesh,2023-08-01
Avni Dubey,Male,48,Ahmedabad,Uttarakhand,2026-02-23
Januja Bhatt,Female,45,Bhatpara,Uttar Pradesh,2026-05-24
Ekani Naidu,Male,61,Serampore,Tamil Nadu,2022-03-03
Kalpit Loyal,Female,70,Ghaziabad,Uttar Pradesh,2025-12-17
Tarak Ramakrishnan,Male,62,Ghaziabad,Arunachal Pradesh,2025-10-04
Warda Kata,Male,19,Davanagere,Goa,2025-11-24
Nachiket Raja,Male,70,Sagar,Assam,2023-06-04
Bhavani Khare,Female,53,Secunderabad,Uttar Pradesh,2023-12-07
Liam Swamy,Male,58,Saharsa,Bihar,2024-10-27
Vincent Ganguly,Male,70,North Dumdum,Chhattisgarh,2023-06-29
Rachit Lanka,Female,33,Guwahati,Odisha,2026-05-26
Azaan Chaudhari,Male,59,Ambarnath,Madhya Pradesh,2023-03-13
Nitara Brahmbhatt,Female,53,Panchkula,Arunachal Pradesh,2025-02-28
Amol Sathe,Male,50,Hospet,Telangana,2025-09-14
Harini Dhaliwal,Male,20,Delhi,Uttarakhand,2025-12-23
Pallavi Sachdeva,Female,42,Bellary,Punjab,2022-08-22
Bachittar Radhakrishnan,Male,55,Purnia,West Bengal,2022-12-21
Mohini Edwin,Male,43,Dhanbad,Tripura,2022-06-03
Agastya Halder,Female,42,Mirzapur,Maharashtra,2025-05-17
Nisha Patla,Female,38,Malegaon,Uttar Pradesh,2025-06-01
Mahika Johal,Male,51,Jabalpur,Odisha,2024-10-05
Gaurika Pradhan,Female,30,Sikar,Tripura,2023-12-18
Ayushman Narula,Male,34,Bhavnagar,Assam,2021-09-03
Unni Nori,Female,57,Kishanganj,Assam,2024-03-10
Falguni Wali,Female,51,Gandhidham,Bihar,2023-10-05
Chaitaly Arya,Female,44,Vadodara,Gujarat,2025-09-06
Forum Dubey,Male,35,Belgaum,Goa,2024-09-11
Chakradev Korpal,Female,64,Solapur,Sikkim,2026-03-23
Neha Srinivas,Female,60,Varanasi,Telangana,2022-10-21
Upasna Bains,Male,58,Shahjahanpur,Bihar,2024-04-21
Fitan Minhas,Male,42,Nagpur,Nagaland,2026-03-16
Pranav Nori,Male,61,Ballia,Goa,2021-10-11
Dominic Apte,Male,32,Tezpur,West Bengal,2024-05-25
Chameli Modi,Female,25,Thrissur,Tripura,2024-01-01
Charita Bora,Male,37,Kakinada,Manipur,2023-09-22
Baljiwan Sunder,Male,42,Davanagere,Haryana,2023-09-01
Yashvi Narayan,Female,46,Anantapuram,Odisha,2022-04-01
Kamala Shroff,Male,42,Bhimavaram,West Bengal,2024-04-18
Jagat Nigam,Female,67,Suryapet,Tripura,2024-04-25
David Acharya,Male,68,Guntakal,Jharkhand,2021-08-16
Ekapad Iyer,Male,20,Siwan,Nagaland,2024-02-19
Chavvi Yohannan,Female,20,Miryalaguda,Kerala,2023-12-03
Amruta Lala,Female,39,Nanded,Tripura,2023-05-13
Baljiwan Walla,Male,43,Ujjain,Uttarakhand,2023-05-23
Bhavya Prabhu,Male,58,Aizawl,Meghalaya,2022-12-21
Luke Wagle,Male,70,Hosur,Himachal Pradesh,2022-04-26
Riya Dey,Female,60,Tadipatri,Odisha,2022-05-05
Gautam Chanda,Male,41,Narasaraopet,Chhattisgarh,2024-08-28
Siya Khalsa,Male,58,Buxar,Jharkhand,2024-05-29
Chakrika Sehgal,Female,67,Jalna,Bihar,2026-05-30
Sanya Suri,Female,50,Gandhidham,Tripura,2022-12-03
Harrison Chakraborty,Male,61,Mirzapur,Andhra Pradesh,2022-11-06
Madhav Om,Male,57,Alwar,Haryana,2022-11-18
Aarav Kaul,Male,67,Meerut,Assam,2024-01-27
Xavier Subramaniam,Male,29,Ujjain,Uttarakhand,2022-12-13
Niharika Apte,Female,28,Tenali,Jharkhand,2023-05-29
Fitan Kala,Female,38,Panihati,Jharkhand,2025-10-15
Advika Basu,Male,50,Loni,Mizoram,2025-01-15
Bhavika Salvi,Male,68,Gorakhpur,Haryana,2025-11-15
Timothy Chacko,Female,29,Panipat,Kerala,2021-07-05
Abhiram Narasimhan,Male,28,Bellary,Uttar Pradesh,2025-02-20
Ekaraj Naidu,Male,67,Jabalpur,Chhattisgarh,2026-04-09
Warjas Munshi,Male,47,Tumkur,Assam,2026-01-30
Samarth Lal,Male,21,Bhind,Goa,2024-10-03
Tarak Sama,Male,45,Dhanbad,West Bengal,2024-07-29
Unnati Dutt,Male,29,Shahjahanpur,Andhra Pradesh,2026-01-05
Zaid Raju,Male,40,Amaravati,West Bengal,2025-03-08
Leena Parmer,Male,44,Tadepalligudem,Maharashtra,2024-10-15
Chakradev Bhavsar,Male,53,Gaya,Uttarakhand,2024-12-16
Zaitra Keer,Male,46,Rajkot,Sikkim,2023-10-13
Brijesh Basak,Male,20,Durg,Haryana,2022-04-23
Pranit Bath,Female,60,Coimbatore,Uttarakhand,2024-07-22
Nathan Nath,Female,67,Panchkula,Rajasthan,2025-01-23
Ranveer Bhattacharyya,Male,64,Berhampur,Jharkhand,2021-12-04
Keya Kumer,Male,23,Raebareli,Telangana,2026-03-29
Jairaj Bhardwaj,Male,27,Adoni,Meghalaya,2025-05-18
Reyansh Sunder,Male,32,Pallavaram,Andhra Pradesh,2024-09-01
Tarak Savant,Male,56,Arrah,Assam,2021-09-27
Siya Atwal,Female,31,Mira-Bhayandar,Haryana,2025-02-26
Nidhi Sarma,Female,47,Nangloi Jat,Mizoram,2025-03-27
Unnati Thaker,Female,37,Dhule,Haryana,2022-02-23
Leena Sahota,Female,21,Bhubaneswar,Punjab,2024-02-28
Anjali Jha,Female,55,Pallavaram,Tripura,2023-07-27
Gavin Barad,Male,47,Erode,Arunachal Pradesh,2024-09-07
Pranav Sane,Female,31,Gulbarga,Maharashtra,2025-11-27
Hemangini Dhar,Male,59,Jamnagar,Gujarat,2024-07-05
Tamanna Basu,Male,63,Katni,Meghalaya,2026-03-22
Balhaar Wable,Male,61,Shimla,Goa,2024-05-17
Qarin Mahal,Male,28,Bahraich,Nagaland,2025-09-30
Alka Ben,Male,69,Buxar,Maharashtra,2025-06-06
Madhavi Chaudhuri,Male,26,Bhagalpur,Tripura,2023-04-24
Irya Bala,Male,52,Guntur,Kerala,2022-08-31
Chandresh Bose,Female,21,Sonipat,Uttarakhand,2026-03-12
Aarav Babu,Female,36,Kanpur,Chhattisgarh,2022-11-19
Samesh Bawa,Male,69,Khandwa,Punjab,2021-09-19
Rachita Brahmbhatt,Female,27,Aizawl,Manipur,2021-09-01
Gaurika Kale,Female,27,Deoghar,Rajasthan,2023-12-29
Raksha Ram,Female,41,Siwan,Tripura,2024-01-05
Henry Sharaf,Female,49,Raurkela Industrial Township,Odisha,2023-08-05
Janya Sarraf,Female,23,Bhavnagar,Jharkhand,2022-10-14
Wriddhish Devi,Female,22,Siliguri,Kerala,2021-09-04
Unnati Sant,Female,46,North Dumdum,West Bengal,2025-05-03
Christopher Narang,Female,50,Panchkula,Jharkhand,2025-02-22
Kabir Mandal,Male,54,Kharagpur,Tripura,2023-01-06
Sathvik Kulkarni,Male,66,Raipur,West Bengal,2025-12-28
Rishi Mital,Female,40,Dewas,Punjab,2025-06-20
Naksh Trivedi,Female,65,Narasaraopet,Meghalaya,2022-06-13
Lipika Purohit,Male,70,Alappuzha,West Bengal,2025-06-12
Maya Nagy,Male,50,Berhampur,Uttarakhand,2026-02-11
Champak Pathak,Male,20,Agra,Kerala,2025-11-19
Nandini Sehgal,Male,28,Bongaigaon,Karnataka,2022-09-12
Hemang Mallick,Male,55,Jamnagar,Himachal Pradesh,2023-11-24
Amara Dutta,Male,62,Ramagundam,Andhra Pradesh,2021-12-05
Dipta Gaba,Male,60,Warangal,Madhya Pradesh,2022-12-25
Anjali Kurian,Male,49,Sangli-Miraj & Kupwad,Tripura,2025-10-04
Omya Thaman,Female,29,Burhanpur,Sikkim,2024-11-10
Nachiket Bali,Female,36,Allahabad,Himachal Pradesh,2022-07-07
Mitali Bir,Male,41,Baranagar,Uttar Pradesh,2026-06-08
Dipta Mitra,Male,34,Belgaum,Uttar Pradesh,2024-10-16
Wriddhish Sankar,Male,30,South Dumdum,Madhya Pradesh,2024-04-17
Nandini Mann,Female,49,Tadipatri,Mizoram,2023-10-01
Hemang Dugar,Male,48,Eluru,Assam,2022-08-10
Ekta Sandal,Female,21,Etawah,Andhra Pradesh,2022-07-28
Dipta Pillai,Female,49,Nagaon,Assam,2022-06-08
Lohit Thaman,Female,44,Bellary,Telangana,2025-06-25
Chatresh Wable,Male,41,Nashik,Punjab,2023-01-08
Chakradhar Misra,Female,62,Rajkot,Assam,2023-04-23
Wridesh Datta,Male,61,Bhagalpur,Uttar Pradesh,2021-07-17
Advik Merchant,Female,67,Ghaziabad,Uttar Pradesh,2022-02-26
Caleb Bath,Male,68,Vijayawada,Punjab,2023-11-10
Daniel Jhaveri,Female,45,Miryalaguda,Mizoram,2024-10-06
Wakeeta Raman,Female,19,Secunderabad,Uttarakhand,2024-04-25
Dakshesh Bhandari,Female,33,Ballia,Meghalaya,2022-08-31
Amaira Sarraf,Female,21,Pimpri-Chinchwad,Meghalaya,2025-08-05
Irya Banik,Female,70,Barasat,Madhya Pradesh,2025-12-19
Balveer Palla,Male,56,Dehri,Karnataka,2026-02-14
Lakshmi De,Female,69,Bhilai,Haryana,2021-07-05
Joshua Raja,Female,39,Agra,Maharashtra,2025-10-09
Abhimanyu Batta,Female,60,Sultan Pur Majra,Odisha,2022-09-28
Pushti Amble,Female,47,Howrah,Punjab,2026-06-14
Aadi Shenoy,Female,24,Bhopal,Nagaland,2022-02-07
Zehaan Rana,Female,41,Proddatur,Goa,2023-11-02
Christopher Madan,Female,48,Siwan,Sikkim,2021-07-25
Amrita Hayre,Female,66,Kanpur,Uttarakhand,2024-04-22
Yashvi Sarraf,Female,44,Visakhapatnam,Telangana,2023-05-29
Vyanjana Salvi,Male,39,Gandhidham,Kerala,2025-01-07
Max Ratti,Female,53,Adoni,Himachal Pradesh,2025-01-14
Lakshmi Kumar,Male,45,Jabalpur,Punjab,2022-10-12
Timothy Brahmbhatt,Female,38,Morena,Karnataka,2026-02-22
Thomas Srinivas,Female,59,Sonipat,Chhattisgarh,2022-02-25
Teerth Khosla,Female,29,Bhiwani,Karnataka,2022-10-21
Warjas Raval,Male,26,Karawal Nagar,Andhra Pradesh,2025-07-02
Jalsa Chatterjee,Female,34,Raiganj,Goa,2025-07-09
Charles Sane,Female,43,Nellore,Telangana,2022-10-01
Eta Baral,Male,52,Guwahati,Madhya Pradesh,2023-10-05
Warda Dave,Male,69,Jamshedpur,Gujarat,2022-11-16
Falak Desai,Female,62,Kadapa,West Bengal,2023-07-01
Jacob Iyengar,Female,62,Khora ,Nagaland,2024-06-10
Nilima Thaman,Male,34,Jehanabad,Manipur,2024-01-25
Bhavani Rajagopalan,Male,24,Jalandhar,Goa,2021-10-03
Eshana Suresh,Female,23,Alwar,Tripura,2025-05-24
Janani Sidhu,Female,67,Karawal Nagar,Uttar Pradesh,2025-09-09
Praneel Konda,Female,58,Guntakal,Haryana,2023-11-15
Adya Muni,Female,29,New Delhi,Nagaland,2023-10-27
Rudra Karnik,Female,66,Hajipur,Madhya Pradesh,2026-02-22
Nathan Radhakrishnan,Male,21,Nashik,Himachal Pradesh,2024-06-17
Upadhriti Dube,Male,66,Nangloi Jat,Telangana,2022-11-06
Indrajit Sur,Male,52,Hubli–Dharwad,Chhattisgarh,2022-10-08
William Chahal,Female,43,Pimpri-Chinchwad,West Bengal,2024-08-03
Manan Dada,Male,24,Jodhpur,Maharashtra,2024-05-21
Omisha Patel,Male,32,Khammam,Mizoram,2025-06-10
Adya More,Male,20,Jehanabad,Rajasthan,2023-05-01
Isha Nayar,Female,23,Thanjavur,Rajasthan,2022-08-18
Keya Kothari,Male,67,Tinsukia,Maharashtra,2024-04-15
Dhruv Kuruvilla,Male,67,Vellore,Maharashtra,2023-01-29
Manya Vig,Female,58,Howrah,Uttar Pradesh,2023-03-02
Meghana Vala,Male,31,Gudivada,Karnataka,2025-04-27
Brinda Sandhu,Male,42,Raichur,Arunachal Pradesh,2025-04-21
Advay Balan,Female,23,Madanapalle,Jharkhand,2023-06-24
Ronith Bail,Male,52,Nagaon,Karnataka,2024-09-19
Qadim Gola,Female,38,Begusarai,Kerala,2023-11-10
Umang Rajagopal,Female,55,Sirsa,Sikkim,2022-09-27
Om Walia,Male,46,Purnia,Goa,2026-01-21
Sai Bains,Female,50,Bardhaman,Madhya Pradesh,2023-06-28
Charvi Sachdev,Female,62,Bihar Sharif,Odisha,2021-08-06
Bhavika Tella,Male,38,Bettiah,Sikkim,2022-10-28
Amara Sane,Female,46,Sasaram,Chhattisgarh,2023-07-08
Faqid Sabharwal,Male,43,Bangalore,Andhra Pradesh,2022-10-08
Ucchal Chandran,Male,63,Amravati,Himachal Pradesh,2023-01-05
Sara Jani,Male,30,Vasai-Virar,Uttar Pradesh,2025-10-23
Idika Batra,Male,56,South Dumdum,Mizoram,2025-03-25
Ekantika Prasad,Male,61,Kalyan-Dombivli,Himachal Pradesh,2026-04-12
Faqid Chakrabarti,Female,34,Coimbatore,Chhattisgarh,2022-09-29
Imaran Walia,Male,28,Tiruchirappalli,Himachal Pradesh,2021-12-08
Nitara Majumdar,Female,43,Jamshedpur,Maharashtra,2024-12-14
Maanas Nori,Male,70,Vijayanagaram,Chhattisgarh,2024-08-01
Faras Datta,Male,69,Tiruppur,Telangana,2023-11-22
Ijaya Majumdar,Female,36,Jamalpur,Goa,2021-08-29
Anthony Kar,Male,43,Kurnool,Chhattisgarh,2024-03-13
Panini Natt,Male,65,Anantapur,Gujarat,2023-12-05
Pallavi Jaggi,Female,69,Vasai-Virar,Uttarakhand,2023-03-07
Udant Mangat,Male,65,Saharanpur,Mizoram,2026-04-27
Libni Ray,Female,50,Ajmer,Jharkhand,2022-02-15
Nathan Pandey,Female,26,Karnal,Goa,2021-11-29
Chanchal Sathe,Female,65,Chinsurah,Chhattisgarh,2026-05-29
Avni Kala,Female,61,Tenali,Himachal Pradesh,2021-08-26
Finn Kar,Male,24,Purnia,Punjab,2022-04-14
Netra Arya,Male,18,Cuttack,Uttar Pradesh,2024-03-31
Yutika Sani,Female,67,Muzaffarpur,West Bengal,2024-04-24
Tejas Parmar,Male,50,Tiruvottiyur,Uttarakhand,2026-01-28
Fiyaz Setty,Female,42,Jhansi,Arunachal Pradesh,2023-09-26
Yashasvi Saini,Female,40,Jalna,Kerala,2024-11-04
Yash Lala,Female,68,Faridabad,Uttarakhand,2025-10-26
Sachi Borde,Female,70,Anantapuram,Kerala,2021-10-05
Vedant Mallick,Male,38,Pune,Haryana,2023-10-09
Forum Viswanathan,Male,69,Chandigarh,Uttar Pradesh,2022-03-18
Harshil Kibe,Male,48,Patna,Chhattisgarh,2023-05-08
Harinakshi Ratta,Male,60,Morena,Meghalaya,2025-11-18
Vaishnavi Solanki,Female,47,Kharagpur,Arunachal Pradesh,2023-11-13
Lohit Dhingra,Male,70,Madurai,Manipur,2024-11-22
Leena Kunda,Male,45,Moradabad,Tripura,2021-10-30
Jairaj Rege,Male,65,Durg,Uttarakhand,2024-01-06
Lekha Venkatesh,Female,42,Loni,Odisha,2025-07-05
Akshay Goyal,Female,29,Ramgarh,Mizoram,2025-03-25
Yashvi Sharaf,Female,30,Panipat,Kerala,2024-06-04
Faras Guha,Female,26,Motihari,Arunachal Pradesh,2024-02-16
Udant Bansal,Female,47,Srinagar,Himachal Pradesh,2021-06-29
Bhanumati Kaul,Male,45,Begusarai,Arunachal Pradesh,2025-02-04
Balhaar Anand,Male,62,Bhilwara,Sikkim,2024-02-22
Rohan Cherian,Male,22,Bidar,Nagaland,2026-05-26
Qasim Sarraf,Male,38,Bidar,Rajasthan,2025-10-15
Gavin Mital,Male,41,Dehri,Karnataka,2023-07-05
Ayushman Rajagopalan,Male,32,Begusarai,Punjab,2025-10-02
Azad Viswanathan,Male,40,Madurai,Meghalaya,2025-12-15
Hardik Sehgal,Female,44,Erode,Goa,2022-09-05
Theodore Borah,Female,26,Rajpur Sonarpur,Bihar,2021-11-10
Wakeeta Saraf,Male,25,Ghaziabad,Tripura,2025-07-09
Tanveer Sethi,Female,59,Sagar,Chhattisgarh,2025-12-13
Pushti Manne,Female,69,Rajpur Sonarpur,Chhattisgarh,2021-08-01
Dakshesh Dugar,Female,55,Jamalpur,Goa,2024-12-29
Nirja Sood,Male,66,Sikar,Jharkhand,2023-10-18
Chakradev Sani,Male,21,Rampur,Manipur,2025-06-25
Warhi Kala,Male,54,Rajahmundry,Assam,2024-06-17
Arunima Sridhar,Female,49,Kakinada,Gujarat,2025-05-10
Bimala Kala,Male,29,Ongole,Assam,2025-04-12
Vedika Srinivasan,Male,61,Kharagpur,Jharkhand,2022-07-11
Vincent Bhat,Female,22,Aurangabad,Himachal Pradesh,2022-05-14
Yachana Basak,Female,20,Asansol,Haryana,2025-02-12
Pratyush Rajagopalan,Male,31,Tadepalligudem,Meghalaya,2023-01-19
Shaurya Manda,Male,58,Satara,Tripura,2024-03-25
Kamya Chatterjee,Male,21,Arrah,Tripura,2025-02-13
Irya Sridhar,Female,38,Narasaraopet,Jharkhand,2021-12-31
Arjun Dalal,Male,42,Tiruppur,Kerala,2024-06-09
Janya Koshy,Male,18,Naihati,Telangana,2023-01-28
Yadavi Tiwari,Female,33,Thanjavur,Tamil Nadu,2021-09-02
Lila Sheth,Male,46,New Delhi,Madhya Pradesh,2025-11-17
Nakul Goyal,Male,33,Rajkot,Haryana,2025-04-08
Ganga Dora,Male,40,Silchar,Goa,2022-10-21
Jagvi Nori,Female,54,Sultan Pur Majra,Goa,2023-02-13
Samar Upadhyay,Female,19,Baranagar,Mizoram,2024-11-09
Chaman Wali,Female,57,Thanjavur,Odisha,2025-11-09
Divya De,Male,61,Saharanpur,Jharkhand,2024-12-21
Lopa Sachdev,Male,38,Tadipatri,Telangana,2023-08-22
Lavanya Srinivas,Male,68,Gaya,Madhya Pradesh,2025-06-17
Girindra Shan,Female,39,Dewas,Kerala,2023-05-21
Omaja Raja,Male,32,Junagadh,Kerala,2021-09-09
Keya Nagar,Female,28,Proddatur,Tamil Nadu,2023-04-07
Kamala Comar,Male,56,Karaikudi,Uttarakhand,2024-08-28
Laban Lata,Female,45,Srinagar,Bihar,2026-03-27
Krisha Bobal,Female,50,Shahjahanpur,Rajasthan,2023-01-08
Darika Divan,Female,43,Hospet,Gujarat,2023-10-12
Aayush Kala,Male,20,Thane,Assam,2023-01-28
Charan Sur,Female,69,Parbhani,Himachal Pradesh,2023-06-10
Nathan Luthra,Male,25,Kota,Haryana,2025-09-16
Chatresh Venkataraman,Male,26,Nagercoil,Meghalaya,2023-04-08
Bhavika Divan,Female,30,Raiganj,Bihar,2025-06-07
Vanya Mangal,Female,51,Buxar,Telangana,2023-04-20
Veda Halder,Male,48,Ambarnath,Andhra Pradesh,2023-09-06
Vyanjana Bawa,Male,51,New Delhi,Rajasthan,2023-12-05
Qabil Keer,Male,54,Hapur,Odisha,2021-08-02
Aadhya Narasimhan,Male,46,Vijayanagaram,Himachal Pradesh,2025-05-25
Hemal Bawa,Male,24,Anantapur,Punjab,2022-04-08
Meera Bakshi,Female,48,Raipur,Arunachal Pradesh,2023-01-31
Shravya Bhatt,Female,69,Panipat,Maharashtra,2022-06-20
Harsh Sehgal,Male,43,Pondicherry,Goa,2026-06-21
Manthan Pau,Female,27,Shimoga,Tamil Nadu,2024-06-24
Yashasvi Bhalla,Female,30,Danapur,Mizoram,2023-02-13
Raksha Oza,Female,46,Sangli-Miraj & Kupwad,Rajasthan,2022-12-26
Janaki Sampath,Female,46,Tenali,Maharashtra,2025-12-23
Ekalinga Kala,Female,27,Navi Mumbai,Rajasthan,2022-04-22
Warda Wable,Female,23,Surendranagar Dudhrej,Gujarat,2023-08-13
Dalaja Narula,Male,43,Bhagalpur,Bihar,2022-02-02
Shaurya Nair,Male,29,North Dumdum,Arunachal Pradesh,2024-12-02
Urvi Prabhu,Male,33,Tenali,Maharashtra,2022-12-09
Hiral Issac,Male,25,Tinsukia,Uttarakhand,2023-11-20
Lipika Chandran,Male,19,Jalandhar,Maharashtra,2021-12-05
Abdul Yadav,Female,64,Shimoga,Arunachal Pradesh,2024-03-10
Ekantika Mody,Female,24,Raiganj,Uttarakhand,2022-09-13
Hemal Karan,Male,24,Gopalpur,Haryana,2023-12-03
Dominic Sachdev,Female,39,Narasaraopet,Kerala,2021-12-10
Chaman Nigam,Male,66,Jaunpur,Chhattisgarh,2024-11-10
Jagrati Nagi,Male,29,Srinagar,Telangana,2021-09-12
Warda Sani,Female,32,Jamalpur,Karnataka,2025-08-18
Utkarsh Modi,Male,32,Thane,Gujarat,2023-12-19
Kamya Mann,Male,28,Dhanbad,Punjab,2022-02-27
Laksh Wagle,Male,37,Rewa,Kerala,2022-10-03
Kiaan Sinha,Male,41,Indore,Bihar,2022-03-31
Ekansh Sathe,Female,37,Kalyan-Dombivli,Jharkhand,2025-01-03
Chaitanya Rai,Female,56,Nagercoil,Maharashtra,2024-06-21
Prisha Babu,Male,23,Udaipur,Mizoram,2022-12-21
Dominic Chanda,Male,30,Indore,Assam,2026-05-25
Abeer Guha,Female,29,Jamshedpur,Goa,2023-02-28
Vinaya Date,Male,51,Bhilai,West Bengal,2024-08-22
Karan Desai,Male,51,Ahmedabad,Nagaland,2022-07-14
Urmi Rajagopalan,Male,18,Patiala,Andhra Pradesh,2023-06-25
Vedhika Ahluwalia,Male,50,Sikar,Uttar Pradesh,2025-10-17
Mason Jha,Male,26,Tumkur,Manipur,2023-11-07
Sneha Sarraf,Male,40,Dharmavaram,Arunachal Pradesh,2026-02-18
Tanmayi Thakur,Male,59,Shimla,Mizoram,2024-10-22
Anita Solanki,Female,49,Salem,Bihar,2021-10-10
Irya Bawa,Female,20,Shahjahanpur,Mizoram,2025-03-30
Dalbir Bakshi,Male,21,Loni,Jharkhand,2024-02-25
Harrison Oak,Male,19,Panvel,Rajasthan,2026-04-15
Warinder Maharaj,Male,61,Secunderabad,Odisha,2025-07-15
Rachana Agrawal,Male,69,Ambarnath,Tripura,2026-03-22
Widisha Srivastava,Female,25,Bhatpara,Assam,2023-11-25
Udyati Master,Male,68,Allahabad,Maharashtra,2024-06-20
Viraj Garde,Male,36,Tadipatri,Bihar,2021-08-21
Akshay Bhat,Male,26,Kottayam,Bihar,2023-12-26
Sanya Bali,Male,34,Erode,Gujarat,2021-09-26
Balvan Garg,Female,51,Lucknow,Chhattisgarh,2025-11-20
Wakeeta Bahl,Female,59,Ranchi,Uttar Pradesh,2026-01-20
Amruta Mishra,Male,33,Chennai,Manipur,2025-01-19
Parth Sami,Female,20,Jalandhar,Mizoram,2022-06-16
Netra Bhalla,Female,21,Meerut,Rajasthan,2022-10-20
Dakshesh Hayer,Female,59,Bhalswa Jahangir Pur,Punjab,2025-08-12
Banjeet Kala,Male,19,Bettiah,Odisha,2022-06-16
Yahvi Divan,Male,34,Thrissur,Madhya Pradesh,2023-12-05
Dakshesh Iyer,Female,65,Thane,Bihar,2025-11-15
Mitali Kade,Female,30,Tiruppur,Tamil Nadu,2023-02-23
Amaira Bora,Male,47,Sultan Pur Majra,Telangana,2021-11-25
Xavier Arya,Female,56,Hospet,Tripura,2024-08-16
Chandani Choudhry,Male,46,Hosur,Gujarat,2022-07-26
Devansh Sarkar,Female,38,Panipat,Tamil Nadu,2025-10-15
Ria Sarin,Female,66,Chennai,Chhattisgarh,2024-06-23
Tara Ray,Female,24,Thane,Odisha,2024-03-19
Chanakya Naik,Female,69,Srinagar,Karnataka,2022-11-24
Xalak Minhas,Female,66,New Delhi,Mizoram,2022-07-27
Ekalinga Raval,Female,48,Bhilai,Mizoram,2025-03-23
Chaman Issac,Female,31,Faridabad,Uttarakhand,2024-05-31
Azaan Lala,Male,24,Durg,Rajasthan,2025-11-25
Advay Raman,Male,35,Anantapuram,Gujarat,2026-02-05
Indrajit Pathak,Male,62,Kanpur,Punjab,2025-10-04
Vanya Gour,Female,58,Jhansi,Rajasthan,2024-08-14
Nikita Gola,Female,69,Bathinda,Rajasthan,2021-10-26
Qasim Khanna,Male,26,Bhimavaram,Kerala,2022-01-31
Vanya Rao,Female,32,Phusro,Uttar Pradesh,2024-09-21
Karan Mutti,Male,68,Surendranagar Dudhrej,Bihar,2021-10-16
Kabir Sehgal,Male,25,Salem,Telangana,2023-03-09
Aradhana Loyal,Female,63,Bellary,Uttarakhand,2026-05-24
Qasim Krishnan,Male,26,Kulti,Kerala,2022-08-04
Azaan Tandon,Male,56,Yamunanagar,Himachal Pradesh,2023-08-10
Sathvik Rana,Female,65,Madhyamgram,Madhya Pradesh,2025-04-05
Hemangini Batra,Male,50,Nagpur,West Bengal,2025-05-14
Bhavika Thakur,Male,20,Jamalpur,Tamil Nadu,2021-08-31
Lipika Mukhopadhyay,Male,45,Karawal Nagar,Andhra Pradesh,2024-08-25
Hamsini Mohan,Male,34,Jammu,Assam,2023-08-08
Lajita Doctor,Male,31,Pali,Chhattisgarh,2022-11-10
Udyati Mangal,Female,62,Chennai,Uttar Pradesh,2022-10-25
Geetika Narayanan,Male,60,Raebareli,Manipur,2023-03-10
Saanvi Nadkarni,Female,59,Junagadh,Kerala,2022-08-01
Rajeshri Sha,Male,53,Fatehpur,Mizoram,2024-02-25
Azad Mishra,Female,55,Ambala,Gujarat,2021-07-23
Nicholas Dhingra,Female,40,Dhule,Tamil Nadu,2021-07-08
Yashvi Sathe,Male,37,Jabalpur,Tamil Nadu,2023-03-27
Jatin Wali,Female,28,Chandigarh,Tripura,2021-11-11
Kashvi Purohit,Male,63,Udupi,Sikkim,2021-09-02
Sai Jain,Male,37,Bathinda,Mizoram,2024-02-04
Oeshi Nigam,Female,47,Sri Ganganagar,West Bengal,2022-11-15
Vidhi Dhingra,Male,65,Shimoga,Mizoram,2022-06-08
Advik Ramanathan,Male,52,Suryapet,Maharashtra,2024-07-14
Tanvi Rajagopalan,Male,58,North Dumdum,Meghalaya,2025-03-25
David Mittal,Female,46,Sagar,Andhra Pradesh,2024-01-30
Ria Char,Male,48,Durg,Uttar Pradesh,2022-09-03
Sara Dara,Male,60,Kavali,Kerala,2021-11-12
Rajata Mukherjee,Female,46,Hyderabad,Odisha,2023-02-12
Abdul Gade,Female,22,Sultan Pur Majra,Karnataka,2025-03-05
Tristan Bhavsar,Male,49,Gwalior,Kerala,2025-06-03
Finn Lalla,Male,36,Ramgarh,Andhra Pradesh,2025-06-20
Krisha Andra,Female,31,Ramgarh,Odisha,2025-10-03
Jackson Dara,Female,50,Rajkot,Sikkim,2023-09-07
Hemang Thaker,Female,40,Ludhiana,Mizoram,2024-12-27
Sai Raju,Female,36,Ramgarh,Uttarakhand,2023-05-23
Ira Ray,Male,66,Ludhiana,Tamil Nadu,2022-10-01
Laban Mammen,Female,58,Alappuzha,Uttar Pradesh,2025-03-10
Gabriel Khatri,Male,66,Tadepalligudem,Sikkim,2026-02-06
Mitesh Thakkar,Female,64,Alwar,Madhya Pradesh,2022-01-27
Krisha Gola,Female,51,Miryalaguda,Manipur,2021-07-13
Ekta Parsa,Female,62,Dhanbad,Tamil Nadu,2023-07-11
Darika Doshi,Male,60,Loni,Uttar Pradesh,2023-10-15
Priya Chada,Female,41,Ulhasnagar,Kerala,2024-05-21
Finn Memon,Female,25,Satna,Uttarakhand,2022-10-23
Samar Chauhan,Male,23,Bhilai,Mizoram,2023-02-26
Tanay Ben,Female,68,Kozhikode,Gujarat,2024-01-25
Parth Ganguly,Male,46,Muzaffarnagar,Haryana,2024-07-16
Devansh Bhatti,Female,69,Vasai-Virar,Goa,2024-10-11
Rishi Nigam,Female,37,Chandigarh,Nagaland,2026-06-15
Samesh Tella,Male,58,Bijapur,Jharkhand,2022-08-01
Netra Suresh,Male,47,Bhilai,Uttar Pradesh,2021-08-20
Nihal Venkatesh,Male,62,Junagadh,Manipur,2024-09-18
Bhanumati Devi,Female,69,Udaipur,Kerala,2024-05-08
Caleb Swamy,Male,60,Amaravati,Rajasthan,2023-03-25
Aadi Khosla,Male,65,Bellary,Karnataka,2023-06-08
Zayan Goyal,Female,30,Secunderabad,Chhattisgarh,2024-01-16
Abhiram Nagi,Male,64,Begusarai,West Bengal,2023-08-03
Mekhala Khosla,Male,60,Singrauli,Gujarat,2024-10-24
Shaurya Kohli,Female,39,Mau,Haryana,2022-10-30
Dominic Dhaliwal,Female,70,Noida,Meghalaya,2023-01-10
Nathan Thaman,Male,32,Saharanpur,Haryana,2023-08-15
Abdul Sha,Male,68,Ulhasnagar,Andhra Pradesh,2024-04-14
Chaitanya Pandey,Male,53,Vasai-Virar,Assam,2025-12-16
Lajita Lalla,Male,54,Bhopal,Chhattisgarh,2026-04-13
Adya Barman,Male,34,Sri Ganganagar,Mizoram,2022-09-29
Pahal More,Male,56,Ghaziabad,Jharkhand,2022-06-15
Madhavi Dhaliwal,Male,22,Kollam,Himachal Pradesh,2021-12-30
Chaman Ramanathan,Male,69,Yamunanagar,Sikkim,2022-12-12
Barkha Sastry,Male,60,Kochi,Tamil Nadu,2025-08-14
Tanmayi Raja,Female,20,Eluru,Jharkhand,2023-08-24
Mason Bala,Male,43,Hindupur,Uttar Pradesh,2023-06-04
Isaiah Tara,Male,39,Jamalpur,Sikkim,2022-04-04
Damyanti Korpal,Male,22,Madanapalle,Goa,2024-10-23
Aadhya Subramaniam,Female,32,Kanpur,Arunachal Pradesh,2021-07-31
Oeshi Thakur,Female,43,Mumbai,Assam,2022-07-29
Abhimanyu Borde,Male,29,Guntur,Maharashtra,2024-08-29
Avni Sur,Male,30,Hajipur,Kerala,2022-06-29
Kamala Gaba,Female,52,Kurnool,Mizoram,2024-03-29
Qarin Parsa,Male,55,Bhimavaram,Gujarat,2022-12-06
Yashvi Gara,Male,21,Karaikudi,Andhra Pradesh,2023-07-23
Tara Chakrabarti,Female,22,Pondicherry,Goa,2023-06-02
Nisha Pau,Female,31,Durg,Sikkim,2025-02-12
Gaurangi Manda,Male,50,Navi Mumbai,Himachal Pradesh,2024-01-11
Anika Hora,Male,26,Mumbai,Jharkhand,2025-05-30
Qabil Mane,Female,32,Agartala,Tamil Nadu,2025-04-01
Elijah Gopal,Female,41,Amritsar,Jharkhand,2024-08-15
Utkarsh Patla,Male,57,Muzaffarnagar,Goa,2025-12-21
Samaksh Rajan,Male,32,Maheshtala,Uttarakhand,2023-07-06
Yuvraj Purohit,Female,42,Munger,Odisha,2023-06-28
Varsha Varty,Female,49,Berhampore,Nagaland,2021-07-02
Faris Chahal,Male,30,Sagar,Maharashtra,2025-02-24
Vedhika Baria,Male,48,Udaipur,Uttar Pradesh,2021-08-13
Yadavi Nanda,Male,25,Bhavnagar,Sikkim,2022-10-19
Chameli Morar,Female,48,Bhimavaram,Telangana,2025-09-26
Yamini Sathe,Female,70,Warangal,Andhra Pradesh,2026-01-28
Jackson Sibal,Female,29,Nadiad,Odisha,2025-10-26
Ria Mander,Male,25,Purnia,Chhattisgarh,2022-01-11
Balhaar Sant,Male,29,Noida,Goa,2022-01-10
Vrinda Krishna,Female,55,Motihari,Goa,2023-06-23
Bhavna Mand,Female,43,Panchkula,Himachal Pradesh,2023-09-21
Samuel Mody,Female,35,Akola,Himachal Pradesh,2026-01-23
Chameli Contractor,Female,22,Ujjain,Tripura,2021-11-13
Jai Kadakia,Male,54,Ulhasnagar,Odisha,2026-06-03
Ansh Narayanan,Male,54,Shahjahanpur,Rajasthan,2023-08-28
Yashvi Srinivasan,Female,44,Belgaum,Himachal Pradesh,2022-12-19
Sarthak Mall,Female,22,Dhule,Arunachal Pradesh,2025-11-23
Yutika Rajan,Female,59,Bareilly,Uttarakhand,2026-03-10
Reyansh Patla,Male,44,Barasat,Andhra Pradesh,2023-12-03
Yamini Srinivas,Male,39,Sambhal,Tamil Nadu,2021-12-12
Kritika Sandal,Female,56,Panipat,Arunachal Pradesh,2024-04-09
Aayush Pingle,Female,65,Bhubaneswar,Uttarakhand,2023-01-10
Pahal Pau,Female,23,Vellore,Tripura,2026-02-24
Raksha Pillai,Female,31,Purnia,Manipur,2021-09-12
Yash Aurora,Male,65,Kulti,Punjab,2026-02-12
Nakul Badami,Male,63,Gudivada,Mizoram,2025-10-14
Banjeet Gaba,Male,53,Bhagalpur,Tripura,2022-11-03
Ojasvi Khanna,Male,30,Mirzapur,Gujarat,2022-04-01
Abha Kamdar,Male,26,Bihar Sharif,Assam,2025-03-22
Yuvraj Gera,Female,67,Berhampur,Andhra Pradesh,2023-08-27
Amrita Pai,Male,27,Shahjahanpur,Himachal Pradesh,2021-10-28
Dayamai Badal,Female,52,Bongaigaon,Chhattisgarh,2025-05-17
Pratyush Balasubramanian,Male,60,Ozhukarai,Assam,2021-10-17
Hardik Dara,Female,20,Bellary,Goa,2026-03-05
Hemal Mody,Female,48,Berhampur,Bihar,2024-09-21
Arunima Chaudhry,Male,23,Thanjavur,Jharkhand,2021-11-15
Nimrat Chhabra,Male,55,Chittoor,Chhattisgarh,2026-01-16
Alka Gade,Male,63,Udupi,Nagaland,2025-01-10
Kiaan Badal,Male,55,Darbhanga,Odisha,2024-12-16
Priya Murthy,Male,27,Bhusawal,Himachal Pradesh,2023-01-22
Praneel Madan,Male,54,Thrissur,West Bengal,2025-06-01
Jack Nagar,Male,40,Davanagere,Karnataka,2023-01-05
Netra Keer,Male,40,Jalna,Manipur,2023-07-03
Dayita Chacko,Male,41,Panchkula,Himachal Pradesh,2025-03-27
Yashica Tata,Female,59,South Dumdum,Karnataka,2024-09-04
Brijesh Sodhi,Male,33,Tadepalligudem,Rajasthan,2026-04-15
Harita Sengupta,Female,39,Jamnagar,Karnataka,2023-06-14
Tara Bala,Male,23,Shimoga,Tamil Nadu,2025-07-17
Wahab Sura,Male,65,Tezpur,Karnataka,2025-08-31
Shravya Sahota,Female,38,Siliguri,Mizoram,2025-06-29
Onkar Wali,Female,22,Ozhukarai,Maharashtra,2025-07-16
Tanish Goyal,Female,44,Panchkula,Uttar Pradesh,2022-04-23
Saumya Mitter,Female,33,Kozhikode,Assam,2026-04-26
Manthan Gade,Female,68,Kamarhati,Tripura,2026-04-21
Ria Oak,Female,68,Bahraich,Assam,2022-03-17
Ekani Batra,Female,20,Morbi,Andhra Pradesh,2022-02-07
Viraj Gala,Female,25,Bettiah,Chhattisgarh,2022-09-10
Thomas Chandran,Male,59,Siwan,Nagaland,2023-12-27
Arjun Ganesh,Female,40,Muzaffarnagar,Maharashtra,2022-01-07
Alka Dixit,Male,53,Satna,Uttarakhand,2023-04-21
Wridesh Sampath,Female,69,Vijayanagaram,Himachal Pradesh,2024-12-02
Arunima Sangha,Male,42,Dehradun,Telangana,2021-08-06
Yatan Ray,Female,66,Gopalpur,Gujarat,2025-08-20
Nikita Chaudhari,Male,42,Kollam,Assam,2024-08-16
Aadhya Chawla,Female,52,Raebareli,Sikkim,2023-08-23
Utkarsh Bose,Female,24,Dhule,Punjab,2022-04-02
Noah Hayre,Female,42,Chandigarh,Maharashtra,2024-08-19
Gabriel Vasa,Female,57,Malegaon,Punjab,2022-12-30
Barkha Bhandari,Male,59,Cuttack,Punjab,2024-08-15
Praneel Bera,Female,36,Bidhannagar,Nagaland,2023-10-12
Isaac Gulati,Female,38,Muzaffarnagar,Telangana,2024-08-02
Yashodhara Anne,Female,33,Solapur,Goa,2022-11-28
Ridhi Bera,Female,54,Rewa,Maharashtra,2024-03-11
Vasana Wagle,Female,34,Pimpri-Chinchwad,Uttar Pradesh,2022-06-19
Hamsini Prashad,Male,68,Sasaram,Madhya Pradesh,2024-06-19
Vrishti Magar,Female,60,Shivpuri,Odisha,2022-04-05
Rachita Wagle,Male,61,Ulhasnagar,Punjab,2021-10-19
Ati Batra,Female,51,Ghaziabad,Kerala,2023-08-30
Neha Deo,Female,62,Indore,Karnataka,2022-08-09
Naksh Sastry,Female,43,Maheshtala,Chhattisgarh,2022-04-27
Nicholas Chakraborty,Female,37,Kakinada,Jharkhand,2023-12-13
Kala Comar,Male,47,Vijayanagaram,Tamil Nadu,2022-06-17
Om Bhalla,Male,62,Jamshedpur,Mizoram,2022-10-08
Oliver Dhar,Female,61,Muzaffarpur,Haryana,2023-06-14
Pavani Chana,Female,63,Tiruvottiyur,Telangana,2022-04-27
Ladli Patel,Male,31,Agra,Nagaland,2024-09-09
Timothy Mukhopadhyay,Female,42,Sirsa,Manipur,2022-02-07
Janaki Malhotra,Male,40,Srikakulam,Assam,2024-11-09
Jagat Dash,Male,60,Raiganj,Mizoram,2026-05-17
Aarna Iyengar,Female,53,Sikar,Manipur,2023-05-15
Zansi Kapur,Female,28,Shahjahanpur,Gujarat,2021-08-16
Ladli Devan,Male,47,Mathura,Uttar Pradesh,2025-12-04
Hritik Balay,Female,64,Maheshtala,Himachal Pradesh,2022-11-22
Charvi Wadhwa,Female,65,Hospet,Punjab,2024-01-14
Jagvi Chada,Female,66,Srikakulam,Karnataka,2026-01-04
Ethan Nazareth,Male,27,Jamshedpur,Tripura,2024-10-17
Ayush Acharya,Female,51,Kota,Madhya Pradesh,2023-04-09
Bahadurjit Barad,Female,64,Korba,Punjab,2023-08-02
Ekaraj Butala,Male,24,Sikar,Manipur,2021-09-16
Lajita Chander,Male,55,Chandigarh,Goa,2025-01-03
Hemal Dugal,Male,28,Aurangabad,Bihar,2022-12-23
Charvi Sinha,Female,53,Alappuzha,Sikkim,2023-09-27
Eesha Anne,Female,37,Junagadh,Kerala,2024-02-05
Champak Parmar,Female,70,Loni,Manipur,2021-12-12
Panini Sodhi,Female,38,Amaravati,Goa,2023-06-04
Sanaya Chokshi,Male,69,Tumkur,Telangana,2022-05-14
Yug Ramaswamy,Male,24,Kakinada,Uttarakhand,2025-09-05
Anjali Arya,Male,63,Mahbubnagar,Jharkhand,2023-03-18
Nitesh Tara,Male,20,Suryapet,Tripura,2023-05-24
Advaith Ganguly,Male,41,Warangal,Jharkhand,2024-05-21
Falguni Golla,Male,58,Srinagar,Tamil Nadu,2022-05-28
Eta Prasad,Male,65,Madurai,West Bengal,2025-08-25
Timothy Sen,Male,54,Bhagalpur,Uttar Pradesh,2021-09-26
Harita Sahni,Female,37,Giridih,Manipur,2021-06-23
Yahvi Chhabra,Female,33,Kavali,Tripura,2022-01-08
Ekansh Bhalla,Female,38,Tadipatri,Karnataka,2022-09-23
Jhalak Kanda,Male,63,Jamnagar,Assam,2021-10-30
Anusha Karnik,Male,69,Shimoga,Bihar,2022-12-26
Ira Mutti,Male,35,Bhiwani,Uttar Pradesh,2026-04-10
Yadavi Sehgal,Male,57,Pudukkottai,Tripura,2021-07-31
Waida Gopal,Female,48,Udupi,Meghalaya,2021-08-10
Peter Agate,Male,48,Patna,Goa,2023-11-10
Chandresh Pall,Male,26,Dhule,Uttar Pradesh,2024-11-14
Amara Choudhary,Female,27,Bareilly,Bihar,2026-02-24
Lajita Choudhury,Male,42,Durgapur,West Bengal,2024-12-22
Mekhala Shankar,Male,67,Ahmedabad,Madhya Pradesh,2022-04-03
Vidhi Salvi,Male,27,Tiruppur,Karnataka,2023-07-09
Ijaya Doshi,Female,60,Sambalpur,Odisha,2021-11-04
Abhiram Mani,Female,48,Navi Mumbai,Arunachal Pradesh,2025-06-22
Daniel Venkatesh,Male,63,Muzaffarpur,Andhra Pradesh,2022-12-28
Umang Gade,Male,53,Ludhiana,Punjab,2022-09-08
Advaith Ahuja,Female,57,Cuttack,Maharashtra,2024-08-19
Ekaja Bora,Male,36,Madanapalle,Uttar Pradesh,2023-04-27
Ranbir Subramanian,Male,36,Bikaner,Bihar,2024-12-29
Yamini Dalal,Female,40,Kulti,Haryana,2024-08-01
Udant Soman,Female,31,Ulhasnagar,Uttar Pradesh,2022-07-02
George Dar,Male,47,Pallavaram,Telangana,2021-12-22
Hema Patla,Female,36,Tiruvottiyur,Meghalaya,2026-02-03
Neel Banik,Male,35,Anantapur,Arunachal Pradesh,2024-02-23
Abhiram Ray,Female,51,Sikar,Uttarakhand,2022-01-03
Sai Thakur,Female,38,Bhagalpur,Uttar Pradesh,2024-06-08
Dev Bhasin,Female,18,Satara,Assam,2025-07-19
Fitan Swamy,Male,54,Dindigul,Manipur,2021-09-08
Darika Natt,Female,28,Sagar,Meghalaya,2025-10-12
Ekantika Thaman,Male,45,Nadiad,Uttarakhand,2024-03-14
Pushti Sandhu,Male,51,Rourkela,Assam,2025-10-19
Widisha Wadhwa,Male,70,Nadiad,Chhattisgarh,2026-06-04
Barkha Bala,Female,48,Khandwa,Odisha,2022-10-28
Daksha Grewal,Female,39,Secunderabad,Haryana,2026-02-24
Warhi Ravi,Male,32,Bhimavaram,Nagaland,2022-05-23
Yahvi Hayre,Female,67,Raebareli,Uttarakhand,2026-06-12
Henry Bhandari,Female,45,Vadodara,West Bengal,2022-11-07
Upasna Gulati,Male,70,Kochi,Mizoram,2022-11-22
Anjali Kaur,Male,27,Anand,Assam,2023-03-27
Januja Amble,Male,43,Pallavaram,Karnataka,2025-06-28
Tanvi Shroff,Female,18,Sasaram,Mizoram,2024-04-12
Aadhya Korpal,Male,54,Bijapur,Uttarakhand,2024-12-21
Wriddhish Patla,Female,63,Gudivada,Nagaland,2025-04-24
Falan Boase,Female,45,Mumbai,Assam,2023-01-14
Patrick Rau,Female,24,Gangtok,Manipur,2026-02-16
Niharika Kapoor,Female,64,Bareilly,Odisha,2024-08-07
Janya Som,Female,23,Amaravati,Sikkim,2022-05-01
Michael Setty,Male,57,Bikaner,Nagaland,2026-01-10
Raagini Kanda,Female,50,Rourkela,Rajasthan,2022-12-19
Urvashi Karpe,Female,38,Dhule,Bihar,2025-07-19
Amrita Anne,Female,42,Bahraich,Himachal Pradesh,2022-02-04
Hiral Prasad,Male,57,Baranagar,Rajasthan,2024-02-11
Christopher Comar,Male,69,Bahraich,Telangana,2025-08-07
Dayamai Walia,Male,70,Chapra,Andhra Pradesh,2023-11-21
Victor Hans,Female,26,Bhiwandi,Kerala,2022-12-21
Hritik Sinha,Female,47,Gandhinagar,Punjab,2026-05-10
Hitesh Gade,Female,60,Ujjain,Manipur,2024-02-08
Darika Goyal,Female,60,Khandwa,Nagaland,2023-05-26
Laban Sodhi,Female,20,Ballia,Andhra Pradesh,2023-02-05
Daksha Mital,Male,60,Ranchi,Chhattisgarh,2026-01-23
Lekha Sahni,Female,63,Bally,Telangana,2021-11-28
Praneel Shanker,Female,42,Davanagere,Manipur,2023-08-06
Vanya Savant,Male,49,Hospet,Maharashtra,2024-08-17
Netra Ganguly,Female,30,Gudivada,Tamil Nadu,2024-11-18
Timothy Bali,Female,37,Mysore,Goa,2026-06-12
Girik Modi,Male,30,Ulhasnagar,Manipur,2023-01-21
Ryan Singhal,Male,28,Kadapa,Bihar,2022-11-11
Champak Balan,Male,48,Rajahmundry,Punjab,2022-03-21
Urvi Banerjee,Male,23,Ahmednagar,Bihar,2024-12-05
Kai Sehgal,Female,43,Bhusawal,Punjab,2023-05-24
Jagrati Krishnan,Female,45,Motihari,Assam,2023-03-10
Logan Baria,Male,29,Solapur,Maharashtra,2024-10-09
Fiyaz Raju,Female,28,New Delhi,Uttarakhand,2022-07-04
Bhavini Kakar,Female,21,Nellore,Uttarakhand,2021-08-26
Zashil Saxena,Female,68,Naihati,Mizoram,2021-12-25
Anya Varkey,Male,38,Kolhapur,Maharashtra,2022-02-13
Vedhika Sha,Male,37,Eluru,Nagaland,2022-12-28
Madhavi Karpe,Female,20,Pune,Assam,2023-11-17
Simon Sarkar,Female,36,Bongaigaon,Mizoram,2021-08-06
Alexander Bahl,Male,56,Begusarai,Maharashtra,2023-07-29
Naksh Natt,Male,67,Mirzapur,West Bengal,2023-11-20
Kavya Gaba,Male,42,Ramagundam,Punjab,2025-10-08
Yuvraj Dass,Male,47,Ambarnath,West Bengal,2022-04-18
Eta Halder,Male,31,Secunderabad,Andhra Pradesh,2024-06-16
Quincy Chada,Male,23,Ramagundam,Himachal Pradesh,2022-07-10
Pranit Kapur,Male,58,Aligarh,Chhattisgarh,2023-10-14
Qadim Chowdhury,Male,66,Loni,Chhattisgarh,2022-09-02
Ranveer Ramachandran,Female,35,Nagercoil,Jharkhand,2024-05-05
Vasatika Mane,Male,40,Avadi,Meghalaya,2023-05-10
Anika Vig,Male,32,Srikakulam,Tamil Nadu,2023-01-20
Vedant Butala,Female,66,Bokaro,Kerala,2025-12-09
Devansh Saxena,Female,32,Warangal,Telangana,2023-09-09
Gautami Soni,Female,34,Gandhinagar,Telangana,2023-10-24
Charles Cherian,Male,56,Purnia,Jharkhand,2023-05-10
Laban Menon,Male,53,Miryalaguda,Manipur,2024-05-17
Ishwar Morar,Female,61,Bhavnagar,Uttar Pradesh,2022-02-17
Varenya Cherian,Female,62,Pallavaram,Goa,2026-04-09
Anmol Chowdhury,Male,64,Davanagere,Jharkhand,2025-01-23
Veda Dube,Female,28,Ujjain,Meghalaya,2026-03-13
Amara Bala,Male,40,Karnal,Odisha,2021-09-25
Zaid Date,Male,32,Ratlam,Tripura,2025-12-15
Naksh Kar,Female,20,Sultan Pur Majra,Rajasthan,2024-08-28
Simon Morar,Female,21,Indore,Kerala,2022-11-15
Samarth Behl,Female,50,Chittoor,Telangana,2023-06-19
Faras Kara,Female,65,Ambarnath,Telangana,2025-03-09
Falan Amble,Male,45,Bhatpara,Jharkhand,2024-12-02
David Soman,Male,27,Ambarnath,Chhattisgarh,2021-11-21
Chandresh Rajan,Female,61,Gangtok,Kerala,2022-03-15
Omisha Nanda,Female,29,Bellary,Chhattisgarh,2024-09-07
Vritti Wadhwa,Male,54,Karaikudi,Uttarakhand,2023-12-04
Dhruv Khosla,Male,45,Indore,Uttar Pradesh,2024-10-11
Vedant Butala,Male,25,Chapra,Karnataka,2025-09-02
Praneel D’Alia,Female,42,Mango,Uttar Pradesh,2021-10-21
Bahadurjit Krishnan,Female,66,Ichalkaranji,Assam,2022-08-30
Orinder Patla,Female,52,Narasaraopet,Nagaland,2021-10-28
Vritti Bhatia,Female,39,Serampore,Punjab,2022-12-28
Oeshi Sachdev,Male,30,Bhagalpur,Meghalaya,2022-12-13
Darsh Sengupta,Male,21,Jodhpur,Karnataka,2021-09-28
Nakul Pandit,Female,62,Jodhpur,West Bengal,2022-06-29
Kai Bumb,Male,50,Bijapur,Assam,2022-07-02
Abhiram Deshmukh,Male,59,Pallavaram,Punjab,2022-04-25
Leena Chandran,Female,18,Kavali,Rajasthan,2023-07-11
Mitesh Vaidya,Female,67,Patna,Uttar Pradesh,2024-02-20
Kalpit Konda,Male,57,Thanjavur,Karnataka,2024-04-16
Wishi Sharma,Male,54,Pallavaram,Tripura,2025-12-06
Aayush Pandey,Female,35,Tirupati,West Bengal,2022-12-03
Nandini Garg,Male,33,Nagercoil,Odisha,2025-09-06
Sachi Bath,Female,18,Bellary,Haryana,2024-08-19
Nitara Kara,Female,21,Nandyal,Gujarat,2024-11-10
Rohan Chawla,Female,38,Munger,Nagaland,2026-04-22
Falak Ghose,Female,44,Morbi,Uttarakhand,2025-10-07
Vedhika Kara,Male,62,Allahabad,Nagaland,2026-05-09
Warhi Chahal,Male,69,Kozhikode,Telangana,2025-10-06
Upkaar Dasgupta,Female,64,Moradabad,Andhra Pradesh,2021-06-29
Naveen Ramachandran,Female,35,Bhiwani,Telangana,2023-05-21
Laban Goswami,Female,26,Ranchi,Karnataka,2025-06-03
Elijah Atwal,Female,33,Tiruchirappalli,Tamil Nadu,2026-04-11
Jacob Kaur,Female,22,Gaya,Uttar Pradesh,2025-10-17
Hamsini Merchant,Male,32,Etawah,Maharashtra,2024-07-17
Bahadurjit Datta,Female,24,Coimbatore,Andhra Pradesh,2026-06-11
Gunbir Dhingra,Female,57,Bilaspur,Kerala,2023-11-21
Dominic Nadkarni,Male,50,Mira-Bhayandar,Tripura,2024-03-08
Maya Chanda,Female,30,Srinagar,Haryana,2025-10-22
Eshana Raja,Female,65,Kochi,Arunachal Pradesh,2026-03-13
Tarak Thaker,Female,48,Farrukhabad,Punjab,2024-07-30
Tarak Merchant,Female,26,Gandhinagar,Tripura,2021-11-29
Upadhriti Morar,Male,23,Satna,Arunachal Pradesh,2024-04-20
Udant Kumar,Male,58,Firozabad,Manipur,2022-05-31
Gayathri Sridhar,Male,40,Surendranagar Dudhrej,Odisha,2021-10-30
Lakshit Wali,Male,41,Unnao,Arunachal Pradesh,2023-01-03
Bimala Suri,Female,54,New Delhi,Odisha,2023-04-08
Pallavi D’Alia,Female,59,Singrauli,Tripura,2024-09-26
Jyoti Parikh,Male,55,Kirari Suleman Nagar,Goa,2022-02-14
Saumya Prabhakar,Male,61,Durg,Maharashtra,2024-01-09
Megha Khatri,Male,26,Kalyan-Dombivli,Telangana,2022-08-14
Udyati Mander,Female,66,Raichur,West Bengal,2022-09-03
Ekanta Bahri,Male,27,Karaikudi,Punjab,2025-06-09
Omkaar Dixit,Female,66,Gurgaon,Manipur,2022-08-23
Benjamin Chopra,Male,22,Panihati,Arunachal Pradesh,2021-08-20
Ekaraj D’Alia,Male,25,Tenali,Nagaland,2026-06-15
Arin Lad,Female,39,Agartala,West Bengal,2026-04-11
Ekansh Arya,Male,37,Farrukhabad,Maharashtra,2025-12-15
Yashoda Mandal,Male,63,Berhampur,Mizoram,2025-04-15
Lavanya Zacharia,Male,58,Bettiah,Rajasthan,2023-06-14
Amaira Behl,Male,59,Nangloi Jat,Manipur,2025-09-28
Samarth Kumar,Female,66,Erode,Manipur,2022-03-06
Madhavi Sabharwal,Female,43,Vijayawada,Punjab,2022-05-10
Madhavi Lad,Male,40,Bihar Sharif,Jharkhand,2022-03-23
Yashawini Khosla,Female,22,Moradabad,Maharashtra,2023-04-25
Tripti Bajaj,Female,69,Bhubaneswar,Himachal Pradesh,2022-09-21
Tejas Prabhu,Male,65,Hajipur,Uttar Pradesh,2022-11-19
Onkar Dey,Male,69,Bareilly,Tripura,2025-04-13
Zashil Kata,Male,33,Kakinada,Tamil Nadu,2024-02-07
Anthony Kothari,Male,66,Tiruppur,Sikkim,2024-12-14
Rachana Raj,Male,27,Maheshtala,Madhya Pradesh,2023-02-24
Parth Agarwal,Male,49,Moradabad,Sikkim,2022-04-27
Mitali Baria,Female,27,Gandhinagar,Rajasthan,2025-11-08
Sai Nanda,Female,38,Silchar,Manipur,2025-09-22
Ubika Pandey,Male,59,Malda,Uttar Pradesh,2025-03-21
Yamini Patla,Female,25,Mysore,Sikkim,2022-10-02
Balendra Jha,Female,21,Ambala,Odisha,2022-10-17
Triya Chandran,Male,36,Mumbai,Kerala,2025-09-18
Qarin Nayak,Male,55,Jaunpur,Meghalaya,2023-11-28
Triya Kala,Female,42,Eluru,Nagaland,2025-01-09
William Hegde,Male,28,Bongaigaon,Sikkim,2025-01-19
George Prabhakar,Male,52,Secunderabad,Uttarakhand,2024-11-15
Vincent Walla,Female,20,Madurai,Goa,2025-03-18
Faras Kant,Female,66,Sagar,Meghalaya,2023-01-15
Devansh Oak,Male,22,Ramagundam,Assam,2024-05-02
Pallavi Ben,Male,64,Patna,Uttar Pradesh,2022-11-11
Rushil Chahal,Male,69,Jehanabad,West Bengal,2025-02-13
Avi Gill,Female,55,Ajmer,Punjab,2024-05-06
Gaurav Wable,Male,30,Bally,Manipur,2022-10-02
Hardik Din,Male,28,Bhind,Chhattisgarh,2025-11-03
Unnati Prabhakar,Male,43,Panchkula,Jharkhand,2025-05-09
Inaya Bhatt,Female,36,Bellary,Meghalaya,2024-11-29
Jeet Butala,Male,38,Ballia,Haryana,2023-02-15
Aashi Tata,Female,50,Gandhinagar,Manipur,2022-05-01
Harini Boase,Female,54,Alwar,Sikkim,2021-07-21
Jagrati Pau,Female,34,Hindupur,Tripura,2021-09-14
Yagnesh Raman,Male,34,Kadapa,Andhra Pradesh,2023-01-23
Ekalinga Gupta,Male,58,Karawal Nagar,West Bengal,2023-08-08
Nicholas Deep,Female,27,Siwan,Kerala,2024-02-04
Vihaan Edwin,Male,39,Sultan Pur Majra,Mizoram,2024-08-24
Omya Behl,Female,66,Secunderabad,Arunachal Pradesh,2022-01-25
Yachana Aggarwal,Male,47,Bhagalpur,Tripura,2026-04-08
Noah Sharma,Female,66,Shivpuri,Himachal Pradesh,2022-11-07
Saksham Sankaran,Female,36,Gaya,Arunachal Pradesh,2025-08-29
Ubika Barad,Male,63,Sonipat,Odisha,2024-12-11
Vansha Thakur,Female,24,Nandyal,Jharkhand,2022-03-26
Vasana Dixit,Male,24,Barasat,Uttarakhand,2025-06-14
Chandani Pall,Female,66,Dhule,Goa,2026-05-11
Nirja Prashad,Male,21,Bardhaman,Tripura,2022-07-29
Janaki Nadkarni,Male,32,Bhusawal,Kerala,2023-12-01
Vivaan Bose,Female,53,Chandigarh,Andhra Pradesh,2021-12-13
David Sheth,Female,70,Sri Ganganagar,Kerala,2024-10-06
Daksha Barman,Male,27,Ramgarh,Telangana,2024-04-04
Karan Murty,Male,59,Noida,Assam,2026-02-04
Inaya Sahni,Male,27,Udupi,Assam,2022-06-18
Sarthak Kapadia,Female,31,Kurnool,Karnataka,2022-11-03
Gaurav Amble,Female,62,Davanagere,West Bengal,2023-12-05
Kashish Kala,Male,34,Tirupati,Chhattisgarh,2022-07-23
Darpan Sood,Male,61,Darbhanga,Jharkhand,2025-01-03
Chatresh Chatterjee,Male,49,Shahjahanpur,Mizoram,2024-06-16
Gagan Sarkar,Female,33,Dharmavaram,Madhya Pradesh,2022-04-29
Idika Kadakia,Male,53,Kurnool,Andhra Pradesh,2026-06-12
Keya Chakrabarti,Male,43,Dibrugarh,West Bengal,2024-04-12
Sathvik Sura,Female,56,Gandhinagar,Telangana,2024-05-05
Naveen Nagar,Female,54,Kalyan-Dombivli,Himachal Pradesh,2022-11-16
Chanakya Acharya,Male,29,Kishanganj,Uttar Pradesh,2024-07-25
Pratyush Sood,Female,45,Silchar,Telangana,2023-10-08
Anamika Kibe,Female,21,Bokaro,Assam,2025-08-11
Tanmayi Nanda,Male,18,Jamshedpur,Kerala,2022-05-19
Vinaya Nagi,Female,68,Ulhasnagar,Jharkhand,2024-07-31
Veer Srivastava,Male,61,Ramgarh,Meghalaya,2025-06-21
Victor Parsa,Female,21,Jabalpur,West Bengal,2022-09-14
Vrinda Tripathi,Female,56,Panchkula,Mizoram,2025-10-17
Balhaar Raj,Male,62,Hyderabad,Rajasthan,2022-02-26
Saumya Bandi,Female,28,Eluru,Karnataka,2021-11-02
Rishi Memon,Female,42,Bongaigaon,West Bengal,2024-05-12
Theodore Mittal,Female,21,Ranchi,Rajasthan,2023-09-13
Watika Rai,Female,26,Bhubaneswar,Assam,2024-05-20
Advika Banik,Male,26,Belgaum,Odisha,2025-07-23
Xalak Sankar,Female,21,Bhopal,Andhra Pradesh,2025-02-02
Vrinda Kamdar,Female,34,Chennai,Meghalaya,2024-12-02
Ronith Kalla,Female,48,Gandhidham,Bihar,2025-05-28
Aarini Nagar,Male,46,Etawah,Chhattisgarh,2025-09-05
Meghana Chokshi,Male,54,Dindigul,Himachal Pradesh,2022-02-07
Omaja Bahri,Male,66,Jammu,Tripura,2026-04-23
Arunima Hans,Female,68,Raurkela Industrial Township,Mizoram,2025-09-18
Tara Dixit,Female,34,Karimnagar,Gujarat,2021-10-20
Omaja Raju,Male,46,Rampur,Nagaland,2022-06-29
Pranit Prabhakar,Male,20,Sirsa,Jharkhand,2026-03-13
Kabir Menon,Male,53,Vasai-Virar,Telangana,2026-05-16
Amaira Gopal,Male,22,Secunderabad,Gujarat,2022-03-08
Isaac Batta,Male,60,Kakinada,Uttarakhand,2024-11-13
Lohit Patel,Female,69,Hosur,Jharkhand,2025-05-27
Maanav Krishna,Male,30,Faridabad,West Bengal,2021-11-11
Hiral Sastry,Male,45,Kottayam,Kerala,2024-05-29
Indali Mahal,Female,43,Giridih,Bihar,2022-10-04
Radhika Bhandari,Female,32,Raichur,Rajasthan,2024-03-17
Nilima Kari,Female,61,Raebareli,Nagaland,2023-02-28
Madhavi Sandal,Male,34,Sambhal,Goa,2025-06-16
Priya Sem,Female,47,Kirari Suleman Nagar,Andhra Pradesh,2023-04-24
Sathvik Buch,Male,61,Bidhannagar,Haryana,2025-12-24
Jatin Badal,Male,32,Tiruchirappalli,Punjab,2022-04-29
Zansi Banerjee,Female,53,Jalandhar,Assam,2023-05-21
Ganga Sundaram,Male,32,Guwahati,Goa,2024-01-28
Naveen Sankar,Female,42,Deoghar,Chhattisgarh,2025-08-11
Darika Bawa,Male,28,Imphal,Manipur,2022-05-31
Lipika Khosla,Male,40,Nandyal,Tamil Nadu,2024-09-20
Aryan Rege,Female,20,Morbi,Andhra Pradesh,2024-06-06
Maanas Srinivasan,Male,53,Kochi,Uttar Pradesh,2025-03-25
Kai Chaudhry,Female,45,Bathinda,Meghalaya,2023-01-11
Yatin Chowdhury,Female,55,Aurangabad,Mizoram,2022-01-30
Christopher Patla,Female,67,Karimnagar,Odisha,2022-07-21
Samarth Bhatnagar,Male,58,Hosur,Uttar Pradesh,2024-09-23
Lavanya Yogi,Female,27,Korba,Arunachal Pradesh,2021-08-22
Baghyawati Hegde,Male,53,Mirzapur,Uttar Pradesh,2025-01-12
Aishani Kashyap,Female,70,Khora ,Manipur,2021-10-23
Jhalak Virk,Female,43,Firozabad,Rajasthan,2021-12-14
Jyoti Grover,Male,32,Rourkela,Chhattisgarh,2023-06-30
Isaac Nori,Female,31,Pali,Himachal Pradesh,2026-05-15
Damini Korpal,Male,41,Davanagere,Jharkhand,2024-03-24
Nimrat Lala,Male,49,Gaya,Odisha,2025-12-13
Fitan Jain,Male,62,Kamarhati,Himachal Pradesh,2021-09-11
Dalbir Handa,Female,27,Hazaribagh,Odisha,2022-10-08
Vansha Wadhwa,Male,48,Kalyan-Dombivli,West Bengal,2023-11-26
Gaurika Badal,Male,54,South Dumdum,Goa,2024-01-26
Gaurika Choudhary,Female,45,Kanpur,Nagaland,2024-01-17
Yauvani Nanda,Female,24,Gorakhpur,Uttarakhand,2025-04-25
Ryan Saxena,Female,69,Machilipatnam,Arunachal Pradesh,2024-10-22
Qabil Dhar,Female,64,Ramagundam,Tamil Nadu,2021-09-15
Yutika Balasubramanian,Male,63,Kottayam,Gujarat,2022-09-25
Wyatt Rama,Male,24,Pallavaram,Maharashtra,2025-05-24
Tara Khurana,Male,54,Malegaon,Chhattisgarh,2025-01-17
Vedika Atwal,Male,44,Udupi,Chhattisgarh,2025-11-09
Hredhaan Kapadia,Female,32,Agartala,West Bengal,2025-12-16
Keya Purohit,Female,61,Raipur,Karnataka,2021-08-23
Yahvi Rajagopal,Male,70,Danapur,Bihar,2022-04-21
Pranav Bhat,Female,34,Tiruppur,Gujarat,2023-08-09
Indali Desai,Female,43,Buxar,Haryana,2025-11-13
Krishna Pathak,Female,24,Varanasi,Nagaland,2022-06-24
Chameli Chandran,Female,42,Anand,Jharkhand,2021-07-22
Ishani Ravi,Female,60,Tumkur,Bihar,2023-06-08
Meghana Balakrishnan,Female,34,Bokaro,Uttarakhand,2025-08-06
Jonathan Purohit,Female,19,Bellary,Rajasthan,2023-03-05
Samarth Minhas,Female,55,Ramgarh,Assam,2022-07-17
Henry Panchal,Female,19,Adoni,Nagaland,2021-07-26
Kamya Rattan,Female,31,Surat,Maharashtra,2025-05-03
Zansi Ganesan,Female,20,Jehanabad,Gujarat,2022-12-29
Abhimanyu Dube,Female,50,Machilipatnam,Karnataka,2026-04-15
Raghav Bhagat,Male,69,Ahmednagar,Mizoram,2026-03-06
Ekani Prabhakar,Female,54,Sultan Pur Majra,Punjab,2025-04-05
Upkaar Shetty,Male,54,Etawah,Manipur,2023-12-30
Lakshmi Mannan,Female,22,Rourkela,Chhattisgarh,2023-06-01
Barkha Badal,Female,33,Tirunelveli,Manipur,2024-01-20
Eshana Sarkar,Female,70,Muzaffarnagar,Andhra Pradesh,2025-09-18
Hitesh Lata,Female,46,Howrah,Tamil Nadu,2022-04-04
Kamala Ganesan,Female,21,Sultan Pur Majra,Assam,2022-11-01
Udyati Doctor,Female,30,Ichalkaranji,Gujarat,2022-05-21
Anya Sharaf,Female,38,Gopalpur,Goa,2025-03-19
Upma Boase,Female,25,Narasaraopet,Odisha,2023-04-07
Vedant Kumar,Male,70,Bidar,Uttar Pradesh,2024-06-04
Raghav Kala,Female,44,North Dumdum,Odisha,2024-08-25
Sai Majumdar,Male,59,Hyderabad,Manipur,2022-04-30
Harinakshi Patla,Male,63,Jodhpur,Arunachal Pradesh,2025-04-04
Eta Balakrishnan,Female,44,Siwan,Manipur,2026-01-21
Warjas Loke,Male,52,Ahmedabad,Mizoram,2026-02-03
Omaja Bakshi,Female,20,Jammu,Gujarat,2023-04-15
Owen Vohra,Female,50,Tiruchirappalli,Madhya Pradesh,2025-06-13
Balvan Chaudry,Male,60,Hubli–Dharwad,Meghalaya,2025-09-08
Udyati Borde,Female,21,Pallavaram,Mizoram,2022-02-02
Gautam Sandal,Female,25,Begusarai,Goa,2022-11-05
Henry Bansal,Male,24,Ratlam,Tripura,2025-08-19
Arya Saran,Male,70,Anand,Nagaland,2024-12-23
Yochana Kar,Female,20,Amritsar,Chhattisgarh,2022-10-16
Jairaj Vig,Male,38,Secunderabad,Bihar,2024-01-06
Sanaya Bhat,Female,61,Bathinda,Sikkim,2023-03-13
Aradhana Kara,Female,58,Aligarh,Karnataka,2025-03-10
Wahab Nagy,Female,34,Jalna,Goa,2026-03-03
Darpan Sule,Female,55,Bhalswa Jahangir Pur,Kerala,2025-11-09
Unnati Garde,Female,66,Ichalkaranji,Goa,2025-08-22
Janya Patel,Female,36,Kurnool,Karnataka,2022-05-04
Frado Bajwa,Male,66,Pondicherry,Assam,2021-11-19
Tanish Kakar,Female,70,Ghaziabad,Karnataka,2023-04-20
Devika Kant,Male,65,Navi Mumbai,Manipur,2024-06-10
Wazir Radhakrishnan,Male,53,Guna,Karnataka,2025-05-28
Rishi Ramachandran,Female,26,Ozhukarai,Himachal Pradesh,2025-08-22
Omisha Kapur,Male,47,Bhimavaram,Nagaland,2024-08-16
Ojasvi Lanka,Male,27,Arrah,Bihar,2024-11-16
Mitali Hegde,Female,56,Patiala,Jharkhand,2023-05-11
Ekalinga Randhawa,Male,32,Sagar,Rajasthan,2021-08-01
Aadhya Sehgal,Female,36,Indore,Chhattisgarh,2025-06-28
Chakradhar Gandhi,Female,35,Haridwar,Uttarakhand,2023-12-04
Ira Keer,Male,48,Rohtak,Jharkhand,2025-03-05
Jacob Verma,Male,25,Adoni,Uttar Pradesh,2024-07-19
Gunbir Rama,Male,61,Satara,Uttarakhand,2026-03-21
Arunima Sankaran,Female,29,Morbi,Maharashtra,2026-04-11
Saksham Babu,Female,22,Surendranagar Dudhrej,Jharkhand,2023-02-07
Zaitra Magar,Male,59,Bhind,Jharkhand,2023-09-06
Jagrati Sahni,Female,44,Ghaziabad,Mizoram,2024-09-28
Bakhshi Singhal,Female,50,Visakhapatnam,Tamil Nadu,2021-07-25
Pratyush Kara,Male,63,Unnao,Uttarakhand,2025-08-15
Chandran Ganguly,Male,36,Allahabad,Bihar,2025-12-09
Omisha Sehgal,Male,68,Udaipur,Rajasthan,2023-04-22
Tanveer Divan,Female,39,Saharsa,Andhra Pradesh,2024-04-08
Yatan Patla,Female,32,Bihar Sharif,Assam,2022-01-30
Varsha Shankar,Female,33,Pondicherry,Karnataka,2023-05-11
Gayathri Mohanty,Male,55,Bettiah,Tripura,2022-10-03
Banjeet Setty,Male,42,Mangalore,Uttarakhand,2025-07-02
Pavani Bansal,Female,28,Munger,Assam,2024-02-25
Siya Narasimhan,Male,32,Ahmednagar,Sikkim,2021-07-15
Nirja Iyer,Female,70,Pali,Himachal Pradesh,2022-11-24
Bhanumati Bumb,Female,66,Ghaziabad,Punjab,2023-09-07
Isaac Das,Female,30,Khammam,Punjab,2023-09-03
Raghav Banik,Female,58,Ajmer,Mizoram,2026-03-04
Sneha Pandit,Male,26,Loni,Assam,2025-03-01
Gautami Dhar,Female,57,Korba,Bihar,2024-06-27
Aditya Yadav,Male,22,Proddatur,Jharkhand,2025-07-18
Rayaan Venkataraman,Male,54,Morena,Andhra Pradesh,2025-10-06
Nitara Parsa,Male,22,Bhimavaram,Punjab,2024-01-26
Tanmayi Prashad,Male,29,Thiruvananthapuram,Andhra Pradesh,2022-02-28
Omya Banik,Female,38,Akola,Punjab,2023-06-12
Zehaan Prasad,Male,50,Bidhannagar,Karnataka,2022-09-24
Ayushman Raman,Male,39,Shahjahanpur,Tripura,2022-03-02
Qasim Ramachandran,Female,26,Berhampore,Assam,2023-03-25
Harish Bassi,Female,29,Vijayanagaram,Assam,2024-07-02
Meghana Pant,Female,36,Jalna,Nagaland,2024-10-02
Garima Dhawan,Female,23,Gandhinagar,Tamil Nadu,2025-07-29
Damyanti Wable,Female,52,Jamnagar,Arunachal Pradesh,2021-07-16
Faris Tella,Male,37,Madhyamgram,Tripura,2024-10-16
Leena Gola,Female,52,Kochi,Manipur,2023-07-06
Geetika Chaudhuri,Female,22,Ranchi,Uttar Pradesh,2024-05-28
Onveer Chada,Female,25,Hapur,Arunachal Pradesh,2024-04-24
Hiral Ray,Male,50,Korba,Jharkhand,2021-10-16
Gaurang Narula,Male,27,Arrah,Jharkhand,2021-10-13
Fariq Dixit,Male,51,Durg,Manipur,2022-09-19
Nilima Gara,Male,65,Motihari,Meghalaya,2025-01-18
Garima Shetty,Male,50,Malegaon,Himachal Pradesh,2025-02-06
Hemal Mutti,Male,55,Siwan,Manipur,2022-06-24
Irya Baral,Female,45,Tiruvottiyur,Himachal Pradesh,2021-12-03
Ekantika Dani,Male,53,Agra,Assam,2023-10-24
Warhi Ram,Female,30,Bhilwara,Andhra Pradesh,2024-06-05
Januja Suri,Male,57,Rourkela,Odisha,2023-09-15
Ekta Misra,Female,51,Fatehpur,Andhra Pradesh,2021-07-16
Manya Halder,Female,22,Rajahmundry,Tripura,2023-09-13
Saanvi Munshi,Male,31,Berhampur,Madhya Pradesh,2023-01-13
Lavanya Varughese,Female,62,Jhansi,Maharashtra,2022-04-29
Rishi Arora,Male,30,Bhimavaram,Karnataka,2024-10-16
Balendra Mannan,Male,52,Kadapa,Mizoram,2022-02-04
Yatan Morar,Male,57,Guna,Punjab,2024-06-13
Jason Murty,Female,41,Arrah,Gujarat,2023-01-08
Varenya Misra,Male,37,Kottayam,Bihar,2021-07-27
Adweta Anand,Female,47,Raiganj,Bihar,2021-07-13
Krishna Chaudhuri,Female,65,Panchkula,Andhra Pradesh,2023-05-14
Yutika Raju,Male,56,Jamnagar,Telangana,2023-11-28
Balvan Anne,Female,28,Bhusawal,Tamil Nadu,2025-02-01
Urvashi Khatri,Female,31,Medininagar,Telangana,2023-04-22
Pratyush Hegde,Male,70,Jhansi,Manipur,2022-12-22
Arya Banik,Female,70,Tadipatri,Tripura,2024-03-07
Sudiksha Borah,Male,28,Satara,Odisha,2025-10-23
Gaurika Ram,Male,51,Loni,Karnataka,2023-06-08
Daksha Nath,Male,63,Bokaro,Manipur,2024-02-22
Alka Kari,Female,50,Vijayanagaram,Bihar,2022-03-24
Oeshi Mahajan,Female,38,Jamnagar,Haryana,2025-08-28
Darsh Ratta,Female,68,Salem,Karnataka,2022-07-29
Triveni Ghose,Female,63,Tiruvottiyur,Kerala,2024-04-06
Maanav Sengupta,Female,30,Raipur,Manipur,2026-01-06
Devansh Batra,Male,26,Thoothukudi,Punjab,2023-09-05
Harini Ghosh,Male,49,Silchar,Rajasthan,2021-10-15
Indali Tara,Male,19,Mirzapur,Gujarat,2021-08-02
Nitara Yadav,Male,67,Rajahmundry,Haryana,2024-12-28
Hamsini Khosla,Male,39,Phusro,Sikkim,2023-07-04
Yasti Subramaniam,Female,40,Raurkela Industrial Township,Uttarakhand,2022-02-07
Qadim Gade,Male,37,Maheshtala,Meghalaya,2021-09-30
Ubika Boase,Female,59,Katni,Jharkhand,2024-12-26
Jeremiah Trivedi,Female,42,Mira-Bhayandar,Kerala,2025-10-28
Pushti Krishnan,Female,56,Ahmedabad,Mizoram,2022-02-10
Gaurangi Agate,Male,52,Nandyal,Karnataka,2025-05-12
Dhriti Sundaram,Female,25,Mirzapur,Meghalaya,2022-10-09
Thomas Thakur,Male,65,Nellore,Telangana,2022-10-17
Orinder Oommen,Female,47,Burhanpur,Uttarakhand,2025-05-11
Logan Chatterjee,Female,34,Mathura,Maharashtra,2025-11-18
Dalbir Sule,Female,27,Raebareli,Sikkim,2025-04-21
Omkaar Virk,Female,38,Vijayanagaram,Karnataka,2022-01-04
Geetika Deshpande,Female,63,Sonipat,Gujarat,2024-12-12
Gaurika Baria,Male,40,Mango,Bihar,2025-12-02
Charita Joshi,Male,66,Dhule,Himachal Pradesh,2023-10-04
Indira Krish,Female,41,Jalna,Manipur,2024-03-16
Geetika Sunder,Male,57,Jalandhar,Rajasthan,2026-04-12
Ronith Loke,Female,32,Asansol,Bihar,2022-01-15
Falguni Das,Female,70,Bhilai,West Bengal,2022-04-16
Oscar Chahal,Male,61,Ratlam,Maharashtra,2024-02-14
Chandresh Korpal,Male,19,Sultan Pur Majra,Manipur,2023-09-13
William Thakur,Male,21,Tinsukia,Mizoram,2022-02-24
Falguni Talwar,Female,59,Pudukkottai,Punjab,2026-05-02
Dalaja Ganesan,Male,62,Rohtak,Assam,2024-05-31
Frado Loyal,Female,61,Bilaspur,Bihar,2024-12-26
Bina Banik,Male,60,Rampur,Maharashtra,2024-12-31
Nathan Jha,Female,35,Agartala,Goa,2023-11-18
Sanaya Tata,Male,20,Allahabad,West Bengal,2025-03-10
Atharv Gour,Male,56,Jalgaon,Punjab,2026-01-01
Nitesh Pai,Female,34,Sikar,Himachal Pradesh,2022-06-17
Indali Sankaran,Male,36,Avadi,Maharashtra,2024-09-18
Aditya Magar,Male,50,Davanagere,Maharashtra,2025-10-31
Daniel Mody,Male,27,Proddatur,Jharkhand,2022-12-18
Kamya Rastogi,Female,42,Ramagundam,Madhya Pradesh,2022-12-03
Omaja Varkey,Male,50,Tezpur,Mizoram,2023-12-13
Lohit Chaudry,Female,59,Bettiah,Jharkhand,2022-10-07
Aarini Chopra,Female,64,Amaravati,Uttarakhand,2022-02-05
Vamakshi Mistry,Male,42,Ulhasnagar,Gujarat,2024-08-24
Bhavini Kannan,Female,24,Hospet,Karnataka,2021-11-02
Kalpit Tiwari,Male,38,Mira-Bhayandar,Jharkhand,2024-05-13
Farhan Bawa,Male,50,Bidhannagar,Tripura,2026-05-13
Amrita Datta,Male,30,Medininagar,Karnataka,2022-10-18
Urishilla Bhakta,Male,37,Srikakulam,Bihar,2025-05-08
Champak Naidu,Female,68,Junagadh,Arunachal Pradesh,2022-11-17
Aadhya Barad,Female,61,Yamunanagar,Odisha,2025-05-16
Ekapad Batta,Female,61,Gulbarga,Himachal Pradesh,2025-02-20
Janya Ahuja,Male,51,Khandwa,Manipur,2025-11-29
Geetika Viswanathan,Male,37,Erode,Nagaland,2023-12-15
Aarna Sekhon,Male,50,Madurai,Rajasthan,2024-02-20
Daksha Karpe,Male,35,Tinsukia,Uttar Pradesh,2022-10-02
Wishi Nori,Female,45,Nangloi Jat,Bihar,2024-06-07
Balendra Walia,Male,48,Moradabad,Andhra Pradesh,2023-06-25
Dev Sura,Male,34,Bidhannagar,Madhya Pradesh,2025-07-04
Manan Tank,Male,43,Shahjahanpur,Haryana,2023-06-09
Dominic Bhagat,Male,24,Haridwar,Telangana,2025-09-07
Vamakshi Srinivasan,Female,33,Tiruvottiyur,Manipur,2025-08-21
Janya Kamdar,Female,43,Bettiah,Bihar,2023-11-06
Atharv Lad,Male,64,Uluberia,Haryana,2025-02-07
Bina Narayan,Male,37,Mau,Kerala,2026-04-30
Ranveer Magar,Male,61,Sagar,Tamil Nadu,2023-08-16
Patrick Pillai,Female,58,Chandigarh,Rajasthan,2025-08-05
Ikbal Hegde,Female,70,Kumbakonam,Tamil Nadu,2024-03-31
Azaan Nayak,Male,32,Guntakal,Bihar,2023-07-19
Nisha Patla,Male,41,Tumkur,Haryana,2021-08-22
Ekaja Sethi,Male,62,Bidar,Meghalaya,2026-04-02
Vansha Din,Male,50,Nangloi Jat,Chhattisgarh,2024-07-13
Falak Walia,Female,28,Parbhani,Sikkim,2023-07-17
Hitesh Ratta,Female,39,Sambalpur,Madhya Pradesh,2024-01-06
Ekbal Nazareth,Female,38,Panvel,Rajasthan,2024-03-04
Aarush Dora,Female,35,Alwar,Kerala,2024-05-17
Jalsa Dhillon,Male,49,Rajahmundry,Karnataka,2024-09-09
Peter Dasgupta,Female,65,Junagadh,Rajasthan,2023-07-31
Gaurangi Keer,Male,20,Shimoga,Tripura,2024-02-25
Samarth Wadhwa,Male,27,Rajkot,Tamil Nadu,2026-02-22
Akshay Tiwari,Female,35,Bilaspur,Odisha,2023-12-17
Rajeshri Narayanan,Male,35,Silchar,Nagaland,2023-11-03
Vedika Shetty,Male,18,Ulhasnagar,Arunachal Pradesh,2025-10-10
Charles Thaman,Male,69,Udaipur,Odisha,2023-02-23
Banjeet Kata,Female,59,Machilipatnam,Tamil Nadu,2026-04-28
Harsh Chada,Female,55,Vadodara,Nagaland,2023-08-27
Tripti Mand,Female,38,Mau,Rajasthan,2025-07-26
Gaurav Kurian,Female,24,Patiala,Jharkhand,2021-07-01
Turvi Chaudhry,Female,44,Gangtok,Manipur,2023-04-05
Mohini Chana,Male,65,Jamalpur,Tamil Nadu,2026-05-30
Kamala Dugar,Male,62,Sambalpur,Himachal Pradesh,2025-01-13
Keya Dewan,Female,53,Malda,West Bengal,2024-04-02
Saanvi Pant,Female,66,Katni,Haryana,2022-03-03
Zinal Jhaveri,Male,68,Bhagalpur,Manipur,2023-10-31
Dipta Sodhi,Female,42,Unnao,Meghalaya,2024-07-12
Caleb Chopra,Male,69,Bharatpur,Telangana,2025-07-04
Bimala Gole,Female,67,Bhagalpur,Andhra Pradesh,2023-11-25
Balendra Rana,Female,64,Eluru,Gujarat,2023-11-18
Gaurav Kapur,Male,40,Yamunanagar,Goa,2024-05-31
Aashi Mani,Female,44,Sagar,Jharkhand,2023-11-11
Abeer Reddy,Male,27,Muzaffarpur,Haryana,2024-03-04
Maanav Deol,Male,50,Sonipat,Andhra Pradesh,2021-08-05
Darpan Nadig,Female,40,Ajmer,Gujarat,2022-09-25
Zayan Jani,Male,55,Alappuzha,Karnataka,2024-05-11
Samuel Ratta,Female,53,Tiruppur,Bihar,2025-07-05
Harrison Rege,Male,19,Malegaon,Tamil Nadu,2023-11-18
Ganga Tata,Male,50,Allahabad,Tripura,2023-06-25
David Jhaveri,Female,18,Bongaigaon,West Bengal,2024-02-18
Arya Rao,Female,51,Kurnool,West Bengal,2024-01-15
Varenya Thaman,Female,31,Rajkot,Karnataka,2024-06-14
Oni Choudhary,Male,69,Latur,Kerala,2022-03-19
Jackson Agate,Female,33,Nangloi Jat,Nagaland,2023-11-05
Sara Deshpande,Male,18,Satara,Nagaland,2025-10-20
Alka Chander,Female,30,Firozabad,Assam,2025-05-12
Anusha Chakrabarti,Male,30,Raiganj,Sikkim,2024-06-04
Anjali Kalita,Female,56,Bhilwara,Himachal Pradesh,2021-10-13
Januja Sane,Male,57,Anantapuram,Goa,2024-10-15
Aarini Basak,Female,24,Patna,Manipur,2023-05-18
Lopa Nigam,Female,67,Thrissur,Uttarakhand,2023-05-12
Adya Srinivasan,Female,36,Hazaribagh,Arunachal Pradesh,2024-07-21
Gautami Patel,Female,20,Ulhasnagar,Andhra Pradesh,2026-06-12
Inaya Roy,Male,18,Hospet,West Bengal,2022-09-19
Sanya Subramaniam,Female,62,Ambala,Mizoram,2024-07-19
Triveni Bakshi,Female,47,New Delhi,Bihar,2022-05-23
Darpan Lad,Female,64,Ratlam,Tripura,2023-11-09
Abeer Rajagopal,Female,18,Saharanpur,Odisha,2022-09-27
Zayan Shukla,Male,48,Chennai,Gujarat,2023-08-23
Falan Viswanathan,Female,24,Silchar,Manipur,2023-10-27
Veer Bakshi,Male,30,Moradabad,Madhya Pradesh,2024-12-04
Chaitanya Loke,Female,42,Karawal Nagar,Tripura,2021-11-14
Noah Mangat,Female,32,Morena,West Bengal,2022-05-10
Thomas Mittal,Female,46,Bhimavaram,Meghalaya,2023-01-17
Vrishti Ramesh,Male,44,Sirsa,Maharashtra,2023-08-16
Urmi Bala,Female,40,Panvel,West Bengal,2025-01-27
Ekta Vohra,Male,55,Ambattur,Kerala,2021-07-20
Leena Karpe,Male,57,Sangli-Miraj & Kupwad,Jharkhand,2022-03-21
Patrick Deshmukh,Female,48,Kakinada,Tamil Nadu,2021-11-23
Lakshit Ahuja,Female,59,Rajkot,Meghalaya,2025-05-30
Chaitaly Devan,Female,19,Sasaram,West Bengal,2024-07-16
Saumya Bhargava,Female,63,Udaipur,Telangana,2022-10-28
Eshana Mistry,Female,25,Bidar,Bihar,2025-03-01
Janani Kamdar,Male,52,Sasaram,Jharkhand,2022-01-20
Yashawini Goswami,Male,39,Udupi,Andhra Pradesh,2022-11-03
Saanvi Dani,Female,29,Udupi,Bihar,2025-03-11
Jeremiah Sachar,Female,46,Burhanpur,Assam,2026-04-27
Bhavna Mander,Female,21,Amritsar,Nagaland,2024-05-21
Imaran Tank,Female,31,Amravati,Uttar Pradesh,2022-07-12
Krish Krishna,Female,22,Bardhaman,Gujarat,2024-08-07
Ekantika Kalla,Female,60,Gandhinagar,Mizoram,2023-07-06
Warhi Murthy,Male,24,Kakinada,Nagaland,2021-08-21
Darika Trivedi,Female,49,New Delhi,Andhra Pradesh,2024-03-11
Urmi Borah,Male,23,Dhule,Gujarat,2025-01-31
Ekalinga Ghose,Male,65,Hyderabad,Manipur,2025-02-21
Upadhriti Bora,Female,46,Kavali,West Bengal,2025-03-26
Teerth Balakrishnan,Female,60,Dewas,Bihar,2026-04-09
Jyoti Verma,Female,69,Gandhidham,Chhattisgarh,2023-01-12
Abhimanyu Chad,Female,21,Parbhani,Maharashtra,2024-02-22
Ekantika Varkey,Male,70,Karaikudi,Goa,2022-03-31
Ikbal Ben,Female,30,Hosur,Tamil Nadu,2023-08-28
Charles Chawla,Female,47,Bangalore,Karnataka,2024-12-28
Saanvi Wagle,Male,18,Hyderabad,Goa,2023-12-21
Vedhika Mann,Male,70,Gorakhpur,Punjab,2026-01-23
Aahana Naik,Male,51,Chinsurah,Tripura,2025-08-26
Mahika Deep,Male,70,Tezpur,Goa,2022-07-27
Faraj Khanna,Female,44,Kollam,Madhya Pradesh,2023-12-29
Balvan Pillay,Female,36,Mumbai,Arunachal Pradesh,2022-12-02
Anmol Kale,Male,59,Bhagalpur,Tripura,2024-09-02
Yachana Halder,Male,55,Indore,Andhra Pradesh,2026-04-10
Chavvi Sabharwal,Male,42,Aurangabad,Mizoram,2023-10-14
Devika Krishnan,Male,46,Gaya,Chhattisgarh,2024-03-01
Priya Sinha,Female,64,Rajahmundry,Uttar Pradesh,2023-03-01
Bishakha Dey,Female,32,Ahmednagar,Goa,2022-01-31
Matthew Dayal,Male,41,Erode,Mizoram,2024-03-03
Advika Lala,Male,61,Karimnagar,Jharkhand,2022-02-25
Naveen Agrawal,Male,51,Shahjahanpur,Odisha,2023-04-11
Hemani Din,Female,44,Begusarai,West Bengal,2026-03-14
Xavier Dara,Female,36,Jaipur,Goa,2022-05-22
Abeer Borah,Male,50,Tenali,Karnataka,2023-03-08
Pushti Bawa,Female,53,Fatehpur,Mizoram,2024-11-13
Anay Lad,Male,24,Sultan Pur Majra,Goa,2026-05-18
Hemal Rajagopalan,Male,64,Karimnagar,Manipur,2022-04-02
Chavvi Gour,Male,39,Bhusawal,West Bengal,2022-07-12
Tanmayi Thaker,Female,37,Shimoga,Maharashtra,2025-01-24
Unnati Sundaram,Female,35,Shahjahanpur,Chhattisgarh,2024-05-09
Oeshi Sarkar,Female,70,Gorakhpur,Maharashtra,2023-06-11
Azad Bajwa,Female,27,Avadi,Bihar,2021-10-31
Dev Dhaliwal,Male,32,Bikaner,Rajasthan,2022-05-05
Gayathri Gill,Female,28,Agartala,Chhattisgarh,2022-11-08
Michael Dara,Male,22,Rohtak,Sikkim,2021-10-01
Chakradev Sani,Female,36,Jamnagar,Telangana,2022-03-14
Bina Sarkar,Female,29,Muzaffarnagar,West Bengal,2023-08-20
Advay Chauhan,Female,46,Ratlam,Kerala,2025-02-16
Pavani Thakur,Male,20,Bhiwani,Goa,2024-02-03
Mitali Kale,Female,33,Serampore,Bihar,2024-04-22
Harini Sharaf,Male,70,Katni,Uttar Pradesh,2022-06-18
Kiaan Mannan,Female,45,Khora ,Meghalaya,2025-08-18
Anmol Varkey,Male,53,Siliguri,Rajasthan,2025-05-29
Vrinda Lal,Female,46,Kozhikode,Meghalaya,2024-11-09
Agastya Murthy,Female,42,Sasaram,Arunachal Pradesh,2022-09-02
Falguni Palla,Female,40,Hindupur,Assam,2021-10-11
Darika Rao,Male,41,Kharagpur,Sikkim,2025-06-19
Ekaja Suri,Female,37,Munger,Odisha,2022-07-30
Kabir Mammen,Female,34,Thane,Himachal Pradesh,2021-07-28
Jhalak Boase,Male,31,Kharagpur,Telangana,2026-01-23
Aachal Barman,Female,51,Mau,Tripura,2025-01-21
Yasti Khalsa,Male,66,Cuttack,Gujarat,2023-12-25
Ekaraj Pau,Female,19,Mangalore,Maharashtra,2025-10-10
Maya Bhakta,Female,47,Adoni,Manipur,2024-03-02
Hemal Oommen,Male,18,Bidhannagar,Manipur,2025-07-11
Advaith Nagi,Male,36,Tezpur,Meghalaya,2025-12-13
Luke Kaur,Female,65,Ghaziabad,Chhattisgarh,2024-12-05
Jacob Sankar,Female,45,Chapra,Manipur,2021-11-05
Baghyawati Jain,Female,32,Ichalkaranji,Uttar Pradesh,2022-11-01
Qabil Naidu,Female,19,Vadodara,Meghalaya,2024-11-10
Sathvik Kara,Female,36,Visakhapatnam,Haryana,2026-01-21
Watika Chakraborty,Male,37,Saharsa,Bihar,2023-05-11
Yauvani Chandra,Female,67,Bellary,Tamil Nadu,2024-09-18
Chameli Choudhury,Male,33,Bhopal,Odisha,2022-01-30
Chanakya Mane,Female,48,Sirsa,Jharkhand,2024-10-21
Harish Ravi,Female,23,Alappuzha,West Bengal,2026-05-27
Urvi Saraf,Female,31,Pallavaram,Kerala,2026-05-28
Ekansh Nagarajan,Female,36,Thrissur,Meghalaya,2023-03-01
Oscar Apte,Male,19,Bokaro,Odisha,2022-10-18
Aishani Tella,Male,64,Rajkot,Haryana,2025-12-31
Bachittar Nair,Male,48,Tumkur,Tripura,2025-02-03
Jalsa Mane,Female,43,Kalyan-Dombivli,Gujarat,2022-01-25
Pavani Choudhary,Female,29,Meerut,Odisha,2025-01-15
Nirja Sethi,Female,20,Siliguri,Rajasthan,2024-02-16
Aarav Bhavsar,Male,19,Karawal Nagar,Arunachal Pradesh,2025-10-04
Waida Guha,Male,70,Panipat,Uttarakhand,2024-05-26
Chameli Nadig,Male,47,Dehri,Nagaland,2022-10-22
Amol Goswami,Male,40,Jamnagar,Madhya Pradesh,2026-05-01
David Ganesh,Male,62,Bongaigaon,Odisha,2025-11-27
Nidra Sabharwal,Female,51,Kirari Suleman Nagar,Kerala,2022-06-12
Vrinda Saraf,Male,36,Farrukhabad,Jharkhand,2024-08-05
Andrew Jain,Male,19,Kirari Suleman Nagar,Punjab,2021-10-26
Waida Ram,Female,69,Tenali,Manipur,2025-05-01
Riya Date,Male,51,Madanapalle,Manipur,2024-01-30
Jhalak Mitter,Female,39,Solapur,Tripura,2022-07-07
Bhavya Deol,Male,50,Jaunpur,Meghalaya,2026-06-15
Bahadurjit Sagar,Female,26,Pali,Meghalaya,2025-03-06
Triya Mall,Male,19,Ghaziabad,Tripura,2025-07-05
Abhiram Kapur,Female,52,Sasaram,Punjab,2025-03-24
Arjun Ganesan,Female,28,Ujjain,Maharashtra,2023-03-10
Anvi Iyengar,Male,29,Bellary,Gujarat,2022-08-26
Bhavini Badami,Female,65,Tinsukia,Meghalaya,2021-12-30
Janani Dasgupta,Male,49,Firozabad,Nagaland,2024-10-18
Unnati Rao,Male,42,Bangalore,Manipur,2021-10-07
Aayush Choudhary,Male,22,Ghaziabad,Manipur,2023-05-14
Rohan Srivastava,Female,42,Phagwara,Madhya Pradesh,2022-11-26
Madhav Ghose,Female,22,Imphal,Meghalaya,2024-05-28
Chandresh Wadhwa,Male,19,Ramagundam,Uttarakhand,2024-01-02
Jagat Gandhi,Female,54,Ambattur,Kerala,2024-01-14
Edhitha Natt,Male,55,Vellore,Kerala,2025-02-05
Mahika Badal,Male,32,Katihar,Gujarat,2022-03-29
Omya D’Alia,Male,26,Faridabad,Odisha,2025-08-24
Deepa Patla,Male,57,Tadepalligudem,Assam,2023-03-23
Yagnesh Nigam,Male,52,Bhavnagar,Tripura,2021-07-03
Mohammed Aurora,Female,47,Dhule,Himachal Pradesh,2023-02-16
Yachana Cherian,Male,58,Kollam,Tripura,2025-09-18
Indrajit Sanghvi,Female,33,Loni,Himachal Pradesh,2025-03-22
Krishna Talwar,Male,36,Mirzapur,Mizoram,2025-07-28
Neha Hans,Male,27,Mysore,Tamil Nadu,2024-04-18
Charan Saini,Female,67,Katihar,Goa,2023-10-06
Qasim Kala,Male,46,Mumbai,Assam,2022-04-21
Lohit Sami,Male,23,Kishanganj,Arunachal Pradesh,2022-12-08
Ishani Dave,Male,68,Deoghar,Arunachal Pradesh,2023-06-07
Yashvi Ravel,Female,45,Karimnagar,Nagaland,2021-11-05
Lakshit Sachdeva,Male,52,Jhansi,Assam,2025-05-23
Osha Dugar,Male,67,Karawal Nagar,Andhra Pradesh,2024-10-25
Frederick Mand,Male,70,Tadipatri,Mizoram,2022-02-06
Aarush Varma,Female,64,Vijayanagaram,Odisha,2025-07-22
Sai Upadhyay,Male,22,Dewas,Goa,2025-12-26
Frederick Pandey,Male,40,Etawah,Kerala,2026-04-11
Umang Deshmukh,Male,29,Nangloi Jat,Gujarat,2023-10-03
Theodore Rattan,Male,35,Mangalore,Mizoram,2023-07-14
Osha Kumer,Female,30,Ambala,Karnataka,2022-02-26
Rohan Deep,Female,54,Jamalpur,Nagaland,2025-07-16
Karan Dutt,Female,53,Gurgaon,Meghalaya,2025-04-21
Balhaar Maharaj,Male,63,Morena,Jharkhand,2024-04-14
Nilima Srivastava,Male,25,Jodhpur,Nagaland,2023-11-16
Oni Chokshi,Male,65,Srinagar,Punjab,2024-04-07
Peter Dora,Male,53,Bhiwandi,Gujarat,2023-08-29
Dakshesh Narang,Female,47,Ozhukarai,Rajasthan,2025-02-26
Lopa Sanghvi,Female,32,Silchar,Tripura,2022-06-25
Anmol Dixit,Female,47,Chandrapur,Chhattisgarh,2024-01-08
Udarsh Mital,Female,63,Secunderabad,Nagaland,2021-09-10
Lajita Manda,Male,38,Tirunelveli,Bihar,2025-09-11
Rajata Oza,Female,29,Etawah,Uttar Pradesh,2025-11-02
Benjamin Contractor,Female,49,Kavali,Tripura,2022-05-28
Amruta Balan,Male,44,Sikar,Odisha,2023-11-24
Thomas Sunder,Female,47,South Dumdum,Telangana,2022-05-02
Yatin Sood,Female,31,Bettiah,Goa,2024-10-11
Andrew Hayer,Female,62,Saharanpur,Rajasthan,2024-06-14
Omkaar Sawhney,Female,53,Surat,Uttar Pradesh,2026-05-31
Devika Aurora,Female,59,Amritsar,Andhra Pradesh,2026-03-29
Dipta Bansal,Male,28,Pimpri-Chinchwad,Uttarakhand,2026-04-17
Frederick Nayar,Female,27,Muzaffarnagar,Punjab,2022-06-04
Karan Mallick,Male,37,Medininagar,Kerala,2022-01-30
Jatin Soman,Male,34,Kozhikode,Madhya Pradesh,2022-10-24
Yatin Sha,Female,61,Vellore,Nagaland,2023-10-31
Abhiram Srivastava,Female,48,Purnia,Assam,2026-04-20
Udyati Anand,Female,69,Patiala,Uttar Pradesh,2023-02-28
Jagdish Ganguly,Female,41,Phusro,Arunachal Pradesh,2026-01-16
Yatan Mall,Female,29,Kakinada,Madhya Pradesh,2025-12-15
Sarthak Vala,Female,44,Kalyan-Dombivli,Assam,2024-02-29
Eiravati Sani,Female,43,Ajmer,Kerala,2024-11-12
Unnati Yogi,Male,58,Bally,Tamil Nadu,2025-08-11
Krishna Ratta,Female,44,Bijapur,Tripura,2025-02-14
Harsh Brar,Female,68,Orai,Odisha,2023-07-01
Udant Lal,Female,58,Kozhikode,Andhra Pradesh,2023-07-22
Wakeeta Sarma,Male,63,Pune,Uttarakhand,2021-08-18
Unnati Balakrishnan,Female,68,Vasai-Virar,Kerala,2025-10-01
Tanay Ganesh,Female,59,Nagpur,West Bengal,2023-08-21
Anirudh Savant,Male,63,Aizawl,Chhattisgarh,2022-07-25
Amol Kade,Male,47,Kanpur,Odisha,2023-02-04
Sarthak Khurana,Male,37,Bijapur,Meghalaya,2025-06-22
Qarin Krishnan,Female,61,Adoni,Kerala,2022-12-08
Tristan Khanna,Female,67,Tenali,Mizoram,2021-07-19
Tanish Grover,Female,57,Latur,Tamil Nadu,2024-11-05
Vinaya Walia,Female,50,Thoothukudi,Mizoram,2023-07-23
Omya Thaman,Male,27,Gudivada,Kerala,2022-10-04
Yadavi Radhakrishnan,Male,63,Gulbarga,Telangana,2022-10-20
Bachittar Kohli,Male,59,Ahmedabad,West Bengal,2025-03-30
Indrajit Brar,Male,48,Secunderabad,Tamil Nadu,2021-10-13
Janaki Sura,Female,24,Vijayawada,Bihar,2021-09-03
Jai Morar,Female,25,Naihati,Manipur,2024-12-02
Omaja Sen,Male,21,Hindupur,Uttarakhand,2025-09-13
Sachi Tiwari,Male,32,Pali,Goa,2021-08-20
Anamika Bhalla,Female,49,Hyderabad,Haryana,2022-10-06
Gaurika Golla,Male,24,Gandhinagar,Tamil Nadu,2023-12-31
Alka Ghosh,Female,25,Davanagere,Nagaland,2025-03-03
Ekaja Halder,Male,39,North Dumdum,Mizoram,2026-04-15
Agastya Shanker,Male,35,Amritsar,Odisha,2026-01-13
Wishi Keer,Female,31,Unnao,Maharashtra,2025-10-26
Daksha Suresh,Female,18,Rajahmundry,Gujarat,2023-06-29
Netra Kumar,Male,39,Nizamabad,Uttar Pradesh,2024-03-12
Nidhi Butala,Male,29,Bokaro,Kerala,2025-08-14
Qabil Sachdeva,Female,29,Kishanganj,Madhya Pradesh,2024-04-20
Adya Sachdeva,Male,46,Malda,Himachal Pradesh,2021-09-28
Girish Dass,Male,43,Gulbarga,Telangana,2025-11-26
Triya Thaman,Female,42,Khora ,Rajasthan,2021-10-30
Simon Bajwa,Female,47,Panihati,Gujarat,2025-08-12
Jagat Sheth,Female,21,Khandwa,Odisha,2022-07-08
Aarnav Deep,Male,41,Begusarai,Uttar Pradesh,2021-11-12
Rishi Kar,Female,56,Thanjavur,Madhya Pradesh,2025-09-08
Neha Viswanathan,Female,42,Buxar,Tripura,2025-11-16
Arin Prabhakar,Female,43,Jalna,Goa,2024-07-09
Arya Ramakrishnan,Female,59,Serampore,Uttar Pradesh,2021-08-04
Pushti Sood,Male,35,Noida,Himachal Pradesh,2024-02-20
Indali Misra,Female,70,Patiala,Sikkim,2023-12-29
Unnati Guha,Male,51,Bhusawal,Odisha,2024-09-11
Krishna Kumer,Female,46,Gaya,West Bengal,2025-07-21
Sneha Nadig,Male,47,Gwalior,Tamil Nadu,2023-07-14
Avi Choudhary,Female,39,Unnao,Nagaland,2025-02-12
Shravya Chacko,Female,30,Delhi,Jharkhand,2024-07-01
Megha Krishna,Female,46,Udaipur,Gujarat,2026-01-18
Xavier Madan,Male,39,Sasaram,Madhya Pradesh,2023-05-26
Eiravati Baria,Female,60,Hospet,Madhya Pradesh,2024-06-23
Neha Mitra,Female,59,Serampore,Uttarakhand,2023-04-16
Aahana Bail,Female,69,Anantapuram,Manipur,2022-04-09
Ekavir Sura,Female,36,Machilipatnam,Andhra Pradesh,2025-01-14
Lekha Mittal,Male,49,Panvel,Meghalaya,2023-11-08
Ishanvi Sani,Male,32,Silchar,Maharashtra,2022-10-21
Noah Warrior,Male,20,Miryalaguda,Arunachal Pradesh,2024-06-08
Rachita Sawhney,Female,30,Tadepalligudem,Chhattisgarh,2022-11-15
Darsh Chaudhuri,Male,22,Kottayam,Punjab,2025-08-22
Anamika More,Female,44,Kalyan-Dombivli,Sikkim,2023-12-12
Jeevika Rajagopal,Female,40,Sambalpur,Tripura,2022-05-11
Lila Halder,Male,52,Hyderabad,Goa,2024-03-09
Amol Bhatt,Male,19,Chapra,Uttar Pradesh,2021-11-26
Keya Sur,Male,34,Belgaum,Tamil Nadu,2025-04-27
Netra Bhasin,Female,30,Haridwar,Himachal Pradesh,2024-05-30
Abha Varkey,Male,66,Udupi,Rajasthan,2025-06-19
Manya Patel,Female,26,Hosur,Nagaland,2025-03-04
Jagat Jani,Female,57,Tumkur,Rajasthan,2021-12-01
Sudiksha Kala,Female,21,Thiruvananthapuram,Uttarakhand,2022-07-11
Anjali Sengupta,Female,48,Tezpur,Bihar,2026-04-08
Jagat Srivastava,Female,49,Bahraich,Arunachal Pradesh,2025-12-13
Gavin Barad,Male,67,Chapra,Madhya Pradesh,2023-08-06
Dev Mallick,Female,65,Ratlam,Goa,2022-06-17
Robert Sawhney,Male,45,Burhanpur,Andhra Pradesh,2024-02-06
Varenya Memon,Female,57,Amritsar,West Bengal,2025-07-21
Ayush Ganguly,Male,37,Shimoga,Nagaland,2023-08-24
Forum Venkatesh,Male,35,Gudivada,Meghalaya,2022-09-26
Vasudha Ratti,Female,27,Bikaner,Odisha,2024-10-05
Edhitha Sampath,Female,59,Ahmedabad,Tamil Nadu,2026-05-20
Ekantika Thaman,Female,22,Katihar,Tripura,2024-09-13
Aradhana Contractor,Male,54,Satara,Tripura,2026-06-14
Alexander Pant,Female,18,Dibrugarh,Uttarakhand,2021-07-19
Hemangini Chhabra,Female,37,Anantapur,Chhattisgarh,2026-05-01
Hemani Hayer,Female,64,Firozabad,Uttar Pradesh,2022-06-22
Zilmil Devi,Female,66,Jorhat,Jharkhand,2021-12-21
Max Garg,Female,55,Bongaigaon,Tripura,2022-03-22
Jasmit Narasimhan,Female,65,Pune,Haryana,2025-02-21
Zehaan Tailor,Female,36,Etawah,Manipur,2023-07-04
Ethan Loyal,Male,43,Shivpuri,Telangana,2024-01-22
Yahvi Lal,Female,47,Bhatpara,Madhya Pradesh,2024-05-22
Meghana Upadhyay,Female,52,Fatehpur,Tamil Nadu,2022-04-27
Panini Chandran,Female,35,Srinagar,Manipur,2023-01-25
Alexander Ahuja,Female,50,Madanapalle,Punjab,2023-09-17
Pranav Dada,Female,65,Agra,Mizoram,2024-12-16
Chakradhar Mallick,Female,48,Kalyan-Dombivli,Assam,2022-03-31
Ira Devan,Female,49,Guwahati,Uttarakhand,2025-08-06
Theodore Shanker,Male,21,Serampore,Bihar,2022-04-30
Manthan Cherian,Female,51,Phusro,Goa,2023-01-19
Abha Kumar,Female,35,North Dumdum,Sikkim,2021-07-17
Chaaya Mohanty,Male,62,Gurgaon,Nagaland,2024-04-12
Kritika Gulati,Female,34,Bhubaneswar,Himachal Pradesh,2025-02-03
Odika Hora,Male,39,Alwar,Odisha,2025-03-30
Anika Sami,Male,22,Phagwara,Maharashtra,2022-03-07
Ekaraj Dhaliwal,Female,58,Nashik,Sikkim,2023-07-28
Tanmayi Agrawal,Male,39,New Delhi,Bihar,2024-07-21
Meghana Balay,Female,64,Kozhikode,Tamil Nadu,2025-05-30
Lekha Tripathi,Male,32,Moradabad,Assam,2023-11-17
Unnati Yohannan,Female,63,Rajahmundry,Uttar Pradesh,2024-09-30
Zaitra Kale,Male,25,Bhagalpur,Madhya Pradesh,2025-02-14
Chakradhar Choudhary,Male,64,Kanpur,Uttar Pradesh,2022-02-17
Ishwar Singh,Female,64,Bhopal,Haryana,2025-01-15
Bhavini Ram,Female,29,Ulhasnagar,Himachal Pradesh,2023-08-22
Pranav Mand,Female,57,Phusro,West Bengal,2022-11-28
Anjali Majumdar,Female,19,Bhatpara,Manipur,2024-06-03
Vedika Agarwal,Female,66,Gurgaon,Madhya Pradesh,2025-02-24
Ojas Venkataraman,Male,59,Rampur,Meghalaya,2026-05-16
Reyansh Parsa,Female,35,Nagpur,Maharashtra,2024-02-28
Qasim Babu,Female,48,Kirari Suleman Nagar,Andhra Pradesh,2024-03-24
Janani Dara,Male,57,Hajipur,Mizoram,2024-01-20
Alexander Pingle,Male,26,Katni,Tamil Nadu,2023-02-09
Oeshi Verma,Male,46,Kochi,Uttar Pradesh,2025-08-11
Xiti Tiwari,Female,55,Firozabad,Manipur,2022-08-31
Tanmayi Kumar,Male,50,Jalandhar,Uttarakhand,2023-07-12
Ijaya Suresh,Male,38,Mysore,Sikkim,2023-01-29
Advay Aurora,Female,24,Sri Ganganagar,Madhya Pradesh,2023-01-12
Sanya Ben,Male,39,Danapur,Meghalaya,2022-08-15
Brinda Manda,Male,20,Miryalaguda,Jharkhand,2021-10-16
Ansh Kaul,Male,65,Bellary,Maharashtra,2022-12-21
Panini Handa,Male,61,Jamnagar,Tripura,2021-07-13
Ikshita Khare,Male,43,Orai,Manipur,2026-03-22
Hemangini Taneja,Female,49,Solapur,Meghalaya,2024-04-21
Yochana Jain,Female,21,Ahmednagar,Jharkhand,2023-04-16
Zaid Yogi,Female,34,Hospet,Maharashtra,2023-07-15
Chaman Ratti,Female,36,Tinsukia,Gujarat,2024-03-22
Vivaan Cherian,Female,29,Tiruvottiyur,Madhya Pradesh,2021-12-10
Bachittar Shroff,Male,64,Tinsukia,Manipur,2024-04-30
Vedhika Verma,Female,69,Muzaffarpur,Kerala,2025-10-23
Manan Salvi,Male,32,Gandhinagar,Himachal Pradesh,2022-07-22
Kai Verma,Female,34,Bharatpur,Madhya Pradesh,2021-07-05
Tarak Ram,Male,64,Salem,Uttar Pradesh,2023-07-03
Robert Mittal,Male,22,Bally,Haryana,2022-10-13
Kamala Patla,Female,41,Aligarh,Maharashtra,2025-07-10
Bimala Thaker,Male,36,Khammam,Telangana,2026-04-26
Balvan Taneja,Male,59,Tezpur,Mizoram,2023-03-17
Chanakya Sarma,Female,56,Gaya,Andhra Pradesh,2023-09-01
Shravya Kari,Female,63,Raichur,West Bengal,2025-06-24
Faqid Bose,Male,29,Tadipatri,Assam,2025-02-05
Umang Narula,Male,36,Gandhidham,Telangana,2021-08-15
Hredhaan Balan,Female,47,Sagar,Meghalaya,2025-04-25
Adweta Bains,Female,33,Muzaffarnagar,Mizoram,2024-04-04
Sneha Bose,Male,48,Ballia,Assam,2024-02-19
Reva Reddy,Female,32,Aurangabad,Bihar,2022-06-23
Noah Patla,Male,38,Sri Ganganagar,Meghalaya,2025-03-17
Raagini Soman,Male,57,Kurnool,Tripura,2025-07-12
Darika Raman,Male,28,Ichalkaranji,Maharashtra,2022-08-18
Harish Walia,Female,52,Ambala,Jharkhand,2025-05-22
Devika Chad,Female,18,Navi Mumbai,Jharkhand,2025-01-06
Yadavi Bobal,Male,18,Bidar,Arunachal Pradesh,2022-07-31
Megha Narayan,Male,31,Bhopal,Sikkim,2021-12-20
Praneel Basu,Female,33,Alwar,Tamil Nadu,2023-10-06
Agastya Patla,Male,69,Mangalore,Kerala,2024-10-03
Yutika Bhatia,Female,21,Bhubaneswar,Punjab,2021-07-05
Ekapad Baral,Female,37,Naihati,Mizoram,2024-07-09
Rachit Chacko,Male,23,Tiruppur,Tamil Nadu,2022-03-21
Ansh Talwar,Female,67,Kolhapur,Uttarakhand,2021-11-22
Logan Dey,Female,22,Madanapalle,Manipur,2023-08-12
Yutika Sangha,Male,42,Amaravati,Nagaland,2021-12-20
Anusha Apte,Female,18,Lucknow,Tamil Nadu,2024-02-04
Vedant Malhotra,Male,43,Gopalpur,Jharkhand,2022-06-21
Hemang Keer,Female,63,Karawal Nagar,Arunachal Pradesh,2024-04-20
Omkaar Prashad,Male,26,Kolhapur,Maharashtra,2023-09-30
Girik Majumdar,Male,50,Shimla,Manipur,2025-04-27
Sarthak Desai,Male,61,Ulhasnagar,Karnataka,2026-05-31
Vamakshi Tiwari,Male,57,Kottayam,Jharkhand,2023-02-20
Nidra Sood,Male,39,Bahraich,Uttar Pradesh,2022-12-14
Gavin Shankar,Female,45,South Dumdum,West Bengal,2025-05-25
Saksham De,Male,25,Hapur,Gujarat,2023-05-11
Oviya Yogi,Male,33,Siwan,Kerala,2025-01-16
David Merchant,Female,40,Tirupati,Bihar,2025-08-08
Warinder Lata,Male,21,Jehanabad,Tripura,2026-03-14
Vincent Malhotra,Female,48,Ozhukarai,Kerala,2024-09-25
Libni Dara,Female,66,Karnal,Meghalaya,2024-11-24
Karan Menon,Female,52,Gaya,Telangana,2025-03-17
Qadim Bahri,Female,47,Ichalkaranji,Andhra Pradesh,2025-11-09
Baghyawati Baral,Female,66,Hapur,Sikkim,2022-09-10
Robert Chanda,Female,47,Madhyamgram,Himachal Pradesh,2021-09-26
Ubika Gokhale,Female,60,Hyderabad,Maharashtra,2021-07-09
Janaki Pau,Female,57,Tiruvottiyur,Jharkhand,2021-08-03
Samaksh Golla,Male,57,Nanded,Manipur,2025-05-16
Harshil Das,Male,22,Sasaram,Bihar,2022-11-23
Vincent Upadhyay,Male,43,Hosur,Tripura,2024-11-18
Janya Verma,Male,28,Nellore,Uttarakhand,2023-05-27
Lakshit Gour,Female,58,Haridwar,Madhya Pradesh,2025-04-13
Veer Samra,Female,49,Tirupati,Jharkhand,2022-09-02
Rohan Uppal,Female,19,Ratlam,Bihar,2021-08-12
Gautami Keer,Male,27,Amroha,Himachal Pradesh,2026-03-09
Samaksh Bahri,Male,31,Ozhukarai,West Bengal,2021-08-19
Gaurav Gulati,Male,64,Sonipat,Goa,2024-10-05
Thomas Kumer,Female,56,New Delhi,Uttar Pradesh,2022-03-27
Yuvraj Taneja,Female,53,Shivpuri,Uttarakhand,2022-11-05
Lekha Prashad,Male,67,Kishanganj,Karnataka,2023-12-15
Lipika Chana,Male,32,Indore,Sikkim,2022-06-28
Sai Chand,Female,26,Srikakulam,Assam,2025-03-19
Liam Agarwal,Female,21,Bhavnagar,Mizoram,2024-09-09
Mohini Chada,Female,56,Bhagalpur,Odisha,2025-03-21
Balhaar Varkey,Female,30,Dhule,Odisha,2022-02-01
Yachana Chowdhury,Female,62,Nizamabad,Odisha,2022-10-24
Qushi Raju,Female,30,Nandyal,Goa,2022-01-27
Teerth Bobal,Male,57,Jamnagar,Bihar,2025-04-06
Isha Keer,Male,66,Surendranagar Dudhrej,Goa,2025-03-17
Waida Bhargava,Female,53,Begusarai,West Bengal,2022-01-05
Saumya Sant,Female,30,Sangli-Miraj & Kupwad,Chhattisgarh,2024-01-01
Qarin Kapur,Female,69,Gandhinagar,Meghalaya,2022-11-30
Chavvi Tata,Male,44,Bangalore,Nagaland,2021-10-27
Dayamai Dhingra,Female,69,Bhatpara,Maharashtra,2025-11-26
Girish Madan,Female,49,Ramagundam,Chhattisgarh,2023-01-26
Vasudha Kashyap,Female,64,Patna,Manipur,2024-09-12
Ria Krishnamurthy,Female,69,Malegaon,Nagaland,2023-11-06
Owen Suresh,Male,63,Bardhaman,Bihar,2021-10-02
Aishani Saran,Female,66,Madurai,Karnataka,2022-08-23
Max Tiwari,Male,61,Bulandshahr,Mizoram,2024-11-23
Shivani Hegde,Male,65,Agartala,Haryana,2024-10-20
Pushti Sankar,Male,26,Naihati,Kerala,2021-08-28
Riya Rau,Male,36,Sagar,Andhra Pradesh,2024-03-05
Daksha Loyal,Female,43,Ballia,Chhattisgarh,2021-10-11
Janaki Raval,Female,25,Bhilai,Rajasthan,2022-03-31
Pallavi Kade,Female,29,Ambala,Karnataka,2022-11-24
Ayush Saraf,Male,44,Imphal,Gujarat,2025-08-01
Advaith Chanda,Male,44,Gandhidham,Meghalaya,2025-09-01
Yashica Borra,Male,43,Kalyan-Dombivli,Maharashtra,2023-06-30
Sathvik Toor,Male,30,Latur,Madhya Pradesh,2025-04-12
Nitesh Buch,Female,22,Muzaffarnagar,Tamil Nadu,2022-11-08
Gabriel Ganguly,Male,32,Tenali,Assam,2025-06-01
Alka Dayal,Male,53,Bikaner,Arunachal Pradesh,2026-01-12
Mitali Vyas,Male,62,Tumkur,Meghalaya,2021-08-13
Suhani Murty,Male,35,Visakhapatnam,Haryana,2025-11-13
David Mohanty,Female,23,Shivpuri,Goa,2022-08-23
Jackson Lala,Female,39,Bikaner,Jharkhand,2022-04-24
Bimala Ramakrishnan,Male,31,Bhubaneswar,Tamil Nadu,2023-10-22
Bina Konda,Male,34,Karawal Nagar,Kerala,2023-12-01
Matthew Bakshi,Female,41,Rajkot,Nagaland,2022-07-02
Gauri Nagar,Male,59,Anand,Telangana,2025-12-29
Sai Ramaswamy,Male,19,Jamnagar,Kerala,2023-06-17
Aarnav Varty,Female,37,Maheshtala,Tamil Nadu,2022-01-02
Amara Patla,Male,38,Dibrugarh,Sikkim,2023-09-19
Abha Ratti,Female,25,Karawal Nagar,Madhya Pradesh,2023-04-03
Rajeshri Sen,Male,33,Darbhanga,Goa,2025-09-10
Utkarsh Sama,Female,69,Davanagere,Sikkim,2025-08-05
Ekta Bhattacharyya,Female,21,Muzaffarnagar,Goa,2023-03-03
Ayush Bava,Female,21,Kamarhati,Sikkim,2022-08-30
Aradhana Chadha,Male,65,North Dumdum,Tripura,2025-05-25
Ishwar Tank,Female,21,Farrukhabad,Kerala,2025-03-01
Jackson Vyas,Female,58,Eluru,Maharashtra,2022-07-15
Faris Bhavsar,Female,30,Nashik,Assam,2024-02-07
Vritti Deshmukh,Female,31,Jabalpur,Himachal Pradesh,2022-07-10
Januja Pau,Male,24,Bhilwara,Goa,2024-11-15
Jackson Nath,Female,21,Rohtak,Kerala,2023-09-08
Dominic Sandhu,Male,44,Rohtak,Sikkim,2025-12-23
Krishna Mitter,Female,56,Alwar,Andhra Pradesh,2025-09-16
Ganga Virk,Male,58,Vijayanagaram,Manipur,2025-09-14
Indali Sibal,Male,44,Ranchi,Tripura,2026-05-09
Bhavani Bath,Female,55,Udupi,Arunachal Pradesh,2022-12-20
Utkarsh Sundaram,Male,63,Nandyal,Madhya Pradesh,2023-12-03
Panini Raval,Male,35,Bharatpur,Sikkim,2024-12-20
Omisha Bhargava,Male,44,North Dumdum,Uttar Pradesh,2022-02-26
Meghana Jaggi,Female,35,Guntakal,Gujarat,2025-09-23
Zarna Solanki,Female,61,Srinagar,Assam,2024-04-06
Faris Bahri,Male,44,Kanpur,Manipur,2026-05-25
Saumya Edwin,Male,56,Dehri,Kerala,2022-09-29
Abha Bath,Male,28,Sirsa,Nagaland,2021-11-15
Fitan Dubey,Female,41,Kollam,Bihar,2023-03-30
Thomas Dani,Female,55,Mirzapur,Karnataka,2022-11-17
Jasmit Aggarwal,Male,53,Bharatpur,Tripura,2023-11-17
Damini Rajan,Female,26,Madhyamgram,Odisha,2024-02-06
Vidhi Bawa,Female,53,Ghaziabad,Nagaland,2022-01-15
Aarav Kari,Female,56,Patna,Bihar,2023-03-10
Imaran Ratti,Female,47,Bhiwandi,Chhattisgarh,2025-01-27
Barkha Jani,Female,28,Karaikudi,Manipur,2023-08-10
Gaurangi Bhandari,Female,43,Jalgaon,Uttarakhand,2022-02-11
Faqid Pau,Male,52,Patiala,Assam,2022-12-23
Vedika Ramakrishnan,Male,39,Proddatur,Odisha,2021-10-26
Kevin Rajan,Female,39,Panvel,Haryana,2026-01-25
Omaja Raju,Male,60,Meerut,Uttarakhand,2023-08-10
Faraj Chada,Female,53,Chapra,Madhya Pradesh,2023-05-07
Aadi Dave,Male,30,Bulandshahr,Meghalaya,2024-05-06
Bishakha Gour,Male,41,Dhanbad,Himachal Pradesh,2024-06-19
Yachana Mane,Male,51,Ujjain,Uttarakhand,2025-03-10
Warjas Kaul,Male,68,Bareilly,Haryana,2024-06-30
Samaksh Zacharia,Male,42,Nashik,Meghalaya,2025-02-25
Zashil Saraf,Male,69,Chittoor,Maharashtra,2023-08-07
Netra Sama,Male,19,Chapra,Kerala,2022-04-03
Neel Dutta,Female,40,Sri Ganganagar,Meghalaya,2023-12-14
Aryan Sibal,Female,61,Yamunanagar,Tamil Nadu,2024-03-20
Om Mukherjee,Male,29,Serampore,Mizoram,2025-07-08
Anirudh Vora,Female,70,Thoothukudi,Kerala,2023-04-23
Mohammed Srinivas,Male,51,Mathura,West Bengal,2023-06-03
Lopa Vasa,Male,34,Jodhpur,Arunachal Pradesh,2023-03-03
Samesh Mammen,Male,38,Dharmavaram,Meghalaya,2021-10-04
Ranbir Bhatt,Male,36,Ichalkaranji,Jharkhand,2023-02-12
Aadi Kota,Female,24,Karaikudi,Maharashtra,2026-04-08
Ojasvi Comar,Male,55,Purnia,Manipur,2024-05-11
Bachittar Natt,Male,33,Bharatpur,Punjab,2022-02-09
Ijaya Babu,Female,57,Bhagalpur,Jharkhand,2023-09-23
Ayushman Zachariah,Male,28,Udupi,Goa,2022-08-31
Onveer Patla,Male,31,Tirupati,Punjab,2023-06-06
Harita Tak,Male,56,Parbhani,Rajasthan,2025-05-05
Ayush Sane,Male,25,Raurkela Industrial Township,Chhattisgarh,2024-09-20
Neha Batta,Male,26,Naihati,Arunachal Pradesh,2022-12-23
Siya Karan,Male,41,Amroha,Andhra Pradesh,2024-02-07
Teerth Mandal,Female,55,Erode,Rajasthan,2025-08-19
Lopa Kunda,Male,33,Tiruvottiyur,Gujarat,2025-10-31
Ikshita Talwar,Male,51,Sikar,Assam,2024-06-08
Vansha Bhatia,Male,49,Jamalpur,Chhattisgarh,2026-06-03
Zayyan Mitter,Female,35,Thoothukudi,Rajasthan,2024-09-13
Orinder Bajwa,Female,64,Vadodara,Karnataka,2023-01-28
Gunbir Ravi,Male,53,Varanasi,Manipur,2024-04-07
Chaaya Mandal,Male,54,Ramgarh,Punjab,2022-05-10
Ekantika Choudhury,Female,47,Tadipatri,Assam,2023-04-25
Zayyan Patel,Female,39,Sagar,West Bengal,2024-09-30
Ishani Dasgupta,Female,54,Bellary,Nagaland,2026-04-08
Maanas Modi,Male,59,Moradabad,Madhya Pradesh,2023-11-17
Chatura Kaul,Female,20,Aizawl,Uttar Pradesh,2022-12-15
Darsh Ratti,Male,52,Mehsana,Maharashtra,2025-06-14
Chandresh Ratti,Female,49,Nagercoil,Punjab,2023-07-22
Mohammed Das,Male,61,Singrauli,Manipur,2025-10-05
Aarini Sama,Male,64,Rajahmundry,Punjab,2022-07-12
Zansi Bansal,Male,51,Deoghar,Jharkhand,2024-08-05
Mahika Venkataraman,Female,49,Alwar,Uttarakhand,2025-01-07
Fiyaz Dube,Female,61,Jalandhar,Arunachal Pradesh,2024-06-26
Falguni Varty,Male,56,Mehsana,Rajasthan,2025-09-08
Zayyan Basak,Female,22,Kochi,Chhattisgarh,2025-10-28
Daksha Viswanathan,Male,52,Danapur,Uttarakhand,2025-12-07
Tara Seshadri,Male,38,Coimbatore,Odisha,2024-02-15
Saumya Nazareth,Female,52,Bhilwara,Gujarat,2021-11-18
Unnati Kar,Male,43,Purnia,Mizoram,2023-06-19
Michael Borah,Male,49,Hyderabad,Madhya Pradesh,2025-08-14
Qabil Bhat,Male,27,Dindigul,Madhya Pradesh,2025-09-03
Timothy Ganesan,Female,21,Kolhapur,Bihar,2022-04-13
Daksha Bassi,Male,41,Kurnool,Tamil Nadu,2026-03-03
Kabir Chad,Male,68,Karaikudi,Mizoram,2026-04-06
Vinaya Pathak,Male,25,Mehsana,Bihar,2023-11-04
Farhan Natarajan,Male,24,Orai,Bihar,2022-08-21
Amaira Balay,Male,58,Thrissur,Maharashtra,2024-06-15
Pahal Radhakrishnan,Female,65,Shahjahanpur,Uttar Pradesh,2026-01-18
Irya Ranganathan,Female,59,Bikaner,Tripura,2026-05-20
Unnati Bajwa,Male,34,Ongole,Tripura,2023-08-29
Sara Dyal,Male,63,Giridih,West Bengal,2024-10-30
Wriddhish Amble,Female,44,Allahabad,Odisha,2023-07-18
Bhavini Sharaf,Male,60,Farrukhabad,Gujarat,2022-09-13
Vrinda Nair,Female,61,Bokaro,Punjab,2022-11-11
Abdul Ratta,Female,31,Panihati,Uttarakhand,2024-11-13
Yasti Hegde,Male,62,Dewas,Assam,2023-04-10
Rachit Bala,Female,66,New Delhi,Karnataka,2025-08-12
Sudiksha Dara,Female,28,Orai,Madhya Pradesh,2025-10-14
Imaran Morar,Male,47,Ujjain,Maharashtra,2022-03-03
Vedhika Ahluwalia,Female,57,Rajpur Sonarpur,Meghalaya,2024-12-17
Advik Bajaj,Male,44,Kumbakonam,Jharkhand,2022-05-21
Isaac Patel,Male,25,Bhilwara,Manipur,2025-01-11
Luke Krishnan,Female,59,Aizawl,Maharashtra,2026-02-25
Xiti Doshi,Female,29,Bhubaneswar,Tamil Nadu,2024-09-15
Darsh Som,Male,49,Durg,Mizoram,2022-07-18
Onveer Gupta,Female,26,Kharagpur,Andhra Pradesh,2022-05-15
Jasmit Sachar,Female,26,Kamarhati,Odisha,2022-04-07
Jasmit Suri,Male,67,Kozhikode,Tamil Nadu,2022-06-09
Nitesh Sami,Male,27,Thoothukudi,Chhattisgarh,2022-11-24
Ojasvi Viswanathan,Female,43,Hyderabad,Andhra Pradesh,2025-04-27
Balendra Nazareth,Male,20,Mango,Himachal Pradesh,2021-12-27
Quincy Mital,Male,50,Burhanpur,Manipur,2025-02-15
Falan Sastry,Female,33,Guntur,Uttar Pradesh,2024-03-23
Zaitra Panchal,Male,56,Berhampore,Madhya Pradesh,2025-08-29
Charita Uppal,Female,24,Mangalore,Uttar Pradesh,2023-10-06
Neha Zacharia,Female,51,Nashik,Bihar,2023-08-22
Rajata Krishna,Male,69,Bidhannagar,Maharashtra,2025-12-08
Watika Mandal,Female,63,Davanagere,Jharkhand,2023-09-09
Ekalinga Gour,Male,60,Baranagar,Arunachal Pradesh,2026-03-25
Upkaar Shere,Male,23,Khammam,Rajasthan,2024-02-19
Yashvi Kulkarni,Female,49,Yamunanagar,Mizoram,2025-10-26
Naveen Purohit,Female,37,Amritsar,Rajasthan,2026-03-13
Bhavani Rau,Male,67,Unnao,Haryana,2024-01-08
Pahal Saha,Male,28,Machilipatnam,Bihar,2025-03-27
Vivaan Gour,Male,40,Dhule,Nagaland,2025-06-02
Yashvi Nadkarni,Male,22,Shahjahanpur,Himachal Pradesh,2023-04-28
Megha Rajagopal,Male,63,Pali,Goa,2022-12-07
Tamanna Saran,Male,26,Berhampur,Bihar,2023-08-09
Ranveer Munshi,Female,23,Miryalaguda,Uttar Pradesh,2022-05-07
Bhavika Garg,Female,49,Saharsa,Odisha,2024-09-03
Banjeet Chopra,Female,37,Kumbakonam,Tamil Nadu,2025-01-03
Alexander Jain,Male,70,Belgaum,Maharashtra,2025-05-30
Arya Rama,Female,45,Ahmedabad,Tamil Nadu,2025-02-10
Dhriti Ramakrishnan,Male,41,Hyderabad,Telangana,2023-12-26
Faris Varma,Male,44,Madurai,Rajasthan,2025-06-09
Warjas Parmer,Female,49,Howrah,Chhattisgarh,2024-07-31
Vrinda Dara,Male,70,Kochi,Madhya Pradesh,2024-02-19
Samaksh Ravel,Male,49,Mangalore,Madhya Pradesh,2024-12-28
Rehaan Kala,Male,56,Agra,Himachal Pradesh,2024-12-10
Brijesh Parsa,Male,43,Firozabad,Mizoram,2022-01-09
Azaan Narayan,Male,70,Amaravati,Gujarat,2023-10-29
Jacob Manne,Female,20,Khandwa,Karnataka,2022-02-06
Januja Tiwari,Female,59,Singrauli,Karnataka,2023-06-29
Ridhi Konda,Male,47,Sirsa,Meghalaya,2025-11-22
Bhavna Sandhu,Female,38,Raichur,Andhra Pradesh,2022-09-29
Parth Modi,Male,37,Jorhat,Meghalaya,2024-02-25
Urishilla Kara,Male,40,Satna,Madhya Pradesh,2021-08-14
Krishna Kunda,Male,45,Bangalore,Bihar,2022-02-06
Lajita Rajan,Female,31,Guna,Andhra Pradesh,2025-10-19
Triya Krish,Male,26,Sirsa,Haryana,2023-06-10
Alexander Jhaveri,Male,52,Jalandhar,Punjab,2024-02-05
Niharika Bhatt,Female,25,Nellore,Tamil Nadu,2022-08-10
Hiral Sachdev,Female,63,Kirari Suleman Nagar,Goa,2023-03-09
Arunima Sundaram,Female,37,Guntur,Haryana,2023-01-23
Pushti Randhawa,Female,33,Sirsa,Meghalaya,2024-10-18
Daniel Bassi,Female,26,Unnao,Odisha,2022-05-22
Isaac Gala,Male,61,Guwahati,Sikkim,2022-10-05
Ekta Bhatt,Male,67,Moradabad,Mizoram,2023-01-01
Akshay Oak,Male,46,Alwar,Gujarat,2026-03-07
Sanya Pal,Male,41,Sultan Pur Majra,Haryana,2023-02-13
Ekbal Shah,Male,25,Gorakhpur,Andhra Pradesh,2026-05-18
Suhani Suresh,Female,32,Gangtok,Odisha,2022-03-30
Lila Gandhi,Female,35,Bardhaman,Arunachal Pradesh,2024-09-09
Ekapad Gulati,Female,46,Chennai,Assam,2023-02-02
Anirudh Sibal,Female,39,Bhagalpur,Manipur,2022-08-27
Vivaan Nair,Male,20,Unnao,Assam,2024-07-19
Karan Dash,Female,51,New Delhi,Tripura,2021-06-23
Tripti Iyengar,Female,24,Sultan Pur Majra,Odisha,2025-11-17
Oscar Gara,Female,68,Sirsa,Andhra Pradesh,2025-01-30
Ganga Dada,Female,60,Berhampore,West Bengal,2023-10-19
Ranbir Bora,Male,24,Nashik,Assam,2023-08-23
Jatin Hari,Male,46,Durg,Nagaland,2024-01-28
Sai Devi,Female,18,Shimla,Gujarat,2026-02-13
Sai Srivastava,Female,66,Kochi,Rajasthan,2025-08-08
Gautam Swaminathan,Female,65,Kamarhati,Bihar,2025-01-11
Aarav Khare,Male,27,Varanasi,Telangana,2023-11-08
Manthan Nayar,Female,68,Dhanbad,Chhattisgarh,2025-08-07
Vrishti Misra,Female,58,Proddatur,Himachal Pradesh,2023-04-23
Upma Keer,Female,19,Aligarh,Goa,2024-09-05
Aadhya More,Female,27,Amritsar,Tripura,2024-09-22
Wakeeta Dayal,Male,55,Pimpri-Chinchwad,Uttarakhand,2023-04-14
Ikshita Sood,Female,48,Bardhaman,Manipur,2023-11-11
Ati Kanda,Male,46,Bhiwani,Meghalaya,2021-08-22
Deepa Sheth,Male,70,Firozabad,Kerala,2024-02-14
Ucchal Barad,Male,57,Begusarai,Meghalaya,2022-01-21
Jagrati Jha,Female,18,Ludhiana,Haryana,2024-08-01
Dakshesh Batta,Female,45,Chinsurah,Maharashtra,2025-10-22
Zashil Mammen,Female,31,Mango,Assam,2023-04-08
Wyatt Saran,Male,55,Mysore,Haryana,2022-04-20
Kai Magar,Female,35,Ahmednagar,Telangana,2025-01-18
Rudra Gill,Female,66,Ujjain,Bihar,2022-10-14
Vaishnavi Jhaveri,Male,30,Davanagere,Telangana,2023-12-21
Yuvraj Nori,Male,43,Shimoga,Rajasthan,2021-07-21
Advik Bhat,Male,52,North Dumdum,Meghalaya,2025-10-22
Kashish Dass,Male,69,Durgapur,Tripura,2022-04-25
Rayaan Tak,Male,69,Bongaigaon,West Bengal,2026-02-15
Lopa Pau,Male,47,Barasat,Punjab,2023-02-13
Harita Wali,Male,45,Kalyan-Dombivli,Assam,2023-10-01
Dalaja Rout,Male,18,Cuttack,Tripura,2025-04-11
Anirudh Krishnan,Male,66,Ballia,Punjab,2024-08-03
Darpan Dutta,Male,37,Panihati,Andhra Pradesh,2024-09-14
Azaan Krish,Female,67,Jehanabad,Mizoram,2025-04-20
Chaaya Yogi,Male,22,Latur,Mizoram,2022-11-19
Inaya Babu,Male,26,Anantapur,Nagaland,2023-05-14
Megha Radhakrishnan,Female,53,Ratlam,Goa,2023-01-22
Hemang Goyal,Male,36,Indore,Sikkim,2026-06-13
Samaksh Prabhakar,Female,42,Proddatur,Chhattisgarh,2023-05-13
Varsha Solanki,Male,28,Guntakal,Karnataka,2022-12-29
Balhaar Suri,Female,55,Ramagundam,Maharashtra,2026-02-07
Jagat Kurian,Male,18,Farrukhabad,Maharashtra,2023-04-10
Ekani Gulati,Male,38,Loni,Tamil Nadu,2021-07-17
Varsha Bobal,Female,67,Udaipur,Bihar,2022-02-22
Shravya Chad,Male,18,Motihari,Mizoram,2026-04-29
Ria Narayan,Male,61,Raichur,Chhattisgarh,2022-07-22
Panini Kapadia,Male,67,Coimbatore,Uttar Pradesh,2026-04-10
Hitesh Pillay,Female,37,Kozhikode,Nagaland,2024-09-23
Christopher Kar,Male,26,Imphal,Gujarat,2025-06-16
Warinder Vasa,Male,31,Yamunanagar,Kerala,2022-03-16
Dalaja Atwal,Male,18,Bijapur,Arunachal Pradesh,2024-04-05
Tristan Sehgal,Male,63,Agra,West Bengal,2023-06-14
Jackson Rastogi,Male,58,Kolkata,Jharkhand,2025-03-04
Kritika Mukherjee,Male,31,South Dumdum,Tamil Nadu,2024-06-15
Tanveer Kata,Male,65,Pune,Nagaland,2023-09-30
Bhavna Kota,Female,35,Jehanabad,Madhya Pradesh,2023-12-10
Abdul Bumb,Male,18,Dindigul,Goa,2022-10-08
Samaksh Gala,Female,41,Dhanbad,West Bengal,2022-04-14
Aryan Gade,Female,26,Gandhidham,Mizoram,2024-10-22
Manthan Mutti,Male,41,Purnia,Kerala,2023-02-01
George Toor,Male,18,Kharagpur,Gujarat,2025-12-25
Qasim Din,Female,35,Sasaram,Kerala,2022-09-17
Praneel Pall,Female,50,Jamalpur,Uttar Pradesh,2023-10-22
Akshay Jha,Female,22,Kharagpur,Goa,2024-03-12
Pavani Agrawal,Male,18,Bahraich,Gujarat,2025-06-23
Devika Dey,Male,69,Siliguri,Bihar,2021-09-06
Kiaan Kashyap,Female,39,Jodhpur,Karnataka,2021-08-27
Devika Gera,Male,67,Dehri,Goa,2026-04-13
Janya Saxena,Male,69,Kishanganj,Kerala,2022-08-13
Nikita Tandon,Male,31,Guna,Chhattisgarh,2022-03-03
Triveni Chowdhury,Female,42,Dibrugarh,Andhra Pradesh,2025-10-10
Yoshita Varty,Female,34,Dhanbad,Tamil Nadu,2025-09-25
Janaki Rana,Female,66,Rewa,Tripura,2025-01-30
Ekbal Thakur,Female,19,Durg,Punjab,2023-08-02
Rayaan Warrior,Female,51,Pali,Mizoram,2022-06-01
Hamsini Nair,Female,48,Anand,Gujarat,2025-09-17
Meghana Apte,Female,31,Patna,Punjab,2022-06-27
Omaja Ramaswamy,Male,35,New Delhi,Himachal Pradesh,2023-03-26
Unnati Ramakrishnan,Male,58,Vellore,Haryana,2025-08-19
Fiyaz Thaman,Female,27,Sambhal,Karnataka,2024-03-06
Aadhya Sharma,Male,55,Silchar,Madhya Pradesh,2022-03-12
Nachiket Dave,Female,24,Varanasi,Uttar Pradesh,2022-02-02
Falak Shukla,Male,34,Bhiwani,Arunachal Pradesh,2024-12-06
Oeshi Korpal,Female,31,Bhusawal,Karnataka,2022-06-29
Zaitra Dugar,Female,39,Bathinda,Kerala,2026-04-22
Chandani Pandey,Male,36,Vijayanagaram,Manipur,2026-04-01
Aashi Zachariah,Female,64,Gaya,Maharashtra,2021-09-18
Aradhana Mander,Female,41,Kottayam,Arunachal Pradesh,2024-06-15
Bhanumati Rattan,Female,43,Tirupati,Uttarakhand,2025-06-26
Avni Khatri,Female,63,Gandhidham,Haryana,2024-04-15
Leela Krish,Male,55,Aurangabad,Uttarakhand,2025-07-17
Bhavna Dora,Male,26,Chinsurah,Meghalaya,2025-09-20
Dhriti Kumar,Male,55,Nashik,Maharashtra,2025-01-08
Lakshit Sanghvi,Male,25,Hapur,Sikkim,2023-05-09
Naksh Sehgal,Male,58,Arrah,Madhya Pradesh,2023-09-05
Tejas Suri,Male,35,Dibrugarh,Gujarat,2024-12-18
Aashi Bhattacharyya,Female,36,Jamnagar,Jharkhand,2025-03-23
Zayan Karpe,Female,37,Naihati,Meghalaya,2023-09-22
Rachita Chaudhary,Female,23,Sikar,Karnataka,2021-06-28
Imaran Chaudhry,Male,62,Muzaffarpur,Meghalaya,2024-04-19
Kiaan Master,Male,28,Karaikudi,Jharkhand,2026-05-12
Sara Kar,Female,65,Eluru,Arunachal Pradesh,2024-01-13
Guneet Swaminathan,Male,30,Katni,Andhra Pradesh,2023-05-30
Ojas Doshi,Male,50,Pudukkottai,Tripura,2024-10-07
Vinaya Oza,Male,28,Malegaon,Rajasthan,2022-06-27
Aadi Golla,Female,43,Suryapet,Chhattisgarh,2024-08-12
Lohit Suresh,Male,19,Pimpri-Chinchwad,Maharashtra,2026-04-05
Pranav Peri,Male,48,Dindigul,Chhattisgarh,2023-04-20
Pooja Hora,Female,39,Jalandhar,Chhattisgarh,2025-03-07
Ansh Chatterjee,Female,47,Anantapuram,Arunachal Pradesh,2023-11-22
Madhav Keer,Female,39,Tiruvottiyur,Karnataka,2024-08-16
Radha Savant,Female,22,Tezpur,Kerala,2026-01-15
Urishilla Oza,Male,52,Indore,Uttar Pradesh,2025-10-11
Jagdish Parekh,Male,28,Howrah,Tamil Nadu,2021-09-01
Urvashi Anand,Female,70,Rajahmundry,Madhya Pradesh,2022-05-09
Meera Kumar,Male,45,Jhansi,Nagaland,2022-10-10
Isha Iyer,Female,62,Tezpur,Punjab,2022-05-26
Yash Nazareth,Male,20,Thane,Andhra Pradesh,2024-05-12
Gautami Minhas,Male,21,Aurangabad,Manipur,2025-03-20
Qadim Barad,Female,27,Madhyamgram,Assam,2025-03-16
Wishi Agrawal,Female,21,Khora ,Punjab,2024-03-25
Anvi Mander,Female,56,Bhalswa Jahangir Pur,Himachal Pradesh,2025-07-20
Karan Mukhopadhyay,Female,56,Hosur,Jharkhand,2021-07-14
Ishani Dhingra,Female,65,Srikakulam,West Bengal,2024-04-12
Liam Radhakrishnan,Female,28,Ranchi,Goa,2023-05-29
Ishita Sarna,Male,64,Singrauli,Nagaland,2022-08-06
Ekapad Ganesan,Male,42,Kadapa,Mizoram,2022-11-12
Kritika Bandi,Female,25,Hajipur,Punjab,2023-12-04
Riya Zacharia,Female,51,Dharmavaram,Mizoram,2025-09-25
Mohini Rau,Male,54,Shimla,Karnataka,2024-01-25
Zashil Rama,Female,43,Suryapet,West Bengal,2023-04-03
Maanas Kata,Female,40,Ozhukarai,Andhra Pradesh,2023-05-17
Nirja Nadig,Male,61,Amroha,Goa,2024-05-05
Nakul Prabhakar,Male,42,Gulbarga,Arunachal Pradesh,2025-09-20
Alexander Chopra,Female,41,Kota,Uttar Pradesh,2025-04-07
Ekaja Mittal,Female,41,Gangtok,Nagaland,2025-01-05
Baljiwan Ray,Female,42,Latur,West Bengal,2024-08-30
Gaurang Mand,Female,20,Bhimavaram,Meghalaya,2021-12-03
Chaman Garg,Male,66,Sasaram,Meghalaya,2024-08-22
Hitesh Deol,Female,20,Thrissur,Madhya Pradesh,2025-11-22
Saksham Mane,Female,19,Nashik,Tripura,2024-12-03
Mitesh Aggarwal,Male,19,Anantapuram,Maharashtra,2024-02-17
Madhavi Devan,Female,22,Orai,Uttarakhand,2022-04-01
Vasana Kumar,Female,63,Jhansi,Meghalaya,2025-02-10
Yashoda Virk,Male,54,Bhusawal,Uttarakhand,2023-11-16
Chanakya Hora,Female,33,Udupi,Punjab,2024-08-23
Praneel Deep,Female,30,Siwan,Manipur,2021-07-31
Anamika Varma,Male,54,Bhilai,Tamil Nadu,2023-02-01
Ethan Pingle,Female,26,Latur,Rajasthan,2022-07-29
Elijah Soni,Female,40,Bally,West Bengal,2023-09-20
Manan Purohit,Female,37,Bhusawal,Odisha,2025-04-28
Gautam Oza,Male,66,Yamunanagar,Punjab,2024-10-28
Onkar Zachariah,Male,63,Ramgarh,Meghalaya,2024-09-13
Nidra Pingle,Female,55,Srikakulam,Andhra Pradesh,2022-11-15
Sudiksha Bhargava,Male,35,Malegaon,Gujarat,2023-03-21
Nidra Goda,Male,60,Bhind,Karnataka,2023-11-29
Zaid Patil,Male,50,Katni,Telangana,2024-08-06
Daksha Ramaswamy,Male,40,Aizawl,Assam,2025-03-14
Zaid Halder,Female,68,Adoni,Nagaland,2025-08-07
Anirudh Behl,Male,30,Ghaziabad,Madhya Pradesh,2024-07-24
Peter Kumer,Female,41,Giridih,Assam,2025-06-13
Laksh Dutta,Female,52,Allahabad,Assam,2022-12-18
Quincy Toor,Male,59,Darbhanga,Bihar,2024-03-16
Nachiket Dara,Male,32,Chinsurah,Maharashtra,2025-03-11
Maanav Chaudhari,Male,61,Howrah,Maharashtra,2022-09-23
Dalbir Vaidya,Female,51,Orai,Meghalaya,2024-04-03
Chandran Murty,Female,28,Bettiah,Nagaland,2025-02-14
Mitesh Toor,Female,36,Thiruvananthapuram,Meghalaya,2022-10-22
Chavvi Mammen,Male,34,Bhalswa Jahangir Pur,West Bengal,2024-07-31
Balveer Ahluwalia,Female,35,Nizamabad,Maharashtra,2021-10-13
Oliver Chaudhry,Female,28,Anantapuram,Haryana,2021-08-09
Shivansh Kumar,Female,47,Kalyan-Dombivli,Meghalaya,2025-10-27
Gopal Verma,Female,21,Bilaspur,Haryana,2026-04-18
Mekhala Kulkarni,Female,60,Vasai-Virar,West Bengal,2021-07-14
Tamanna Chaudhuri,Female,38,Mangalore,Haryana,2023-05-06
Chavvi Bandi,Female,43,Firozabad,Arunachal Pradesh,2021-07-15
Prisha Sekhon,Female,25,Shimla,Uttar Pradesh,2022-12-08
Mahika Chaudhari,Male,45,Srikakulam,Chhattisgarh,2025-07-28
Chandani Mitra,Female,69,Mehsana,Goa,2024-07-11
Amruta Dani,Female,20,Bally,Jharkhand,2023-05-27
Arin Bhatia,Female,69,Delhi,Tripura,2026-04-14
Hritik Brahmbhatt,Female,22,Sasaram,Bihar,2022-01-25
Ekbal Bhasin,Male,42,Thane,Uttar Pradesh,2022-07-25
Jasmit More,Female,36,Gorakhpur,Haryana,2025-07-22
Finn Peri,Male,41,Mathura,Mizoram,2024-06-23
Wridesh Sundaram,Male,26,Mysore,Arunachal Pradesh,2021-10-13
Osha Ramanathan,Male,59,Aizawl,Gujarat,2022-05-04
Om Dada,Female,40,Gudivada,Telangana,2026-03-11
Jagat Singhal,Male,65,Davanagere,Uttar Pradesh,2025-04-14
Omaja Sinha,Male,56,Karawal Nagar,Rajasthan,2024-11-24
Rushil Iyengar,Female,32,Panihati,Gujarat,2025-06-12
Bina Halder,Female,49,Ambala,Uttar Pradesh,2023-11-15
Unni Upadhyay,Male,49,Chinsurah,Tamil Nadu,2021-07-04
Urvi Patil,Female,43,Indore,Andhra Pradesh,2025-04-08
Nimrat Pradhan,Female,24,Bhubaneswar,Goa,2025-07-20
Nirja Borra,Male,63,Bathinda,Tripura,2025-11-23
Ira Aggarwal,Male,38,Parbhani,Goa,2026-03-27
Gavin Choudhury,Male,57,Hospet,Chhattisgarh,2025-02-13
Samarth Vohra,Male,25,Kota,Nagaland,2024-09-15
Bhavini Virk,Male,48,Yamunanagar,Mizoram,2023-09-26
Lakshit Pant,Male,43,Latur,Tamil Nadu,2025-12-30
Chameli Manda,Male,69,Shimla,Assam,2023-07-20
Geetika Dada,Female,45,Jorhat,Tamil Nadu,2024-01-28
Ekansh Sehgal,Female,44,Kharagpur,Bihar,2025-01-22
Ishanvi Nagarajan,Female,24,Khandwa,Uttarakhand,2024-01-23
Wyatt Raju,Female,29,Mangalore,Sikkim,2025-10-08
Meera Chawla,Male,35,Sasaram,Manipur,2021-07-20
Zilmil Thakkar,Female,54,Firozabad,West Bengal,2024-01-08
Alka Mangat,Female,70,Coimbatore,Bihar,2024-08-08
Irya Bali,Female,31,Dharmavaram,Madhya Pradesh,2022-03-09
Yuvraj Chaudhry,Female,39,Kolkata,Andhra Pradesh,2025-02-07
Pushti Soman,Female,68,Bettiah,Bihar,2023-08-21
Jack Sastry,Female,18,Thrissur,Arunachal Pradesh,2022-07-04
Maanas Rout,Female,55,Gudivada,Meghalaya,2024-08-06
Harsh Dash,Male,47,Bharatpur,Meghalaya,2022-08-07
Faris Kakar,Male,69,Chittoor,Himachal Pradesh,2026-06-19
Anusha Sandal,Female,70,Madhyamgram,Arunachal Pradesh,2024-01-29
Eesha Banerjee,Male,66,Yamunanagar,Chhattisgarh,2022-11-30
Karan Arora,Male,65,Vijayanagaram,West Bengal,2024-01-19
Ishaan Vig,Male,32,Kamarhati,Himachal Pradesh,2022-01-01
Christopher Gill,Male,63,Panvel,Sikkim,2022-01-22
Vasatika Mammen,Male,64,Jamnagar,Manipur,2022-03-18
Garima Peri,Female,53,Bhopal,Odisha,2024-11-20
Pranav Kala,Male,50,Shivpuri,West Bengal,2024-12-25
Amara Khare,Male,55,Bhalswa Jahangir Pur,Chhattisgarh,2024-10-29
Yashodhara Vora,Female,31,Dhule,Jharkhand,2023-06-03
Gautami Suri,Male,67,Sambhal,Uttarakhand,2023-01-14
Vanya Baria,Male,68,Ulhasnagar,Telangana,2022-01-04
Unni Vala,Female,29,Amravati,West Bengal,2025-06-04
Tripti Krishnamurthy,Male,65,Kozhikode,Odisha,2022-05-17
Osha Nagarajan,Male,52,Proddatur,Haryana,2026-01-19
Radha Keer,Male,26,Jamalpur,Uttarakhand,2024-10-13
Shravya Gole,Male,21,Nagpur,Chhattisgarh,2023-10-12
Nakul Shankar,Male,55,Raebareli,Mizoram,2022-08-04
Gavin Choudhry,Male,65,Gopalpur,Nagaland,2023-10-20
Krishna Desai,Male,50,Kurnool,Kerala,2025-05-17
Jyoti Buch,Male,25,Kozhikode,Sikkim,2021-07-17
Jyoti Mahajan,Male,68,Ajmer,Himachal Pradesh,2021-07-18
Warjas Vasa,Male,37,Barasat,Mizoram,2026-02-11
Hitesh Bhargava,Male,64,Jamshedpur,West Bengal,2021-07-05
Jackson Sheth,Male,66,Guntakal,Karnataka,2022-11-05
Yashica Narasimhan,Female,43,Chinsurah,Tamil Nadu,2021-07-27
Vrishti Deshmukh,Female,69,Vijayanagaram,Goa,2023-06-15
Hamsini Mall,Female,58,Amritsar,Andhra Pradesh,2023-04-02
Harinakshi Suri,Male,48,Giridih,Punjab,2022-01-10
Ranbir Menon,Female,70,Pimpri-Chinchwad,Maharashtra,2024-03-06
Anirudh Sen,Female,23,Hindupur,Karnataka,2024-04-09
Christopher Chand,Male,58,Pune,Punjab,2024-01-17
David Bains,Female,45,Surat,Kerala,2021-10-15
Chaman Sen,Female,23,Kirari Suleman Nagar,Punjab,2023-12-29
Triveni Baria,Male,60,Gurgaon,Kerala,2024-09-13
Dhriti Konda,Female,21,Panvel,Mizoram,2023-03-07
Devika Pingle,Male,22,Bidar,Kerala,2022-12-19
Ekani Pillay,Male,20,Bangalore,Tamil Nadu,2023-10-22
Oni Boase,Female,62,Kalyan-Dombivli,West Bengal,2022-01-22
Faqid Chawla,Female,53,Chandigarh,Manipur,2021-08-26
Michael Devi,Male,69,Singrauli,Assam,2026-02-11
Jalsa Sanghvi,Male,18,Tinsukia,Odisha,2023-06-11
Quincy Chatterjee,Female,68,Tiruppur,Chhattisgarh,2025-08-07
Eesha Prashad,Female,49,Jabalpur,Andhra Pradesh,2025-08-28
Victor Rai,Female,39,Kolhapur,Uttarakhand,2025-08-14
Balvan Sampath,Male,57,Nanded,Nagaland,2022-11-20
Hema Behl,Male,58,Haridwar,Punjab,2025-08-31
Isaiah Mall,Female,28,Begusarai,Uttarakhand,2023-01-08
Nidhi Wali,Male,43,Khandwa,Kerala,2024-06-29
Zaitra Roy,Female,53,Kadapa,Mizoram,2025-10-27
Deepa Kapadia,Female,38,Thane,Punjab,2022-12-07
Yatin Koshy,Female,69,Srinagar,Himachal Pradesh,2023-09-16
Gunbir Srinivas,Female,25,Chittoor,Mizoram,2023-12-30
Nirja Sheth,Male,57,Ramgarh,Odisha,2026-03-18
Ganga Badami,Male,70,Saharanpur,Telangana,2025-08-20
Adweta Narang,Male,29,New Delhi,Assam,2023-04-07
Tanvi Bains,Male,22,Guna,Assam,2022-01-22
Balveer De,Female,21,Kumbakonam,Nagaland,2024-07-20
Aarna More,Female,37,Raurkela Industrial Township,Punjab,2024-02-19
Varsha Kanda,Male,20,Chandigarh,Uttar Pradesh,2024-09-21
Aryan Mohanty,Female,65,Panihati,Telangana,2024-01-16
Leela Mittal,Female,29,Vadodara,Kerala,2025-07-14
Fitan Arya,Male,43,Katihar,Gujarat,2026-01-20
Arin Bali,Male,42,South Dumdum,Karnataka,2026-01-31
Utkarsh Khosla,Female,34,Motihari,Kerala,2024-01-23
Garima Mandal,Female,53,Vijayawada,Tripura,2022-05-30
Idika Gaba,Male,60,Ramagundam,Punjab,2021-10-06
Zayan Samra,Female,42,Malegaon,Odisha,2022-07-09
Zayan Bala,Female,60,Tiruvottiyur,Tripura,2024-03-01
Wakeeta Narang,Female,28,Panvel,Himachal Pradesh,2022-03-09
Qarin Acharya,Female,51,Amroha,Rajasthan,2021-10-17
Aahana Nadig,Male,27,Mira-Bhayandar,Odisha,2021-10-09
Charvi Gole,Female,55,Nashik,Mizoram,2023-07-09
Saumya Bhatnagar,Male,52,Guna,Gujarat,2025-04-25
Noah Khosla,Female,67,Sasaram,Arunachal Pradesh,2023-10-31
Aashi Prakash,Female,34,Gangtok,Telangana,2025-10-26
Vansha Ram,Female,51,Pudukkottai,Madhya Pradesh,2024-03-08
Luke Hegde,Female,34,Guntakal,Maharashtra,2025-12-04
Pooja Venkatesh,Female,27,Pali,Assam,2022-05-30
Warhi Loke,Female,38,Malda,Goa,2021-07-05
Bahadurjit Ranganathan,Female,35,Mau,Madhya Pradesh,2026-05-28
Aryan Sagar,Male,42,Bhatpara,Andhra Pradesh,2022-01-23
Kabir Karnik,Female,18,Parbhani,Manipur,2023-10-21
Pranav Vora,Female,41,Patna,Maharashtra,2021-08-26
Quincy Choudhry,Male,39,Jabalpur,Himachal Pradesh,2024-11-12
Fitan Char,Male,42,Kirari Suleman Nagar,Odisha,2025-06-10
Baljiwan Chanda,Female,21,Firozabad,Tripura,2024-02-01
Sneha Contractor,Female,50,Nashik,Sikkim,2025-04-16
Omisha Sen,Male,29,Hindupur,Himachal Pradesh,2024-12-31
Hiral Agrawal,Male,58,Jalna,Madhya Pradesh,2022-05-02
Chakrika Ratta,Male,41,Kozhikode,Arunachal Pradesh,2022-12-08
Upadhriti Pandey,Male,29,Alappuzha,Madhya Pradesh,2024-04-13
Anirudh Sampath,Male,45,Bhavnagar,Goa,2025-09-28
Nidhi Das,Male,58,Miryalaguda,Gujarat,2022-10-20
Suhani Shukla,Male,33,Gwalior,Uttarakhand,2022-09-18
Guneet Dutta,Male,66,Meerut,Manipur,2024-02-26
Ishaan Parekh,Male,26,Miryalaguda,Punjab,2021-10-01
Qabil Gole,Female,40,Dewas,Haryana,2026-04-09
Ojas Bahl,Male,52,Serampore,Arunachal Pradesh,2025-02-26
Rayaan Swamy,Male,68,Guwahati,Andhra Pradesh,2025-04-22
Jackson Jha,Female,32,Tiruchirappalli,Arunachal Pradesh,2025-06-11
Krishna Memon,Female,58,Shimla,Tripura,2025-03-18
Rajeshri Shan,Male,52,Proddatur,Bihar,2023-02-23
Rachana Doctor,Female,57,Tadipatri,West Bengal,2024-02-07
Oni Sood,Female,61,Suryapet,Rajasthan,2023-08-19
Chakradev Bala,Male,38,Jabalpur,Kerala,2025-06-24
Devika Padmanabhan,Female,64,Erode,Punjab,2023-08-11
Wahab Savant,Male,61,Naihati,Tripura,2024-02-21
Vasatika Bir,Female,34,Bathinda,Madhya Pradesh,2021-08-13
Ikbal Suresh,Female,67,Barasat,Bihar,2026-03-14
Farhan Sarraf,Female,32,Darbhanga,Madhya Pradesh,2022-12-08
Ekta Raj,Male,49,Ambattur,Karnataka,2024-01-15
Om Parsa,Male,43,Madanapalle,Arunachal Pradesh,2022-09-18
Udyati Konda,Male,20,Sambhal,Sikkim,2023-06-29
Aarnav Khatri,Male,25,Hubli–Dharwad,Telangana,2023-06-28
Oviya Peri,Male,53,Chapra,Uttarakhand,2021-07-26
Jagat Konda,Male,53,Jalgaon,Meghalaya,2024-01-18
Chaitanya Bail,Male,65,Khandwa,Arunachal Pradesh,2024-11-11
Aarini Agate,Female,58,Gandhidham,Assam,2025-05-16
Faraj Yogi,Male,30,Ahmedabad,Haryana,2024-01-20
Owen Devi,Female,61,Bhiwandi,Himachal Pradesh,2025-04-09
Jeet Rao,Male,69,Rohtak,Meghalaya,2024-10-26
Yashodhara Tailor,Male,47,Ramgarh,Arunachal Pradesh,2024-07-21
Anay Mall,Male,31,Malda,Uttarakhand,2021-06-28
Lajita Kalla,Male,38,Jorhat,Gujarat,2026-04-02
Jack Cherian,Female,29,Ludhiana,Odisha,2022-03-11
Robert Puri,Male,47,Malda,Maharashtra,2023-06-21
Chameli Sandal,Female,55,Sambhal,Rajasthan,2025-08-27
Ryan Chakrabarti,Male,58,Kulti,Telangana,2024-12-16
Bhanumati Goel,Male,44,Secunderabad,West Bengal,2025-10-05
Owen Misra,Female,69,Raiganj,Kerala,2024-09-04
Oni Dey,Female,60,Patna,Sikkim,2025-04-20
Pooja Bansal,Female,44,Katihar,Nagaland,2023-11-11
Lopa Saha,Female,66,Khandwa,Karnataka,2024-10-05
Advaith Dass,Male,43,Firozabad,Andhra Pradesh,2023-05-12
Xavier Kant,Male,41,Alwar,Punjab,2025-05-23
Pahal Tara,Male,49,Warangal,Uttarakhand,2022-11-29
Jairaj Seshadri,Female,49,Silchar,Sikkim,2024-12-31
Falguni Dhawan,Male,44,Nagercoil,Sikkim,2024-10-28
Viraj Varghese,Female,70,Gandhinagar,Punjab,2025-12-07
Chanchal Thakkar,Female,26,Firozabad,Jharkhand,2024-12-23
Yug Jhaveri,Female,63,Gandhinagar,Meghalaya,2021-10-10
Harrison Khanna,Female,70,Suryapet,Meghalaya,2022-07-21
Aachal Ramesh,Male,46,Tiruchirappalli,Maharashtra,2022-09-14
Wishi Garde,Male,69,Kadapa,Bihar,2025-12-06
Jackson Lalla,Female,57,Alappuzha,West Bengal,2025-02-25
Amaira Gopal,Female,48,Madhyamgram,Goa,2023-07-30
Ikshita Lad,Female,43,Bhiwandi,Himachal Pradesh,2022-06-06
Jagat Raman,Female,52,Visakhapatnam,Uttarakhand,2022-02-26
Jairaj Bansal,Female,36,Visakhapatnam,Assam,2025-04-30
Arjun Soman,Male,29,Singrauli,Gujarat,2024-10-14
Teerth Mandal,Male,69,Vijayawada,Haryana,2025-05-13
Ishwar Hegde,Male,68,Visakhapatnam,Goa,2025-04-13
Irya Nath,Female,30,Bhatpara,Punjab,2022-11-25
Odika Tella,Male,55,Shimoga,Gujarat,2024-08-25
Oliver Dubey,Female,27,Guntakal,Haryana,2025-09-09
Isha Rau,Male,44,Belgaum,Rajasthan,2025-12-28
Tara Ramanathan,Male,30,Moradabad,Goa,2023-12-06
Arjun Krishna,Male,58,Bahraich,Sikkim,2024-02-28
Baljiwan Chauhan,Female,70,Howrah,Assam,2024-08-29
Zashil Barman,Female,22,Nanded,Arunachal Pradesh,2023-01-02
Yochana Amble,Male,24,Bharatpur,Assam,2021-07-15
Ria Ramesh,Female,45,Gandhinagar,Sikkim,2021-07-24
Sai Kannan,Female,36,Kanpur,Uttarakhand,2025-07-27
Devika Jaggi,Male,65,Rampur,Jharkhand,2023-12-27
Prisha Master,Male,46,Hospet,Assam,2021-07-22
Abhimanyu Sachar,Male,23,Pallavaram,Meghalaya,2026-05-22
Yochana Bhatia,Female,64,Pimpri-Chinchwad,Tamil Nadu,2023-05-29
Mason Acharya,Female,26,Barasat,Rajasthan,2024-11-18
Nidra Bawa,Female,31,Ulhasnagar,Jharkhand,2023-10-03
Gaurangi Luthra,Female,24,Baranagar,Uttarakhand,2022-08-04
Alka Ben,Female,70,Jorhat,Punjab,2024-01-31
Vrinda Dalal,Female,52,Burhanpur,Arunachal Pradesh,2023-03-29
Advaith Bhalla,Female,30,Mau,Telangana,2024-09-23
Ekantika Rajagopal,Male,26,Tirupati,Himachal Pradesh,2025-04-29
Meghana Dugal,Female,30,Hosur,Andhra Pradesh,2026-03-07
Zaid Bhatnagar,Male,38,Tiruchirappalli,Haryana,2026-01-11
Indira Acharya,Male,41,Madanapalle,Manipur,2021-09-22
Samar Prabhakar,Male,52,Bhopal,Tamil Nadu,2026-05-02
Gautami Khanna,Female,19,Vadodara,Manipur,2024-07-30
Neel Shenoy,Male,66,Burhanpur,West Bengal,2023-04-06
Idika Dubey,Male,53,Panipat,Punjab,2021-10-13
Chanchal Kaur,Male,18,Tiruppur,Manipur,2025-01-21
Barkha Bumb,Male,23,Ongole,West Bengal,2025-08-21
Gaurav Varughese,Female,65,Thiruvananthapuram,Gujarat,2025-02-01
Hemal Sibal,Female,58,Bellary,Madhya Pradesh,2026-03-24
Matthew Singhal,Male,18,Bhopal,Tamil Nadu,2021-12-11
Garima Baria,Female,49,Mathura,Bihar,2025-01-07
Ryan Nayak,Female,67,Kollam,Arunachal Pradesh,2022-03-11
Ishanvi Misra,Female,59,Rajpur Sonarpur,West Bengal,2021-12-23
Ganga Chatterjee,Male,46,Singrauli,Karnataka,2021-07-24
Samesh Sem,Male,45,North Dumdum,Sikkim,2024-01-27
Hemang Balay,Female,32,Varanasi,Uttarakhand,2024-06-20
Vrinda Raghavan,Female,32,Nagercoil,Karnataka,2023-12-21
William Khosla,Male,59,Davanagere,Karnataka,2024-05-19
Hemani Vasa,Male,25,Mumbai,Meghalaya,2026-03-09
Veer Kurian,Female,67,Dehri,Karnataka,2022-06-22
Triveni Mann,Male,70,Jehanabad,Odisha,2025-03-05
Vinaya Raju,Female,64,Nagercoil,Assam,2023-08-31
Aarnav Lala,Female,47,Gandhinagar,Uttar Pradesh,2023-09-28
Wahab Bahl,Female,65,Bikaner,Chhattisgarh,2023-07-15
Xalak Brahmbhatt,Male,35,Secunderabad,West Bengal,2025-06-21
Devansh Halder,Female,28,Bongaigaon,Manipur,2025-05-15
Chanakya Hari,Male,42,Kumbakonam,Maharashtra,2021-06-29
Bhanumati Dube,Female,40,Durg,West Bengal,2022-08-03
Avi Palan,Male,24,Solapur,Kerala,2024-11-29
Leena Iyengar,Male,29,Panchkula,Manipur,2022-04-19
Aadi Mohan,Female,51,Amaravati,Himachal Pradesh,2026-02-05
Nidhi Muni,Male,23,Delhi,Tamil Nadu,2025-04-13
Madhav Mukhopadhyay,Female,61,Miryalaguda,Tamil Nadu,2025-04-07
Warjas Mall,Male,57,Pune,West Bengal,2025-04-13
Gaurangi Sharma,Female,51,Morbi,Telangana,2022-03-19
Harita Krishnamurthy,Male,25,Rourkela,Goa,2025-05-16
Pushti Murthy,Female,37,Rajkot,Karnataka,2021-10-21
Darpan Datta,Male,68,Jehanabad,Karnataka,2025-04-28
Nihal Toor,Female,58,Bally,Maharashtra,2026-05-01
Faris Palan,Male,37,Bahraich,Jharkhand,2021-07-05
Saumya Sagar,Female,63,Siwan,Karnataka,2023-08-07
Anthony Sha,Female,45,Tenali,Nagaland,2025-02-01
Jagat Muni,Female,19,Panipat,Arunachal Pradesh,2023-06-02
Chavvi Tella,Female,20,Hajipur,Maharashtra,2024-07-19
Mugdha Narain,Male,41,Chapra,Manipur,2021-07-04
Guneet Dhar,Male,44,Satara,Goa,2025-10-23
Aahana Sharma,Female,60,Nashik,Madhya Pradesh,2022-06-03
Hemang Som,Male,70,Farrukhabad,Manipur,2025-04-10
Daksh Bahl,Male,35,Suryapet,Goa,2025-10-20
Banjeet Varghese,Female,30,Barasat,Nagaland,2024-01-27
Jhalak Vala,Male,25,Amroha,Andhra Pradesh,2023-11-28
Jagvi Minhas,Female,34,Dhanbad,West Bengal,2026-02-08
Matthew Naik,Female,25,Hosur,Assam,2022-07-13
Amaira Kadakia,Female,33,Bareilly,Goa,2025-07-03
Guneet Saha,Male,63,Narasaraopet,Odisha,2024-02-24
Ishaan Devan,Male,55,Srikakulam,Himachal Pradesh,2023-08-03
Ranveer Dhaliwal,Male,68,Mangalore,Karnataka,2025-03-25
Avni Pau,Female,46,Jaipur,Rajasthan,2022-11-12
Gaurang Chada,Male,56,Tiruvottiyur,Uttarakhand,2024-07-11
Odika Master,Male,70,Baranagar,Sikkim,2024-03-07
Utkarsh Shah,Male,21,Proddatur,Maharashtra,2022-11-21
Jagvi Mani,Female,23,Dharmavaram,Nagaland,2024-03-14
Timothy Parsa,Male,64,Rajpur Sonarpur,Jharkhand,2026-03-08
Yachana Pall,Male,66,Kanpur,Manipur,2023-10-21
Kavya Zachariah,Female,24,Lucknow,Maharashtra,2021-12-25
Ishaan Rao,Female,60,Katihar,Chhattisgarh,2023-05-15
Gaurangi Kothari,Male,36,Madhyamgram,Tamil Nadu,2024-07-31
Tamanna Dhaliwal,Male,35,Warangal,Uttar Pradesh,2023-06-08
Balveer Varughese,Female,42,Karawal Nagar,Tripura,2023-10-31
Nakul Nath,Male,20,Haridwar,Assam,2023-02-08
Vihaan Sastry,Male,30,Gurgaon,Punjab,2021-07-15
Raagini Panchal,Female,60,Kavali,Rajasthan,2023-10-30
Aradhana Vohra,Female,55,Khandwa,Telangana,2023-02-15
Yutika Sarraf,Male,68,Patiala,Uttar Pradesh,2022-07-30
Gaurav Johal,Female,60,Yamunanagar,Mizoram,2025-05-23
Om Verma,Female,36,Korba,Manipur,2021-12-06
Falak Ratti,Female,44,Warangal,Haryana,2023-08-25
Anmol Agate,Male,54,Agra,Andhra Pradesh,2024-12-01
Udant Reddy,Female,20,Rohtak,Telangana,2023-10-10
Fiyaz Badal,Female,44,Narasaraopet,Jharkhand,2025-03-21
Simon Seth,Female,52,Madhyamgram,Punjab,2026-01-01
Ekanta Thakkar,Female,46,Shimoga,Kerala,2024-10-04
Henry Mittal,Female,24,Jodhpur,Andhra Pradesh,2024-12-16
Tanvi Pingle,Male,26,Bhilai,Arunachal Pradesh,2021-07-04
Tanay Wadhwa,Female,22,Buxar,Uttar Pradesh,2021-12-20
Xavier Manda,Female,63,Ujjain,Nagaland,2025-03-30
Oliver Thaman,Female,70,Solapur,Sikkim,2022-03-10
Mohammed Konda,Male,46,Surendranagar Dudhrej,Tripura,2022-02-13
Saanvi Mann,Female,41,Ghaziabad,Gujarat,2024-09-25
Maanav Sane,Male,61,Bhind,Karnataka,2026-03-10
Balvan Garde,Female,26,Sultan Pur Majra,Haryana,2025-04-12
Sudiksha Virk,Female,64,Malda,Odisha,2021-11-23
Krishna Ramanathan,Female,57,Srinagar,Uttarakhand,2025-05-09
Mason Yogi,Male,39,Tirunelveli,Tripura,2023-12-08
Osha Raja,Male,32,Vijayawada,West Bengal,2023-07-08
Sanaya Kale,Female,51,Gaya,Tripura,2023-08-26
Dalaja Lalla,Female,36,Ambala,Gujarat,2024-11-07
Chasmum Nagar,Female,26,Raebareli,Arunachal Pradesh,2024-07-03
Vamakshi Rattan,Female,25,Ranchi,Telangana,2021-12-05
Gaurika Choudhry,Male,47,Etawah,Mizoram,2025-03-14
Om Pathak,Male,33,Meerut,Haryana,2022-12-15
Ekapad Varma,Male,45,Aurangabad,Kerala,2021-11-11
Aishani Subramanian,Male,39,Srikakulam,Mizoram,2023-12-03
Ishita Borah,Female,47,Jabalpur,Tripura,2023-03-15
Alexander Pillai,Female,23,Bettiah,Uttar Pradesh,2021-12-18
Fitan Garg,Female,21,Thane,Sikkim,2024-12-26
Damini Lad,Female,55,Yamunanagar,Maharashtra,2022-03-01
Reyansh Pandey,Female,18,Bettiah,Andhra Pradesh,2022-12-19
Charita Kale,Male,40,Gaya,Madhya Pradesh,2022-11-20
Brijesh Mital,Female,57,Morena,Maharashtra,2022-02-24
Lipika Doshi,Male,32,Ratlam,Karnataka,2026-03-14
Radhika Golla,Male,68,Guwahati,Himachal Pradesh,2022-04-03
Yatin Sampath,Male,39,Thanjavur,Haryana,2022-01-16
Ishanvi Oommen,Female,29,Ajmer,Arunachal Pradesh,2024-03-25
Vanya Ray,Female,65,Gurgaon,Tamil Nadu,2024-04-18
Krish Jain,Female,55,Erode,West Bengal,2022-08-23
Dhriti Bath,Female,21,Latur,Punjab,2023-05-26
Arunima Chahal,Male,21,Kanpur,Himachal Pradesh,2022-11-13
Nidra Ray,Male,66,Medininagar,Punjab,2022-09-12
Gaurang Kade,Male,67,Raichur,Meghalaya,2025-08-07
Zilmil Chaudhuri,Male,64,Tiruvottiyur,West Bengal,2025-03-22
Pranit Gala,Female,58,Parbhani,Tamil Nadu,2022-08-26
Tamanna Chander,Female,64,Jamalpur,Mizoram,2022-01-28
Nidhi Aurora,Female,60,Hazaribagh,Assam,2022-06-06
Azaan More,Female,55,Faridabad,Nagaland,2023-03-16
Atharv Apte,Male,51,Giridih,Karnataka,2023-03-12
Girik Ramesh,Male,46,Jamalpur,Mizoram,2021-08-28
Krishna Pai,Female,33,Tenali,Rajasthan,2024-11-14
Jairaj Loyal,Female,19,Kollam,Uttar Pradesh,2025-04-17
Avni Ahuja,Female,53,Amravati,Telangana,2022-06-06
Ekta Apte,Male,67,Howrah,Jharkhand,2022-04-17
Yashasvi Chand,Female,20,Sri Ganganagar,Assam,2022-03-01
Amaira Babu,Female,38,Bahraich,Jharkhand,2024-01-24
Abhimanyu Chana,Male,34,Ujjain,Uttarakhand,2026-06-13
Gopal Buch,Female,56,Jammu,Tamil Nadu,2023-06-21
Ekantika Bala,Male,44,Pallavaram,Rajasthan,2024-04-22
Panini Thaker,Female,40,Aligarh,Himachal Pradesh,2022-12-24
Harinakshi Jain,Female,67,Khora ,West Bengal,2024-12-15
Nirja Mand,Male,54,Morbi,Tripura,2024-11-16
Wakeeta Goel,Female,18,Phagwara,Jharkhand,2021-11-22
Bhanumati Deshpande,Male,36,Moradabad,Rajasthan,2023-06-06
Wyatt Prashad,Male,20,Gwalior,Uttarakhand,2023-05-24
Sai Gera,Male,63,Noida,Kerala,2025-07-14
Sara Saha,Male,37,Cuttack,Mizoram,2022-08-30
Jai Narayanan,Female,56,Nandyal,Gujarat,2024-03-21
Bachittar Bala,Male,63,Phagwara,Kerala,2022-05-27
Gavin Sheth,Female,37,Siwan,Mizoram,2021-10-28
Alka Singh,Female,43,Naihati,Meghalaya,2023-12-16
Aradhana Mander,Male,48,Thrissur,Tamil Nadu,2023-02-08
Tanmayi Sarma,Female,21,Parbhani,Rajasthan,2025-07-22
Upma Sawhney,Female,37,Amravati,Tripura,2026-02-12
Xiti Sinha,Female,44,Chennai,Manipur,2024-08-26
Chasmum Rattan,Female,40,Chennai,Meghalaya,2022-10-27
Ayaan Mander,Male,60,Avadi,Madhya Pradesh,2024-06-22
David Mand,Male,18,Ratlam,Bihar,2022-12-02
Pavani Prabhakar,Male,29,Rampur,Chhattisgarh,2025-04-21
Yochana Bhasin,Female,41,Udaipur,Tripura,2021-10-08
Xavier Thakur,Male,44,Vellore,West Bengal,2024-11-05
Tristan Vig,Male,69,Guntur,Punjab,2024-05-22
Vyanjana Gupta,Female,44,New Delhi,Jharkhand,2022-10-26
Manya Doshi,Male,34,Kumbakonam,Nagaland,2023-04-14
Jacob Mangat,Female,49,Raiganj,Karnataka,2021-07-13
Max Bhatia,Male,69,Jodhpur,Sikkim,2025-06-05
Bhavna Ramaswamy,Female,56,Kolkata,Tamil Nadu,2025-11-04
Ishita Rana,Female,62,Sagar,Arunachal Pradesh,2022-05-31
Kai Majumdar,Male,38,Rohtak,West Bengal,2023-10-13
Aadi Sridhar,Male,59,Mathura,Manipur,2021-08-01
Bhavani Bassi,Female,31,New Delhi,Arunachal Pradesh,2025-02-18
Janaki Halder,Male,24,Bharatpur,Haryana,2023-08-07
Ojas Narula,Female,55,Hindupur,Himachal Pradesh,2023-05-05
Hiral Gera,Male,29,Tiruchirappalli,Rajasthan,2022-01-01
Arunima Bhat,Female,34,Aurangabad,Meghalaya,2024-10-26
Garima Raju,Female,45,Ambala,Bihar,2024-07-03
Jeet Tara,Female,51,Ujjain,Bihar,2021-11-20
Hemangini Dalal,Male,41,Vasai-Virar,Kerala,2026-04-13
Zashil Kota,Female,38,Raipur,Himachal Pradesh,2022-02-18
Urvi Varkey,Female,49,Nagpur,Meghalaya,2021-10-23
Omaja Mann,Female,50,Bhimavaram,Arunachal Pradesh,2025-04-23
Sara Kamdar,Female,59,Sri Ganganagar,Rajasthan,2024-01-12
Siddharth Ramesh,Female,50,Guwahati,Gujarat,2023-06-18
Rushil Natt,Female,62,Mango,Uttarakhand,2023-09-12
Sarthak Dhar,Female,45,Hapur,Jharkhand,2024-04-08
Thomas Master,Female,42,Muzaffarpur,Rajasthan,2023-10-30
Lila Dave,Male,31,Jamshedpur,Punjab,2025-05-10
Yash Deshpande,Male,44,Tirunelveli,Uttar Pradesh,2022-12-25
Yug Chaudhry,Male,62,Hapur,Chhattisgarh,2022-10-24
Diya Kumar,Female,55,Tiruchirappalli,Sikkim,2023-10-18
Dhriti Kala,Male,56,Khandwa,Kerala,2021-12-06
Andrew Mandal,Male,35,Ramgarh,Punjab,2023-10-27
Hemangini Prabhu,Female,29,Bhiwandi,Punjab,2025-12-17
Lajita Toor,Female,38,Bhilai,Punjab,2023-09-14
Aradhana Andra,Female,60,Shivpuri,Chhattisgarh,2022-10-12
Henry Sinha,Male,70,Madanapalle,Manipur,2022-03-19
Aditya Lad,Female,70,Dharmavaram,Madhya Pradesh,2025-10-11
Adweta Bansal,Male,42,Mau,West Bengal,2024-02-13
Amruta Nadkarni,Male,69,Bathinda,Mizoram,2022-02-27
Ubika Murty,Female,51,Junagadh,West Bengal,2021-10-07
Laksh Sengupta,Female,23,Nandyal,Telangana,2023-03-28
Bishakha Borah,Male,41,Tumkur,Telangana,2024-02-02
Triya Johal,Male,50,Ballia,Madhya Pradesh,2024-01-20
Hamsini Sandal,Female,68,Haldia,Andhra Pradesh,2026-06-21
Rayaan Kara,Female,34,Bhiwandi,Tripura,2022-09-08
Laksh Kala,Male,23,Warangal,Punjab,2025-10-05
Farhan Sarma,Female,41,Kirari Suleman Nagar,West Bengal,2021-11-25
Warinder Dhar,Female,24,Burhanpur,Jharkhand,2026-01-08
Aahana Trivedi,Female,39,Imphal,West Bengal,2023-10-02
Ishani Gade,Female,18,Siwan,Arunachal Pradesh,2022-11-15
Vihaan Chana,Male,68,Motihari,Manipur,2022-07-20
Sneha Bhandari,Male,47,Amritsar,Goa,2024-03-01
Jyoti Lanka,Male,63,Secunderabad,Chhattisgarh,2021-11-16
Dev Kala,Female,50,New Delhi,Andhra Pradesh,2023-07-10
Varsha Pau,Female,53,Serampore,Uttar Pradesh,2023-05-28
Udant Narayan,Female,51,Ahmedabad,Karnataka,2026-01-23
Ishani Sanghvi,Male,56,North Dumdum,Goa,2025-08-30
Yuvraj Babu,Male,42,Ranchi,Uttar Pradesh,2024-10-18
Jasmit Khanna,Male,40,Kollam,Tamil Nadu,2023-09-02
Dev Krishnamurthy,Female,29,Kavali,Kerala,2022-10-07
Kabir Balakrishnan,Male,39,Gurgaon,Tamil Nadu,2026-05-26
Onveer Chawla,Male,18,Unnao,Arunachal Pradesh,2025-04-01
Frederick Char,Female,37,Nagpur,Sikkim,2026-05-05
Nachiket Golla,Male,51,Aurangabad,Odisha,2022-10-16
Chakrika Prabhu,Female,63,Jammu,Punjab,2022-05-23
Frado Chawla,Female,60,Saharanpur,Tripura,2024-06-19
Netra Dada,Female,34,Bijapur,Sikkim,2022-02-03
Upkaar Contractor,Female,49,Guwahati,Tripura,2021-08-13
Mahika Chand,Male,52,North Dumdum,Tamil Nadu,2026-01-09
Rachit Raman,Male,26,Panvel,Karnataka,2025-04-08
Waida Parmar,Male,22,Dibrugarh,Maharashtra,2025-12-30
Lakshit Venkatesh,Female,49,Uluberia,Tamil Nadu,2023-10-25
Zinal Kuruvilla,Female,18,Imphal,Chhattisgarh,2022-12-01
Upkaar Modi,Female,41,Bharatpur,Bihar,2023-09-27
Shivansh Majumdar,Male,63,Loni,Maharashtra,2024-08-24
Nandini Pathak,Female,58,Mau,Maharashtra,2021-12-14
Siya More,Male,46,Srikakulam,Karnataka,2025-02-20
Adya Tella,Male,25,Amroha,Telangana,2022-07-12
Manya Mahajan,Female,31,Maheshtala,Chhattisgarh,2021-12-27
Chameli Sahni,Female,44,Khammam,Punjab,2025-05-10
Bishakha Krish,Female,34,Kanpur,Haryana,2022-10-20
Nihal Gade,Female,38,Rajpur Sonarpur,Gujarat,2022-05-09
Zaid Cheema,Male,43,Bally,Himachal Pradesh,2024-10-13
Rayaan Deol,Male,23,Haridwar,Arunachal Pradesh,2022-06-20
Jason Gaba,Female,23,Kozhikode,Kerala,2026-03-28
Jonathan Madan,Female,64,Buxar,Madhya Pradesh,2025-06-06
Divya Deep,Male,34,Dehri,Odisha,2023-10-26
Waida Halder,Female,46,Gudivada,Tamil Nadu,2021-11-21
Yashoda Dash,Female,26,Akola,West Bengal,2022-01-28
Baljiwan Borde,Female,21,Mahbubnagar,Assam,2025-12-17
Fariq Nadig,Female,52,Kakinada,Telangana,2022-01-10
Anthony Lall,Female,50,Visakhapatnam,Goa,2026-06-01
Krishna Bhasin,Female,27,Panihati,Telangana,2022-11-27
Rishi Chada,Male,19,Gaya,Haryana,2023-09-16
Fitan Kale,Female,35,Madanapalle,Kerala,2024-05-08
Raghav Panchal,Female,27,Hajipur,Assam,2026-03-09
Bimala Balay,Female,60,Bidar,Himachal Pradesh,2025-07-22
George Mannan,Female,35,Kota,Himachal Pradesh,2025-10-08
Tanvi Rao,Female,55,Bhagalpur,Karnataka,2022-08-13
Mohini Iyengar,Male,60,Pallavaram,Haryana,2025-10-20
Ayaan Bumb,Female,22,Phagwara,Arunachal Pradesh,2022-08-21
Yauvani Mital,Male,61,Bhind,Sikkim,2023-08-09
Chakradev Tank,Female,35,Adoni,Rajasthan,2025-11-01
Om Seshadri,Male,20,Guntakal,Punjab,2024-01-11
Michael Nair,Female,31,Rajpur Sonarpur,Meghalaya,2026-02-25
Samarth Pillay,Female,19,Kolkata,Arunachal Pradesh,2026-06-03
Leela Saraf,Male,48,Indore,Tamil Nadu,2022-02-26
Upasna Aggarwal,Male,45,Orai,Rajasthan,2022-08-15
Udarsh Kashyap,Female,43,Bidhannagar,Tripura,2023-11-08
Madhav Dhillon,Male,49,Kamarhati,Jharkhand,2025-09-21
Frederick Ratta,Male,23,Gudivada,Uttarakhand,2023-11-16
Kashish Suri,Male,45,Raichur,Goa,2025-05-06
Urishilla Shenoy,Female,59,Sonipat,Gujarat,2023-12-16
Ishani Suresh,Male,30,Sangli-Miraj & Kupwad,Assam,2024-10-02
Tara Seshadri,Male,26,Jabalpur,Chhattisgarh,2026-04-27
Karan Mishra,Male,66,Kamarhati,Sikkim,2021-10-08
Nathaniel Barad,Male,49,Kochi,Uttar Pradesh,2023-10-10
Inaya Devan,Male,67,Agartala,Karnataka,2023-07-24
Sathvik Dugar,Female,57,Rajpur Sonarpur,Meghalaya,2024-12-16
Dayamai Dhaliwal,Male,51,Jalandhar,Madhya Pradesh,2024-05-27
Anya Krishnan,Female,54,Miryalaguda,Rajasthan,2026-02-04
Gaurang Lad,Female,44,Nandyal,Punjab,2023-04-30
Wahab Sekhon,Male,56,Saharanpur,Uttar Pradesh,2022-07-25
Januja Baria,Male,57,Begusarai,Karnataka,2024-11-08
Devika Garg,Female,32,Imphal,Andhra Pradesh,2022-11-28
Pranit Sengupta,Female,34,Tenali,Meghalaya,2024-11-19
Aahana Saraf,Female,22,Kolkata,Meghalaya,2026-01-14
Sathvik Varty,Male,64,Imphal,Himachal Pradesh,2024-10-07
Idika Dave,Male,35,Jamshedpur,Gujarat,2024-05-02
Bina Sankaran,Female,22,Bulandshahr,Nagaland,2026-05-01
Umang Singh,Male,50,Sirsa,Karnataka,2022-03-03
Aarna Bhatti,Female,36,Thiruvananthapuram,Haryana,2026-04-09
Ishanvi Nigam,Female,20,Udaipur,Nagaland,2024-05-23
Vamakshi Sem,Female,53,Karawal Nagar,Madhya Pradesh,2025-01-02
Yauvani Dora,Female,25,Moradabad,Chhattisgarh,2023-11-05
Bhanumati Barad,Female,34,Maheshtala,Goa,2026-01-14
Mohini Divan,Male,23,Kottayam,Maharashtra,2026-01-15
Neha Dani,Male,44,Mathura,Uttar Pradesh,2025-01-26
Baljiwan Bhatia,Male,33,Noida,Meghalaya,2022-08-04
Jack Bali,Female,21,Patna,Nagaland,2024-01-01
Frederick Barad,Female,27,Ahmedabad,Nagaland,2022-05-22
Kai Contractor,Female,34,Nagercoil,Goa,2026-06-14
Wahab Ghosh,Male,55,Rourkela,Tamil Nadu,2025-06-26
Omya Sahni,Male,40,Allahabad,Karnataka,2024-06-01
Lakshmi Tak,Male,19,Rourkela,Meghalaya,2023-11-09
Gavin Kadakia,Male,67,Hazaribagh,Rajasthan,2025-01-21
Pranav Walia,Male,63,Tumkur,Meghalaya,2022-07-04
Udarsh Jhaveri,Male,65,Adoni,Mizoram,2025-02-05
Madhavi Bail,Male,63,Vijayawada,Andhra Pradesh,2026-01-02
Pooja Chatterjee,Male,59,Rajahmundry,Goa,2025-11-15
Zinal Luthra,Male,31,Kirari Suleman Nagar,Punjab,2024-12-19
Kamala Gaba,Male,66,Kishanganj,Himachal Pradesh,2023-05-02
Yoshita Issac,Female,34,Khammam,Chhattisgarh,2023-12-22
Zayyan Dugar,Male,49,Farrukhabad,Jharkhand,2021-08-26
Pooja Narain,Male,42,Bongaigaon,Haryana,2023-07-25
Qadim Mishra,Female,20,Tiruchirappalli,Haryana,2026-03-26
Rehaan Bava,Male,56,Shivpuri,Nagaland,2021-11-08
Wishi Sengupta,Female,57,Kozhikode,Nagaland,2022-02-27
Aayush Kanda,Female,36,South Dumdum,Gujarat,2024-10-30
Sai Randhawa,Male,20,Sangli-Miraj & Kupwad,Karnataka,2024-09-12
Hemani Sidhu,Female,39,Jodhpur,Kerala,2022-11-26
Jatin Shah,Female,60,Fatehpur,Maharashtra,2021-08-30
Ira Ramakrishnan,Female,19,Madhyamgram,Mizoram,2021-06-29
Ijaya Sood,Male,37,Nandyal,Gujarat,2025-09-01
Qushi Sen,Female,56,Nangloi Jat,Haryana,2024-09-10
Zansi Hans,Female,19,Udaipur,Gujarat,2024-01-24
Advaith Hayre,Male,40,Varanasi,Gujarat,2023-03-26
Rishi Borah,Male,33,Sikar,Goa,2021-08-06
Isaiah Patil,Male,62,Guntakal,Uttarakhand,2025-04-15
Bhavini Varma,Female,55,Silchar,Uttarakhand,2025-08-17
Lavanya Rajan,Female,55,Korba,Bihar,2022-07-05
Damyanti Borde,Male,54,Salem,Assam,2023-01-30
Zashil Borde,Female,62,Nadiad,Punjab,2023-08-15
Yashodhara Om,Female,67,Bhopal,Uttar Pradesh,2025-07-29
Fiyaz Sharaf,Female,38,Jodhpur,Meghalaya,2024-03-13
Unnati Sandal,Male,55,Akola,Karnataka,2024-03-29
Faras Madan,Male,45,North Dumdum,Punjab,2023-05-10
Vasatika Khosla,Male,34,Baranagar,Rajasthan,2025-12-30
Manthan Karan,Male,52,Alwar,Uttarakhand,2023-05-27
Kala Kothari,Male,34,Berhampur,Assam,2026-05-30
Qushi Bail,Female,30,Arrah,Odisha,2026-03-01
Aarna Dutta,Female,58,Gorakhpur,Tamil Nadu,2022-02-15
Girik Krishnan,Female,27,Ozhukarai,Kerala,2023-04-19
Krish Verma,Female,31,Deoghar,Arunachal Pradesh,2021-11-07
Wriddhish Sheth,Female,59,Etawah,Nagaland,2026-06-03
Kai Chandran,Male,28,Raiganj,Himachal Pradesh,2024-09-13
Vidhi Sheth,Female,63,Dehri,Nagaland,2025-11-29
Mugdha Amble,Male,36,Bokaro,West Bengal,2025-04-08
Chandani Chada,Male,53,Mira-Bhayandar,Madhya Pradesh,2025-04-16
Gagan Dash,Male,70,Chandrapur,Jharkhand,2023-11-26
Yoshita Tailor,Female,65,Jamalpur,Tripura,2023-09-13
Bina Dhar,Female,68,Varanasi,Jharkhand,2022-02-11
Vincent Solanki,Male,18,Bettiah,West Bengal,2023-11-22
Zaid Chakraborty,Female,29,Asansol,Uttarakhand,2024-02-28
Jagvi Barad,Male,23,Vijayawada,Uttarakhand,2023-06-18
Triveni Gandhi,Female,54,Ranchi,Jharkhand,2021-11-11
Tripti Mangat,Female,55,Raichur,Bihar,2022-05-07
Gaurang Chakrabarti,Male,69,Ulhasnagar,Assam,2023-07-30
Oni Muni,Male,42,Bikaner,Sikkim,2023-06-20
Ekanta Nadkarni,Female,62,Rewa,Andhra Pradesh,2022-10-05
Libni Chhabra,Male,25,Farrukhabad,Meghalaya,2023-05-08
Laban Kalita,Male,26,Rajpur Sonarpur,Haryana,2025-08-09
Rehaan Mani,Female,69,Bahraich,Himachal Pradesh,2023-04-28
Amaira Halder,Female,41,Jaipur,Meghalaya,2023-12-08
Ayushman Hora,Female,24,Meerut,Kerala,2025-02-14
Maya Bandi,Male,63,Bharatpur,Bihar,2022-08-18
Januja Majumdar,Female,30,New Delhi,Gujarat,2026-05-15
Jeremiah Ratta,Female,31,Raipur,Karnataka,2025-11-05
Lakshit Chandra,Male,55,Ulhasnagar,Goa,2022-04-22
Charvi Chokshi,Male,23,Narasaraopet,Madhya Pradesh,2021-12-23
Hema Hegde,Female,67,Berhampore,Arunachal Pradesh,2026-02-16
Nilima Dave,Male,53,Muzaffarnagar,Mizoram,2026-02-09
Sai Mitter,Female,20,Shimla,West Bengal,2026-04-07
Saumya Seshadri,Female,68,Nagpur,Odisha,2022-03-13
Avni Kadakia,Female,41,Noida,Andhra Pradesh,2021-11-20
Arin Bhalla,Female,59,Katni,Punjab,2024-01-19
Simon Sahni,Male,31,Parbhani,Maharashtra,2022-04-07
Vidhi Sule,Female,32,Kulti,Kerala,2024-09-12
Reva Randhawa,Female,54,Mathura,Tripura,2022-03-28
Sara Garg,Female,27,Srikakulam,Goa,2024-04-04
Yashawini Bhatti,Male,48,Alwar,Tripura,2024-08-23
Divya Cherian,Female,39,Bidar,Uttar Pradesh,2021-08-31
Radha Bava,Male,34,Sangli-Miraj & Kupwad,Jharkhand,2024-06-08
Ekalinga Lata,Male,57,Bardhaman,Uttar Pradesh,2026-04-12
Jyoti Gala,Female,57,Erode,Kerala,2024-06-05
Urmi Sanghvi,Male,39,Chapra,Tripura,2021-08-30
Upadhriti Oza,Female,48,Sultan Pur Majra,Karnataka,2025-04-03
Sarthak Kaul,Female,26,Khammam,Manipur,2022-09-12
Watika Singh,Male,61,Raichur,Uttarakhand,2023-04-27
Yadavi Gill,Female,67,Malda,Haryana,2024-03-29
Ekavir Vora,Male,60,Agra,Karnataka,2021-11-04
Fiyaz Nagi,Female,57,Alappuzha,Himachal Pradesh,2023-01-09
Oeshi Lad,Female,44,Phusro,Jharkhand,2021-11-30
Kala Jha,Male,69,North Dumdum,Telangana,2024-03-12
Frederick Sule,Female,31,Kumbakonam,Haryana,2022-02-25
Faraj Khatri,Female,62,Dindigul,Himachal Pradesh,2026-04-25
Jeremiah Bal,Male,32,Aligarh,Uttar Pradesh,2025-01-11
Saksham Oak,Female,25,Kurnool,Bihar,2026-01-10
Aarnav Modi,Female,45,Noida,Rajasthan,2025-12-02
Upadhriti Jain,Female,58,Akola,Uttarakhand,2022-11-14
Wridesh Karan,Female,27,Phagwara,Assam,2023-08-28
Faraj Mohan,Male,48,Vijayawada,Karnataka,2022-05-10
Nitesh Jhaveri,Female,20,Faridabad,Arunachal Pradesh,2022-02-06
Reyansh Agrawal,Female,31,Tirupati,Tripura,2024-05-05
Owen Kalita,Male,68,Kulti,Tripura,2024-08-21
Waida Gala,Male,67,Asansol,Manipur,2025-09-05
Anita Korpal,Female,69,Kota,Goa,2025-01-09
Noah Baria,Male,34,Bangalore,Kerala,2023-08-29
Chandani Pandey,Female,53,Burhanpur,Andhra Pradesh,2023-08-31
Lavanya Mallick,Female,31,Thiruvananthapuram,Assam,2023-03-29
Sai Sundaram,Female,21,Meerut,Sikkim,2024-07-25
Jagrati Peri,Female,63,Mango,Rajasthan,2026-01-07
Vyanjana Parmer,Female,40,Bhopal,Andhra Pradesh,2023-01-28
Omya Nagi,Male,47,Kalyan-Dombivli,Uttarakhand,2024-04-30
Jackson Chowdhury,Male,35,Sultan Pur Majra,Nagaland,2022-12-28
Harrison Samra,Female,37,Raurkela Industrial Township,Nagaland,2025-03-29
Ria Cheema,Female,45,Satna,Mizoram,2026-01-15
Vrinda Mital,Female,46,Jalgaon,Haryana,2024-10-10
Amara Sankar,Female,43,Maheshtala,Sikkim,2022-06-04
Manya Shetty,Male,57,Purnia,Himachal Pradesh,2023-11-14
Harshil Dixit,Female,22,Anantapuram,Uttar Pradesh,2023-03-22
Zaid Kannan,Male,66,Shimla,Maharashtra,2024-05-30
Amruta Rege,Male,43,Dharmavaram,Karnataka,2023-06-18
Vedant Joshi,Female,48,Amaravati,Maharashtra,2021-10-14
Yashasvi Johal,Male,37,Amravati,Meghalaya,2024-02-25
Devika Chada,Male,50,Ramagundam,Arunachal Pradesh,2022-06-07
Mohammed Datta,Female,48,Bardhaman,Himachal Pradesh,2023-07-20
Tarak Divan,Male,26,Kolkata,Goa,2025-10-22
Gavin Nagarajan,Male,62,Eluru,Gujarat,2021-08-12
Warhi Dubey,Female,18,Eluru,Arunachal Pradesh,2023-04-12
Bakhshi Bhakta,Male,22,Nanded,Tripura,2026-04-08
Hemang Butala,Male,50,Panchkula,Kerala,2024-04-12
Christopher Soni,Male,47,Belgaum,Uttar Pradesh,2025-12-21
Hiral Subramaniam,Female,24,Dhanbad,Tripura,2022-06-08
Manthan Bala,Male,52,Jodhpur,Goa,2024-08-19
Owen Mangal,Male,37,Noida,Gujarat,2021-07-27
Yash Bansal,Female,61,Sirsa,Maharashtra,2024-05-28
Neel Ganesan,Female,18,Srinagar,West Bengal,2022-08-06
Harish Swaminathan,Female,69,Silchar,Karnataka,2025-05-16
Isha Vala,Female,67,Delhi,Nagaland,2023-01-25
Eshana Khurana,Female,28,Tinsukia,Uttarakhand,2025-04-24
Yashica Kari,Male,27,Pune,Odisha,2023-09-05
Wyatt Bhavsar,Female,32,Kanpur,Telangana,2022-05-29
Raksha Chakrabarti,Male,27,Mau,Jharkhand,2023-10-07
Eshana Thaker,Female,20,Guntakal,Assam,2023-01-07
Chavvi Kamdar,Female,42,Pudukkottai,Chhattisgarh,2023-04-06
Arya Vyas,Female,68,Mangalore,Jharkhand,2022-08-18
George Sangha,Female,39,Bhilai,Madhya Pradesh,2023-02-12
Henry Atwal,Male,69,Burhanpur,Manipur,2022-11-24
Azaan Oak,Male,53,Panipat,Himachal Pradesh,2023-04-25
Jyoti Dutt,Male,56,Jhansi,Tamil Nadu,2023-05-17
Reva Sant,Male,25,Dibrugarh,Telangana,2023-09-08
Hiral Apte,Female,68,Rajpur Sonarpur,Manipur,2025-08-31
Sai Chaudry,Male,55,Mathura,Uttarakhand,2025-03-31
Ayushman Kanda,Female,64,Nadiad,Nagaland,2021-12-23
Diya Vohra,Female,58,Kalyan-Dombivli,Maharashtra,2024-04-23
Qasim Shenoy,Female,50,Solapur,Telangana,2022-02-02
Hardik Dhar,Male,53,Tadepalligudem,Sikkim,2025-02-28
Chakradev Varty,Female,48,Aizawl,Assam,2022-06-22
Hiral Bedi,Female,55,Delhi,Bihar,2021-09-26
Ijaya Dhar,Male,62,Visakhapatnam,Meghalaya,2025-10-22
Ekaraj Kalita,Female,29,Raurkela Industrial Township,Uttar Pradesh,2022-07-16
Siddharth Hora,Female,24,Gandhinagar,Meghalaya,2023-04-20
Jairaj Narayanan,Female,39,Coimbatore,Karnataka,2025-08-28
Radhika Kashyap,Male,69,Nandyal,Andhra Pradesh,2021-11-22
Pushti Pingle,Female,63,Darbhanga,Madhya Pradesh,2026-02-20
Zayan Trivedi,Male,65,Amravati,Meghalaya,2026-03-27
Girik Bail,Female,43,Kharagpur,Goa,2023-08-05
Raksha Tripathi,Male,47,Ranchi,Punjab,2023-09-02
Ojasvi Kala,Female,67,Jammu,Kerala,2025-11-26
Yadavi Sharaf,Male,25,Dindigul,Meghalaya,2024-11-16
Ekapad Varkey,Male,32,Akola,Tripura,2023-07-15
Advay Palan,Male,70,Panihati,Tripura,2025-05-28
Qushi Sharma,Female,70,Junagadh,Punjab,2025-09-12
Darika Viswanathan,Female,51,Bangalore,Meghalaya,2022-02-28
Vasana Arya,Female,35,Thiruvananthapuram,Uttarakhand,2025-02-20
Qarin Som,Male,55,Tumkur,Arunachal Pradesh,2024-05-06
Praneel Mallick,Female,33,Bangalore,Haryana,2022-10-26
Tanveer Purohit,Female,64,Bardhaman,Madhya Pradesh,2025-06-21
Ethan Sarma,Female,61,Navi Mumbai,Jharkhand,2022-10-29
Warjas Kothari,Female,43,Srinagar,Meghalaya,2024-06-02
Eiravati Sachdev,Male,43,Satna,Sikkim,2024-08-19
Yauvani Ghose,Male,45,Sangli-Miraj & Kupwad,Nagaland,2021-07-23
Triveni Venkataraman,Female,28,Gandhidham,Nagaland,2021-08-19
Samaksh Bhatt,Male,23,Kharagpur,Madhya Pradesh,2023-03-01
Vihaan Master,Male,43,Anantapur,Uttar Pradesh,2023-06-04
Sai Seshadri,Male,41,Machilipatnam,Punjab,2022-09-24
Jack Chakrabarti,Female,65,Katihar,Chhattisgarh,2023-03-29
Gaurika Muni,Female,66,Thrissur,Mizoram,2023-04-07
Sneha Brar,Male,68,Tiruchirappalli,Uttar Pradesh,2025-01-02
Xalak Dixit,Female,46,Sambalpur,Telangana,2021-07-31
Wriddhish Balan,Male,68,Serampore,Odisha,2024-03-18
Daksh Bir,Female,62,Akola,Madhya Pradesh,2025-05-09
Vedika Kuruvilla,Female,30,Panvel,Manipur,2025-02-04
Faras Uppal,Female,28,Madhyamgram,Tripura,2021-10-10
Prisha Chahal,Female,29,Vijayanagaram,Chhattisgarh,2024-07-06
Lohit Brahmbhatt,Female,23,Singrauli,Meghalaya,2025-05-09
Gaurika Narayanan,Male,26,Nagercoil,Haryana,2022-01-09
Lajita Kakar,Female,35,Jehanabad,Rajasthan,2024-10-16
Jairaj Narang,Male,49,New Delhi,Goa,2026-05-23
Suhani Gola,Female,56,Gwalior,Tripura,2025-04-12
Aahana Yogi,Female,28,Ichalkaranji,Assam,2023-08-08
Hemangini Acharya,Female,25,Agartala,Maharashtra,2024-01-16
Jonathan Sule,Male,45,Sri Ganganagar,Haryana,2021-06-25
Abhimanyu Savant,Male,49,Silchar,Manipur,2022-07-31
Laban Mane,Male,45,Satna,Manipur,2024-06-17
Warda Ranganathan,Male,34,Bijapur,Uttar Pradesh,2021-08-01
Yauvani Goda,Female,26,Kanpur,Nagaland,2021-10-06
Hemani Dugar,Male,42,Tiruchirappalli,Chhattisgarh,2025-09-13
Radha Banik,Male,27,Raichur,Nagaland,2021-12-31
Sanya Choudhary,Male,39,Agartala,Karnataka,2022-03-13
Orinder Varma,Male,53,Karawal Nagar,Arunachal Pradesh,2022-12-03
Jagrati Pandit,Male,43,Tadipatri,Telangana,2026-03-30
Divya De,Male,47,Bihar Sharif,Punjab,2021-06-25
Yuvraj Sachdev,Male,22,Uluberia,Bihar,2022-09-25
Yashawini Badami,Male,41,Kadapa,Rajasthan,2024-04-19
Champak Dhar,Male,31,Guna,West Bengal,2021-12-06
Anmol Purohit,Male,35,Burhanpur,Gujarat,2025-11-20
Gayathri Deo,Male,33,Mysore,Haryana,2023-07-27
Saksham Rau,Female,39,Nandyal,Jharkhand,2023-11-27
Harshil Anne,Male,51,Tumkur,Telangana,2024-03-09
Charvi Balasubramanian,Female,41,Dindigul,Sikkim,2024-01-06
Rehaan Halder,Male,54,Panchkula,Uttarakhand,2023-12-29
Advaith Shukla,Female,52,Amritsar,Gujarat,2024-01-20
Victor Kothari,Female,59,Naihati,Tripura,2021-06-24
Dayita Rege,Male,50,Akola,Haryana,2022-01-24
Gayathri Radhakrishnan,Male,41,Korba,Himachal Pradesh,2023-05-26
Barkha Trivedi,Male,62,Amravati,Assam,2026-05-13
Ojas Kala,Female,39,Panipat,Tamil Nadu,2021-10-22
Pooja Venkataraman,Male,31,Shimla,West Bengal,2022-08-17
Yadavi Munshi,Male,32,Ulhasnagar,Arunachal Pradesh,2021-09-21
Ijaya Mutti,Male,33,Mumbai,West Bengal,2023-01-06
Nandini Palla,Male,69,Purnia,Arunachal Pradesh,2022-05-09
Ekbal Krishnan,Male,35,Faridabad,Tamil Nadu,2022-10-22
Urmi Lalla,Female,54,Kozhikode,Nagaland,2025-09-25
Nidhi Kala,Male,65,Silchar,Odisha,2025-08-31
Qasim Shah,Female,50,Hapur,Maharashtra,2024-09-29
Niharika Bhasin,Male,31,Hospet,Nagaland,2022-01-02
Kevin Dhingra,Female,29,Farrukhabad,Karnataka,2026-03-03
Nitesh Yogi,Male,18,Bharatpur,Andhra Pradesh,2026-04-02
Aarna Srivastava,Male,70,Durgapur,Kerala,2022-09-24
Wakeeta Lala,Female,50,Panvel,Maharashtra,2022-10-30
Dhruv Chakrabarti,Male,31,Khora ,Karnataka,2023-09-01
Arya Kashyap,Female,44,Agra,Haryana,2022-02-21
Tanveer Sachdev,Female,26,Gandhinagar,Gujarat,2023-11-25
Aahana Gola,Female,30,Nagercoil,Tripura,2022-09-12
Jalsa Hayer,Female,37,Gandhidham,Himachal Pradesh,2024-08-28
Idika Mukherjee,Male,69,Aligarh,Jharkhand,2024-02-16
Osha Chawla,Male,41,Tiruvottiyur,Uttar Pradesh,2021-12-01
Harinakshi Vora,Male,57,Ambala,West Bengal,2023-05-29
David Mistry,Female,54,Aurangabad,Karnataka,2026-05-03
Chakradev Bedi,Male,51,Akola,Goa,2025-01-10
Parth Banerjee,Female,60,Nizamabad,Assam,2023-03-21
Vedika Sankar,Female,19,Thiruvananthapuram,Nagaland,2022-06-11
Faqid Choudhury,Female,42,Tumkur,Assam,2023-08-21
Lohit Suresh,Female,28,Chandigarh,Himachal Pradesh,2026-02-06
Prisha Wason,Male,32,Arrah,Himachal Pradesh,2024-04-16
Gaurangi Mukherjee,Female,63,Bally,Maharashtra,2026-03-08
Atharv Lanka,Female,39,Sambhal,Manipur,2025-08-29
Abeer Yogi,Male,24,Kadapa,Manipur,2025-06-17
Joshua Apte,Male,68,Nellore,Andhra Pradesh,2025-10-20
Harshil Som,Male,55,Ramagundam,West Bengal,2025-01-13
Ridhi Comar,Female,21,Satna,Arunachal Pradesh,2024-01-21
Jairaj Brar,Female,23,Bidar,Mizoram,2025-10-04
Yamini Venkatesh,Female,69,Kishanganj,Tripura,2022-02-28
Max Modi,Female,69,Kalyan-Dombivli,Andhra Pradesh,2022-01-09
Anirudh Thakkar,Female,41,Kadapa,Andhra Pradesh,2024-08-13
Tarak Kara,Male,41,Kota,Punjab,2022-02-04
Abha Natarajan,Male,28,Sambalpur,Goa,2025-09-02
Nathaniel Tandon,Female,40,Dibrugarh,Himachal Pradesh,2025-05-05
Zaid Vala,Female,39,Baranagar,Nagaland,2023-11-27
Darika Barad,Female,49,Ghaziabad,Tamil Nadu,2022-01-02
Ekani Comar,Female,26,Amaravati,Sikkim,2025-12-02
Wishi Hegde,Male,53,Bhiwandi,Mizoram,2022-09-19
Daniel Dani,Female,35,Phusro,West Bengal,2024-05-20
Brijesh Pant,Female,53,Serampore,Assam,2026-04-13
Sai Madan,Male,65,Thanjavur,Assam,2021-12-14
Damyanti Kunda,Female,66,Surendranagar Dudhrej,Goa,2026-04-16
Vedant Nair,Male,24,Haridwar,Bihar,2022-07-10
Sneha Tandon,Female,68,Jodhpur,Bihar,2025-07-20
Adweta Muni,Male,47,Gandhinagar,Karnataka,2022-04-13
Yug Bahl,Female,53,Nizamabad,Punjab,2023-06-18
Gaurika Basak,Male,57,Gopalpur,Meghalaya,2022-11-19
Yug Bhavsar,Female,26,Danapur,Odisha,2024-03-03
Tanmayi Peri,Male,22,Howrah,Andhra Pradesh,2026-06-06
Falan Bora,Male,18,Guntur,Tripura,2022-04-21
Dev Ratta,Male,26,Ramagundam,Assam,2022-04-13
Bhavna Choudhary,Male,37,Chinsurah,Nagaland,2022-03-28
Naksh Bedi,Male,50,Khora ,Meghalaya,2024-03-10
Ekiya Mani,Male,51,Tirunelveli,Sikkim,2021-11-12
Hredhaan Nagarajan,Male,58,Narasaraopet,Sikkim,2023-04-03
Dhriti Banik,Male,20,Madanapalle,Mizoram,2022-06-09
Unni Saini,Male,62,North Dumdum,Haryana,2024-08-14
Barkha Bal,Female,28,Dhanbad,Gujarat,2024-08-28
Viraj Shenoy,Female,28,Surat,Meghalaya,2024-08-22
Zehaan Sathe,Male,24,Jammu,Chhattisgarh,2025-10-30
Patrick Chaudhary,Male,39,Guntakal,Kerala,2025-03-05
Umang Deep,Female,36,South Dumdum,Tamil Nadu,2021-10-22
Nathan Mutti,Female,38,Warangal,Sikkim,2025-09-17
Bhavini Bhatnagar,Male,49,Mau,Karnataka,2025-11-24
Aarini Kaur,Male,45,Mehsana,Bihar,2024-10-12
Jai Loke,Female,67,Satna,Rajasthan,2021-06-28
Deepa Sheth,Male,64,Jamshedpur,Goa,2023-09-03
Atharv Bali,Male,51,Tirunelveli,Uttarakhand,2021-12-31
Yashvi Loke,Male,22,Jalandhar,Goa,2022-05-08
Veer Mutti,Female,65,Sirsa,Punjab,2026-03-13
Urmi Samra,Female,32,Amravati,Assam,2025-02-08
Dhriti Subramanian,Male,48,Saharsa,Nagaland,2022-03-29
Wahab Nanda,Female,45,Agartala,Uttarakhand,2022-12-23
Samaksh Ahluwalia,Female,18,Shahjahanpur,Kerala,2023-07-02
Gavin Bassi,Male,23,Danapur,West Bengal,2022-10-30
Kai Sathe,Female,20,Malegaon,Odisha,2022-02-28
Vasana Goswami,Male,22,Kalyan-Dombivli,Goa,2026-05-13
Gaurav Shenoy,Female,24,Nashik,Andhra Pradesh,2022-04-11
Jack Dhar,Male,65,Guwahati,Odisha,2024-11-16
Isaac Rout,Male,30,Bokaro,Jharkhand,2024-09-05
Chaitaly Upadhyay,Female,61,Kharagpur,Sikkim,2026-02-05
Ubika Pillay,Female,52,Indore,Sikkim,2024-08-29
Jairaj Palan,Male,54,Gurgaon,Madhya Pradesh,2024-12-09
Janya Chaudhry,Male,26,Rajkot,Uttarakhand,2023-10-18
Chanchal Rattan,Female,29,Morbi,Maharashtra,2023-11-07
Samesh Date,Male,46,Kumbakonam,Rajasthan,2025-12-31
Lohit Bava,Male,44,Thoothukudi,Uttar Pradesh,2025-06-03
Henry Menon,Male,59,Noida,Telangana,2021-11-28
Dipta Vora,Female,54,Muzaffarpur,Punjab,2023-02-26
Upasna Sami,Female,50,Ghaziabad,Chhattisgarh,2021-08-16
Mohini Nadkarni,Female,18,Chinsurah,Bihar,2026-04-05
Nilima Baria,Male,58,Siliguri,Himachal Pradesh,2021-09-16
Fariq Patla,Female,24,Gurgaon,Goa,2023-03-13
Rayaan Bava,Male,21,Chandrapur,Tamil Nadu,2022-11-27
Matthew Baral,Female,31,Ujjain,Telangana,2024-03-06
Ronith Tak,Male,33,Howrah,Madhya Pradesh,2022-05-27
Idika Master,Male,37,Guntur,Kerala,2022-08-06
Falguni Mand,Female,31,Jalandhar,Chhattisgarh,2025-08-11
Chandresh Butala,Male,57,Ludhiana,Gujarat,2024-03-01
Amaira Tailor,Male,68,Madhyamgram,Andhra Pradesh,2024-12-30
Jeevika Narayanan,Male,50,Khora ,Rajasthan,2022-09-27
Nandini Sama,Male,67,Eluru,Odisha,2022-04-05
Tristan Manne,Female,22,Ahmedabad,Madhya Pradesh,2026-05-28
Aadi Ganguly,Female,61,Raebareli,Himachal Pradesh,2022-10-15
Raagini Mitter,Male,43,Tirupati,Manipur,2025-06-26
Benjamin Bhagat,Male,34,Dehri,Meghalaya,2022-10-20
Chaman Nayak,Female,50,Ramgarh,Sikkim,2025-10-27
Chatura Lala,Female,19,Surendranagar Dudhrej,Andhra Pradesh,2022-08-13
Gagan Balan,Female,70,Loni,Telangana,2025-08-18
Ganga Iyengar,Female,42,Proddatur,Jharkhand,2022-07-30
Nachiket Dora,Female,70,Pudukkottai,Goa,2023-01-04
Advay Kala,Male,41,Nagercoil,Gujarat,2021-11-05
Chakrika Chandra,Female,20,Thane,Rajasthan,2022-03-19
Advik Kashyap,Female,46,Varanasi,Sikkim,2024-08-02
Harshil Talwar,Male,23,Ujjain,Haryana,2026-05-07
Noah Dara,Female,19,Guwahati,Andhra Pradesh,2025-01-01
Shivansh Salvi,Female,61,Lucknow,Mizoram,2024-10-24
Indali Datta,Female,50,Chapra,Rajasthan,2024-02-28
Faras Peri,Male,41,Mira-Bhayandar,Uttar Pradesh,2022-04-26
Chaitaly Chaudhari,Male,58,Raurkela Industrial Township,Jharkhand,2023-07-16
Bakhshi Shah,Female,34,Cuttack,Sikkim,2024-11-02
Lavanya Upadhyay,Female,30,Bhusawal,Maharashtra,2024-01-17
Aradhana Sarma,Female,61,Barasat,Madhya Pradesh,2022-12-20
Shivani Narayan,Female,62,Surat,Uttarakhand,2021-09-21
Qadim Chaudhary,Female,29,Morena,Telangana,2025-07-26
Bahadurjit Wason,Female,39,Maheshtala,Telangana,2025-08-18
Yochana Bala,Female,41,Munger,Uttarakhand,2025-09-15
Kiaan Korpal,Female,20,Jaunpur,Andhra Pradesh,2024-11-12
Alka Mukhopadhyay,Male,35,Rourkela,Kerala,2024-07-26
Hemani Manne,Female,53,Purnia,Bihar,2026-05-20
Advay Mane,Female,62,Kirari Suleman Nagar,Andhra Pradesh,2025-02-15
Upasna Nagar,Female,47,Madhyamgram,Uttarakhand,2024-03-21
Irya Dube,Female,23,Gorakhpur,Kerala,2025-05-23
Vritti Lata,Male,24,Unnao,Andhra Pradesh,2026-05-24
Vanya Pradhan,Female,36,Nashik,Tamil Nadu,2022-01-16
Bhavna Lalla,Female,26,Kollam,Tamil Nadu,2021-07-27
Anay Sahni,Male,24,Agartala,Manipur,2024-12-31
Atharv Lata,Female,47,Chapra,Mizoram,2023-09-20
Chandran Sastry,Male,29,Bhiwani,Telangana,2025-02-09
Kashish Butala,Male,39,Guna,Maharashtra,2026-05-01
Aarush Srinivasan,Female,22,Kollam,Meghalaya,2025-06-13
Rajeshri Kadakia,Female,31,Fatehpur,Sikkim,2026-04-18
Urvi Koshy,Female,65,Kozhikode,Uttarakhand,2022-07-31
Vyanjana Ray,Female,64,Indore,Odisha,2022-03-23
Triveni Biswas,Female,32,Jamshedpur,Goa,2023-03-02
Advik Sheth,Female,34,Imphal,Bihar,2023-07-05
Niharika Thaman,Female,48,Parbhani,Maharashtra,2025-01-16
Yadavi Hayre,Female,19,Jaunpur,Sikkim,2022-01-09
Indali Raman,Female,49,Chinsurah,Manipur,2024-07-16
Hiral Garg,Male,55,Tinsukia,Telangana,2024-01-13
Yug Vohra,Female,32,Ambarnath,Kerala,2023-04-09
Udarsh Bandi,Female,34,Ulhasnagar,Madhya Pradesh,2024-02-21
Zaid Koshy,Male,25,Karawal Nagar,Odisha,2021-07-06
Lipika Bhandari,Male,66,Ambarnath,Odisha,2026-01-07
Ekani Kar,Male,57,Durgapur,Maharashtra,2025-06-22
Guneet Bora,Male,49,Varanasi,Uttar Pradesh,2023-11-17
Zansi Dugar,Female,40,Kumbakonam,Bihar,2023-10-16
Falan Rana,Male,64,Bharatpur,Karnataka,2023-02-21
Gagan Dyal,Female,48,Haldia,Madhya Pradesh,2023-04-12
Yamini Bakshi,Female,42,Varanasi,West Bengal,2024-12-01
Qadim Saxena,Male,22,Meerut,Karnataka,2023-01-29
Naveen Chadha,Female,62,Mirzapur,Chhattisgarh,2022-07-21
Vidhi Mahajan,Male,70,Alappuzha,Telangana,2021-12-20
Oni Raghavan,Female,29,Bongaigaon,Jharkhand,2021-07-14
Sachi Vohra,Male,49,Yamunanagar,Telangana,2023-05-28
Sathvik Dugal,Female,46,Haridwar,Kerala,2022-02-21
Odika Natt,Female,68,Patna,Karnataka,2025-01-29
Shivani Dube,Male,66,Ambarnath,Nagaland,2022-12-06
Yatin Ghose,Female,33,Nagercoil,Arunachal Pradesh,2024-04-23
Varenya Wagle,Male,56,Nadiad,Sikkim,2024-02-04
Saumya Bains,Male,47,Yamunanagar,Tamil Nadu,2025-10-08
Balveer Viswanathan,Female,26,Sultan Pur Majra,Manipur,2022-11-29
Ira Dube,Female,18,Hubli–Dharwad,West Bengal,2025-02-03
Qushi Wali,Male,32,Srikakulam,Punjab,2022-07-31
Aadi Ghosh,Male,24,Coimbatore,Meghalaya,2024-07-29
Max Rajagopalan,Female,64,Jaunpur,Nagaland,2024-01-17
Qabil Mittal,Male,35,Yamunanagar,Kerala,2023-02-08
Aishani Bala,Female,54,Rewa,Tamil Nadu,2022-04-28
Veda Shenoy,Female,37,Hubli–Dharwad,Chhattisgarh,2022-06-22
Vidhi Bumb,Male,29,Durg,Kerala,2026-05-29
Triya Rama,Female,39,Alappuzha,Telangana,2022-09-22
Umang Dasgupta,Female,24,Bijapur,Odisha,2024-01-24
Charan Nigam,Male,48,Darbhanga,Mizoram,2022-07-30
Ria Sodhi,Male,52,Bangalore,Gujarat,2024-12-12
Abha Kant,Female,38,Kharagpur,Meghalaya,2023-04-11
Zehaan Trivedi,Female,59,Karawal Nagar,Punjab,2026-04-18
Imaran Dani,Male,28,Bidar,Bihar,2021-08-23
Edhitha Chaudhary,Female,57,Nellore,Kerala,2022-09-22
Tanveer Bhatia,Female,35,Serampore,Mizoram,2023-04-17
Azaan Bahri,Male,66,Rampur,Assam,2023-07-27
Chakradhar Agarwal,Male,67,Kulti,Andhra Pradesh,2022-08-08
Nitesh Mani,Female,18,Dehradun,Tripura,2024-12-08
Yuvraj Yohannan,Female,25,Thanjavur,Jharkhand,2023-08-26
Frado Keer,Male,69,Delhi,Meghalaya,2021-09-23
Qadim Dhawan,Female,52,New Delhi,Punjab,2022-08-28
Elijah Bhavsar,Male,36,Allahabad,Chhattisgarh,2024-12-08
Kabir Ghosh,Female,22,Ghaziabad,Haryana,2025-04-10
Aachal Dada,Male,55,Bhind,Rajasthan,2025-10-01
Ranveer Hari,Female,56,Vellore,Madhya Pradesh,2022-06-29
Kashish Ahuja,Female,59,Moradabad,Nagaland,2024-02-16
Hemangini Parikh,Female,44,Hindupur,Gujarat,2022-12-11
Xavier Peri,Male,30,Sirsa,Meghalaya,2023-11-05
Guneet Seshadri,Female,28,Karnal,Gujarat,2026-03-29
Nitesh Keer,Female,53,Jalandhar,Jharkhand,2023-07-06
Farhan Sur,Male,49,Nadiad,Manipur,2025-09-03
Daksha Koshy,Male,59,Bulandshahr,West Bengal,2022-08-07
Warhi Buch,Male,57,Etawah,Manipur,2022-07-06
Eiravati Venkataraman,Female,42,Noida,Rajasthan,2025-11-08
Lakshmi Rajagopal,Male,68,Fatehpur,Haryana,2025-02-01
Anvi Salvi,Male,69,Khandwa,Manipur,2023-07-26
Kamala Dasgupta,Male,19,Mau,Bihar,2024-03-14
Vedika Golla,Male,69,Purnia,Himachal Pradesh,2023-04-23
Hredhaan Prasad,Female,39,Solapur,Mizoram,2022-08-18
Nisha Balay,Female,52,Kolhapur,Manipur,2022-11-29
Oliver Kade,Male,31,Raebareli,Tripura,2025-07-01
Shivani Butala,Female,49,Nadiad,Arunachal Pradesh,2023-11-08
Geetika Khalsa,Male,48,Kamarhati,Himachal Pradesh,2022-11-05
Amara Chada,Male,18,Kozhikode,Himachal Pradesh,2023-10-20
Samuel Chhabra,Male,18,Gandhidham,Uttarakhand,2024-11-27
Caleb Hayer,Female,30,Maheshtala,Rajasthan,2025-10-16
Azad Narasimhan,Male,30,Gwalior,Mizoram,2026-01-06
Unni Grewal,Male,53,Gorakhpur,Sikkim,2024-04-12
Leela Dada,Male,54,Thiruvananthapuram,Bihar,2026-02-28
Wriddhish Oommen,Male,38,Darbhanga,Jharkhand,2022-12-07
Vasudha Sodhi,Female,38,Singrauli,Telangana,2025-09-24
Liam Narayan,Female,67,Sultan Pur Majra,Uttarakhand,2024-07-20
Edhitha Sangha,Male,66,Silchar,Arunachal Pradesh,2021-07-02
Maya Biswas,Male,39,Dhanbad,Andhra Pradesh,2024-09-25
Xiti Goda,Male,45,Davanagere,Tripura,2024-11-03
Sara Halder,Male,70,Udaipur,Rajasthan,2025-08-03
Vedant Oak,Male,60,Mehsana,Sikkim,2022-12-03
Watika Mand,Female,24,Silchar,Goa,2023-10-07
Aahana Kala,Female,58,Guntur,Sikkim,2023-01-22
Nisha Parmer,Male,66,Ichalkaranji,West Bengal,2022-09-10
Kashvi Dutt,Male,68,Coimbatore,Punjab,2021-11-25
Faris Oak,Male,61,Kakinada,Punjab,2022-01-05
Vedika Sarma,Male,62,Vadodara,Odisha,2021-10-02
Qabil Savant,Male,20,Ramgarh,Odisha,2023-09-20
Qadim Varma,Male,44,Hyderabad,Manipur,2023-12-27
Yashodhara Uppal,Male,41,Ahmednagar,West Bengal,2022-01-26
Leela Lal,Male,33,Asansol,Arunachal Pradesh,2023-09-29
Gauri Dua,Male,59,Lucknow,Gujarat,2025-02-08
Yashoda Handa,Male,36,Pali,Himachal Pradesh,2022-03-05
Nidra Jhaveri,Female,33,Buxar,Madhya Pradesh,2025-10-05
Manthan Jha,Female,57,Satna,Arunachal Pradesh,2023-09-03
Janani Date,Male,25,Ranchi,Chhattisgarh,2023-03-16
Ucchal Goswami,Female,40,Tezpur,Uttarakhand,2023-10-04
Utkarsh Ganguly,Female,53,Ambattur,Arunachal Pradesh,2025-01-31
Kamala Dara,Male,57,Korba,Assam,2025-08-12
George Bali,Male,30,Aurangabad,Madhya Pradesh,2024-04-03
Netra Desai,Female,45,Gorakhpur,Jharkhand,2026-02-12
Nidhi Thakur,Male,60,Bidhannagar,Assam,2024-09-21
Vamakshi Modi,Male,68,Tumkur,West Bengal,2023-04-01
Sneha Munshi,Female,69,Udupi,West Bengal,2024-04-20
Ojasvi Majumdar,Male,18,Dehri,Tripura,2022-03-24
Amara Rattan,Male,63,Katni,Gujarat,2024-11-25
Pranav Kibe,Male,65,Berhampur,West Bengal,2025-10-31
Neha Mital,Female,23,Bathinda,Madhya Pradesh,2024-07-12
Gaurav Saraf,Female,63,Bhatpara,Punjab,2021-11-25
Anvi Devi,Female,63,Surendranagar Dudhrej,Bihar,2025-12-20
Amara Edwin,Female,49,Bijapur,Kerala,2026-06-16
Ishwar Sandhu,Male,24,Ratlam,Assam,2023-04-06
Brinda Venkataraman,Male,58,Barasat,Mizoram,2026-05-11
Yasti Divan,Male,49,Tenali,West Bengal,2021-11-19
Akshay Ganesh,Female,65,Purnia,Uttar Pradesh,2022-07-02
Darika Grover,Male,20,Amravati,Punjab,2023-07-30
David Sarma,Male,44,Ahmednagar,Bihar,2023-06-13
Wahab Talwar,Male,58,Tiruchirappalli,Haryana,2022-12-23
Chatresh Thakur,Male,24,Rajkot,Odisha,2023-01-12
Kabir Zacharia,Female,48,Adoni,Sikkim,2022-04-05
Krisha Sundaram,Female,47,Bahraich,West Bengal,2024-04-02
Dipta Chauhan,Male,51,Surat,Uttar Pradesh,2022-08-06
Falan Bains,Female,25,Rewa,Gujarat,2022-01-30
Vedant Kara,Female,51,Panihati,Meghalaya,2023-03-20
Balveer Kakar,Male,36,Thrissur,Odisha,2021-09-29
Chandran Bali,Male,44,Kadapa,Assam,2025-02-02
Andrew Pant,Female,30,Ghaziabad,Nagaland,2025-04-18
Chameli Krishnamurthy,Female,19,Bhavnagar,Assam,2023-11-24
Elijah Lad,Female,49,Begusarai,Arunachal Pradesh,2025-12-10
Harrison Choudhury,Male,60,Nadiad,Haryana,2025-05-28
Ranbir Ravel,Female,39,Sambhal,Madhya Pradesh,2025-08-13
Yashodhara Swaminathan,Male,42,Ratlam,Nagaland,2026-05-26
Gagan Nair,Female,68,Ranchi,Kerala,2023-02-12
Aarna Srinivasan,Female,21,Amroha,Jharkhand,2024-01-22
Krishna Saha,Male,68,Bangalore,Manipur,2025-09-18
Ethan Khalsa,Female,62,Latur,Goa,2022-11-24
Laban Bhatti,Male,42,Panchkula,Assam,2025-02-07
Warinder Mishra,Female,65,Ratlam,Jharkhand,2023-03-15
Ekaraj Ahuja,Female,66,Haridwar,Tamil Nadu,2022-04-05
Azaan Kulkarni,Male,63,Anantapuram,Kerala,2021-10-09
Jack Mahal,Female,53,Mathura,Gujarat,2022-09-08
Wyatt Yogi,Female,31,Allahabad,Arunachal Pradesh,2024-01-26
Jai Gole,Female,37,Morbi,Sikkim,2025-03-31
Zayyan Sarraf,Female,39,Malegaon,Haryana,2022-07-02
Yasti Maharaj,Male,30,Ballia,Kerala,2022-07-28
Ubika Issac,Female,33,Mehsana,Haryana,2024-09-21
Praneel Pai,Male,19,Navi Mumbai,Himachal Pradesh,2024-09-05
Ati Parikh,Female,49,Bhilwara,Uttar Pradesh,2024-07-27
Dalaja Dubey,Male,41,Ghaziabad,Haryana,2021-09-27
Udyati Sengupta,Male,38,Firozabad,Bihar,2022-09-15
Rachit Sidhu,Male,20,Buxar,Tamil Nadu,2022-11-21
Onveer Agarwal,Male,24,Nangloi Jat,Telangana,2024-06-02
Dayita Bhatt,Male,30,Akola,Madhya Pradesh,2022-01-20
Madhav Bhargava,Female,60,Raipur,Kerala,2026-02-09
Radha Mahal,Male,26,Jalgaon,Uttar Pradesh,2021-08-27
Gaurav Rajagopal,Male,27,Ratlam,Nagaland,2024-09-19
Warinder Borde,Female,52,Tinsukia,Maharashtra,2024-05-25
Pranit Srinivas,Female,31,Gurgaon,Tamil Nadu,2023-10-15
Sathvik Sur,Female,44,Jalgaon,Karnataka,2021-11-23
Ayaan Lad,Male,33,Saharsa,Jharkhand,2023-12-29
Guneet Luthra,Male,58,Ulhasnagar,Madhya Pradesh,2022-11-02
Saumya Kant,Male,44,Morena,Bihar,2024-04-12
Bishakha Kari,Male,68,Thiruvananthapuram,Tripura,2022-02-05
Kevin Samra,Female,53,Pali,Telangana,2023-11-13
Vedhika Wali,Female,30,Giridih,Uttarakhand,2021-07-27
Liam Sunder,Female,48,Mehsana,Kerala,2025-06-09
Teerth Sampath,Male,69,Motihari,Odisha,2021-07-03
Advika Bali,Female,29,Nagaon,West Bengal,2024-10-13
Niharika Vig,Male,42,Erode,Kerala,2022-03-11
Faqid Parmar,Female,29,Bharatpur,Uttarakhand,2024-12-13
Baghyawati Mannan,Male,52,Malda,Manipur,2021-08-08
Chameli Sharma,Female,43,Darbhanga,Jharkhand,2025-05-11
Nandini Muni,Male,67,Kalyan-Dombivli,Uttar Pradesh,2022-07-03
Leena Vora,Male,28,Kurnool,Punjab,2025-02-25
Ryan Rai,Female,59,Khammam,Kerala,2021-10-01
Lakshit Malhotra,Male,22,Mau,Madhya Pradesh,2022-04-16
Hiral Rajan,Female,28,Indore,Rajasthan,2021-07-26
Anjali Sheth,Male,67,Patiala,Himachal Pradesh,2026-05-11
Wriddhish Baral,Male,40,Kamarhati,Sikkim,2025-03-08
Imaran Bora,Female,25,Ramgarh,Tamil Nadu,2021-08-30
Maanas Johal,Female,30,Buxar,Andhra Pradesh,2026-04-10
Janya Swaminathan,Male,60,Bardhaman,Odisha,2024-05-13
Ronith Mistry,Female,31,Panipat,Telangana,2023-10-23
Hemang Barad,Female,37,Thanjavur,Tamil Nadu,2023-01-07
Oscar Chacko,Female,33,Kishanganj,Andhra Pradesh,2024-07-20
Chaitaly Hans,Female,44,Udupi,Arunachal Pradesh,2024-01-03
Madhavi Sha,Female,49,Khandwa,Karnataka,2024-05-08
Dhriti Gandhi,Female,58,Ghaziabad,Madhya Pradesh,2025-02-08
Ayush Sha,Male,19,Kollam,Odisha,2021-12-18
Kevin Kulkarni,Female,62,Siliguri,Jharkhand,2022-06-24
Charita Saran,Male,38,Nanded,Gujarat,2025-07-02
Upadhriti Jaggi,Female,56,Morbi,Chhattisgarh,2021-06-22
Viraj Barman,Male,49,Udupi,Kerala,2024-05-06
Abha Mand,Female,67,Nagpur,Rajasthan,2024-12-27
Isaiah Talwar,Male,48,Suryapet,West Bengal,2023-06-23
Oviya Bhargava,Female,52,Giridih,Goa,2024-08-14
Tara Sengupta,Female,68,Parbhani,Himachal Pradesh,2026-04-17
Mitesh Nanda,Male,48,Amaravati,Tamil Nadu,2022-04-28
Watika Sharaf,Male,70,Junagadh,Assam,2025-11-26
Aryan Krishnan,Male,25,Ghaziabad,Uttar Pradesh,2024-06-05
Thomas Tank,Female,32,Patiala,Assam,2023-10-07
Jasmit Narayan,Male,51,Gudivada,Sikkim,2025-01-08
Veda Tella,Male,63,Nagercoil,Arunachal Pradesh,2022-01-02
Yoshita Kapadia,Male,52,Sambalpur,West Bengal,2025-03-01
Yash Dixit,Male,57,Munger,Rajasthan,2022-02-26
Banjeet Karpe,Female,31,Thiruvananthapuram,Tripura,2024-10-30
Jairaj Sood,Male,22,Navi Mumbai,Gujarat,2025-09-27
Hardik Rana,Male,40,Tenali,Odisha,2023-08-20
Unnati Saran,Male,51,Morena,Uttarakhand,2023-04-10
Advik Mander,Female,64,Tiruppur,Himachal Pradesh,2025-06-25
Avni Zachariah,Male,70,Karaikudi,Jharkhand,2026-02-03
Vritti Sarna,Female,52,Jaunpur,Karnataka,2022-01-28
Sanaya Chander,Male,29,Bidar,Bihar,2023-01-21
Vaishnavi Aggarwal,Female,66,Pune,Tamil Nadu,2021-11-01
Bahadurjit Pingle,Female,31,Mysore,Gujarat,2025-01-31
Utkarsh Ram,Female,61,Sri Ganganagar,Himachal Pradesh,2024-12-22
Yochana Chanda,Female,59,Khammam,Kerala,2025-12-15
Nilima Chada,Male,34,Amravati,Maharashtra,2026-05-04
Pranit Lad,Female,34,Hindupur,Sikkim,2024-03-05
Alexander Sarma,Male,31,Bangalore,Telangana,2025-12-10
Aashi Dasgupta,Male,18,Morbi,Bihar,2022-12-28
Jason Babu,Male,42,Bathinda,Himachal Pradesh,2022-09-24
Jackson Bhatia,Female,60,Loni,Andhra Pradesh,2023-12-30
Dhriti Puri,Male,54,Medininagar,Tamil Nadu,2022-05-23
Maanas Pall,Male,28,Fatehpur,Sikkim,2021-12-05
Darsh Behl,Male,18,Tumkur,Chhattisgarh,2025-02-20
Rachit Bassi,Female,27,Noida,Assam,2023-10-21
Guneet Kant,Male,46,Tezpur,Maharashtra,2025-10-13
Nachiket Manda,Female,59,Fatehpur,Kerala,2022-08-24
Janya Misra,Female,63,Kamarhati,Sikkim,2024-06-28
Vivaan Bal,Male,60,South Dumdum,Kerala,2024-07-18
Yatan Bora,Male,41,Bhatpara,Kerala,2024-07-25
Vasatika Bhat,Male,49,Guntakal,Punjab,2024-11-06
Liam Sankar,Female,29,Madhyamgram,Telangana,2023-06-14
Yatin Ravel,Female,25,Durg,Gujarat,2025-12-10
Jack Gole,Female,44,Ahmedabad,Andhra Pradesh,2022-01-10
Ethan Kaur,Male,21,Unnao,Odisha,2022-05-04
Azad Barman,Male,47,Rampur,Maharashtra,2026-06-08
Urvi Behl,Female,28,Karawal Nagar,Gujarat,2021-09-17
Unni Koshy,Male,48,Sonipat,Tamil Nadu,2022-02-18
Sachi Dhillon,Female,43,Raichur,Madhya Pradesh,2025-05-30
Gaurangi Lal,Male,31,Mira-Bhayandar,Uttarakhand,2024-11-21
Forum Deshpande,Female,36,Kishanganj,Uttar Pradesh,2021-12-24
Saumya Gandhi,Female,45,Rohtak,Gujarat,2025-09-07
Lekha Datta,Male,35,Gulbarga,Chhattisgarh,2022-05-23
Pahal Narang,Male,25,Bhilwara,Telangana,2023-02-11
Isha Vasa,Female,43,Panvel,Tamil Nadu,2024-09-04
Zarna Kumar,Female,52,Pondicherry,West Bengal,2024-05-11
Warhi Raja,Male,51,Anantapur,Chhattisgarh,2024-11-11
Parth Sahni,Female,61,Warangal,Mizoram,2024-04-14
Lohit Naidu,Female,24,Jaunpur,Bihar,2023-06-12
Pooja Aggarwal,Female,53,Sagar,Tamil Nadu,2021-09-19
Gauri Patel,Female,41,Aligarh,Punjab,2022-12-19
Jagvi Zacharia,Female,65,Howrah,Odisha,2023-09-20
Agastya Sahni,Female,21,Jehanabad,Meghalaya,2022-09-23
Sudiksha Dyal,Female,57,Shimoga,Gujarat,2025-10-04
Rishi Garg,Female,59,Jaunpur,Odisha,2024-06-07
Victor Krish,Female,21,Berhampore,Gujarat,2024-07-28
Xiti Gaba,Male,50,Phusro,Odisha,2025-01-06
Vrishti Jani,Female,28,Mau,Tamil Nadu,2024-05-15
Joshua Muni,Male,35,Raurkela Industrial Township,Sikkim,2022-01-04
Rudra Anne,Male,52,Raiganj,Bihar,2025-11-22
Abhiram Mann,Male,34,Ambattur,Uttarakhand,2025-11-23
Amara Sur,Male,58,Kavali,West Bengal,2024-05-25
Priya Bahl,Female,22,Korba,Bihar,2022-07-12
Jason Dugal,Female,37,Jamalpur,Meghalaya,2024-06-07
Sai Iyer,Female,34,Bally,Arunachal Pradesh,2024-03-19
Gunbir Mody,Female,51,Khammam,Odisha,2023-05-02
Gaurangi Srinivasan,Female,67,Chapra,Madhya Pradesh,2022-10-11
Saksham Bhakta,Female,61,Darbhanga,Gujarat,2024-07-26
Ekbal Mishra,Female,55,Anantapuram,Odisha,2023-11-08
Bhanumati Balasubramanian,Female,31,Satara,Assam,2023-06-03
Yashvi Chakrabarti,Female,56,Sangli-Miraj & Kupwad,Kerala,2022-05-23
Chandran Aurora,Male,61,Vasai-Virar,Tripura,2024-07-10
Ranveer Mishra,Female,62,Pudukkottai,Himachal Pradesh,2026-05-13
Wriddhish Gera,Male,61,Sonipat,Meghalaya,2024-03-31
Irya Agrawal,Female,69,Mirzapur,Meghalaya,2022-03-23
Wriddhish Minhas,Female,32,Alwar,West Bengal,2023-07-19
Wridesh Wali,Female,40,Chittoor,Madhya Pradesh,2024-11-15
Libni Trivedi,Female,50,Mehsana,Madhya Pradesh,2021-06-22
Meera Setty,Female,26,Jalgaon,Haryana,2026-04-17
Anjali Shetty,Female,51,Ratlam,Tamil Nadu,2022-12-21
Yasti Khanna,Female,26,Nagaon,Nagaland,2022-08-17
Yatin Goel,Female,57,Tumkur,Assam,2023-08-15
Oni Singh,Male,38,Katihar,Jharkhand,2025-04-25
Nachiket Sandhu,Male,60,Ranchi,Nagaland,2023-02-19
Ishanvi Ramaswamy,Female,68,Nadiad,Arunachal Pradesh,2025-07-20
Chakradhar Patil,Female,32,Saharanpur,Uttar Pradesh,2024-03-14
Varenya Madan,Female,23,Thiruvananthapuram,Manipur,2022-06-13
Vasatika Balakrishnan,Male,23,Nadiad,Kerala,2024-05-21
Ekaraj Viswanathan,Male,59,Khammam,Chhattisgarh,2021-07-29
Falguni Badami,Female,41,Mahbubnagar,Punjab,2023-02-18
Ethan Natt,Male,52,Nashik,Goa,2023-04-04
Peter Iyer,Female,39,Tadipatri,Uttarakhand,2026-06-11
Jack Biswas,Male,46,Tenali,Haryana,2021-12-15
Fariq Vala,Female,21,Satna,Odisha,2024-04-05
Advaith Goda,Female,44,Khammam,Bihar,2024-05-23
Ishaan Shukla,Male,25,Jamalpur,Tripura,2023-12-04
Maya Dasgupta,Male,46,Junagadh,Haryana,2023-12-24
Amol Pillai,Female,34,Kollam,Andhra Pradesh,2023-12-05
Chakradhar Deshpande,Female,53,Chapra,Nagaland,2021-10-06
Samar Nadig,Female,36,Thiruvananthapuram,Sikkim,2024-04-10
Ekbal Bava,Female,24,Tirupati,Mizoram,2022-07-20
Chandran Pathak,Female,30,Gangtok,Uttar Pradesh,2024-06-12
Sneha Kibe,Male,66,Tadepalligudem,Uttarakhand,2023-08-19
Nidhi Sekhon,Male,50,Lucknow,Punjab,2023-11-24
Manbir Khosla,Male,68,Kishanganj,West Bengal,2024-06-29
Shravya Grewal,Male,64,Bareilly,Gujarat,2023-02-03
Ladli Choudhury,Female,64,Phagwara,Uttar Pradesh,2022-02-23
Panini Srinivasan,Male,52,Moradabad,Uttarakhand,2024-11-12
Andrew Chanda,Male,46,Bhimavaram,Manipur,2025-06-07
William Koshy,Male,27,Haridwar,Chhattisgarh,2023-01-19
Raksha Gill,Female,37,Bhubaneswar,Telangana,2025-06-25
Mason Pradhan,Male,22,Chittoor,Karnataka,2024-11-18
Lajita Kota,Male,57,Gaya,Karnataka,2023-10-31
Balveer Kota,Female,69,Bhatpara,Kerala,2025-07-12
Geetika Pandit,Male,59,Bareilly,Karnataka,2023-05-18
Advik Wagle,Female,64,Jalna,Haryana,2025-02-22
Yahvi Sinha,Female,70,Noida,Chhattisgarh,2024-07-31
Qabil Jhaveri,Male,21,Guntakal,Haryana,2021-07-21
Faris Swamy,Male,36,Raurkela Industrial Township,Odisha,2023-02-05
Brinda Sankar,Male,18,Bidhannagar,Uttar Pradesh,2026-02-19
Hitesh Sethi,Female,20,Asansol,Manipur,2025-01-27
Yochana Devan,Male,69,Munger,Arunachal Pradesh,2022-05-21
Caleb Chanda,Female,65,Noida,Tamil Nadu,2024-01-06
Upma Ratta,Male,19,Raurkela Industrial Township,Bihar,2023-09-09
Vasana Ganesan,Female,28,Raebareli,Uttarakhand,2024-09-25
Adya Mishra,Female,32,Tirunelveli,Karnataka,2025-05-02
Jason Kant,Male,38,Serampore,Andhra Pradesh,2021-11-26
Viraj Pandit,Male,63,Sangli-Miraj & Kupwad,Uttar Pradesh,2024-06-13
Chakradev Sankaran,Male,28,Kottayam,Tripura,2022-09-04
Nidra Varma,Female,66,Ajmer,Rajasthan,2024-05-21
Warinder Merchant,Male,33,Sangli-Miraj & Kupwad,Mizoram,2024-08-05
Raksha Khalsa,Male,50,Tiruvottiyur,Haryana,2025-10-15
Simon Shan,Female,49,Tumkur,Uttar Pradesh,2026-02-10
Noah Sunder,Female,30,Bhilwara,Assam,2024-01-09
Naksh Mitra,Male,63,Dewas,Odisha,2025-01-25
Vaishnavi Nigam,Female,70,Bidhannagar,Haryana,2021-12-07
Tanmayi Pathak,Female,41,Phusro,Tripura,2021-09-04
Viraj Palla,Female,61,Tiruchirappalli,Arunachal Pradesh,2026-01-30
Balhaar Bawa,Female,35,Jabalpur,Punjab,2022-05-09
Widisha Mammen,Male,22,Sonipat,Andhra Pradesh,2025-05-27
Ati Pal,Female,45,Muzaffarnagar,Sikkim,2023-06-16
Oeshi Gera,Male,50,Sasaram,Maharashtra,2024-11-29
Bhavika Warrior,Male,38,Sagar,Tamil Nadu,2025-02-04
Joshua Dada,Female,58,Kolhapur,Gujarat,2024-04-07
Ranbir Kata,Female,30,Aurangabad,Jharkhand,2022-09-14
Sai Tailor,Male,26,Gurgaon,Haryana,2023-06-24
Triya Varghese,Female,70,Bhilwara,Chhattisgarh,2022-07-17
George Borah,Male,27,Khammam,Tripura,2023-10-12
Fariq Loyal,Male,31,Pallavaram,West Bengal,2026-04-18
Dalaja Bassi,Female,42,Haridwar,Assam,2024-01-24
Samar Sachdev,Female,70,Nagpur,Punjab,2022-09-08
Bakhshi Reddy,Male,63,Bhiwani,Telangana,2025-02-27
Edhitha Sahni,Male,28,Bilaspur,Himachal Pradesh,2025-06-26
Jagvi Chand,Female,36,Dehri,Tripura,2025-10-02
Vedant Kara,Female,27,Patiala,Punjab,2022-03-25
Inaya Prabhakar,Female,27,Dindigul,Tamil Nadu,2023-05-05
Ladli Parsa,Female,28,Mahbubnagar,Kerala,2023-08-30
Amara Ramachandran,Female,58,Lucknow,Bihar,2023-06-25
Ekapad Thaman,Female,66,Pali,Sikkim,2025-09-17
Anay Doshi,Female,59,Jaipur,Manipur,2025-02-10
Zaid Sehgal,Female,21,South Dumdum,Punjab,2025-02-20
Patrick Grover,Male,57,Karawal Nagar,Assam,2024-12-05
Nimrat Ramanathan,Female,18,Ichalkaranji,Goa,2022-05-01
Orinder Nagar,Female,37,Guntakal,Tamil Nadu,2021-10-25
Andrew Swaminathan,Female,59,Allahabad,Punjab,2021-11-02
Sarthak Lad,Male,35,Muzaffarnagar,Meghalaya,2025-11-23
Ati Rama,Male,58,Begusarai,Karnataka,2025-04-07
Sanya Chadha,Female,43,Belgaum,Meghalaya,2024-03-03
Siddharth Mittal,Male,21,Bhimavaram,Sikkim,2026-03-27
Yashica Gara,Female,42,Anantapuram,Nagaland,2025-11-06
Brijesh Ramaswamy,Male,66,Barasat,Manipur,2021-12-13
Henry Goyal,Female,34,Anantapuram,Manipur,2021-08-04
Anika Gokhale,Male,21,Bhilai,Tripura,2021-10-22
Aadi Padmanabhan,Male,69,Agra,Telangana,2024-08-04
Mason Thaker,Female,58,Orai,Sikkim,2025-02-03
Vinaya Bath,Male,18,Satna,Kerala,2024-03-29
Sachi Acharya,Male,54,Kadapa,Tamil Nadu,2025-10-24
Xalak Talwar,Female,51,Erode,West Bengal,2021-08-24
Ati Nayak,Female,30,Kochi,Meghalaya,2024-08-31
Patrick Bhardwaj,Male,45,Darbhanga,Maharashtra,2024-10-14
Ryan Nath,Female,66,Agra,Uttarakhand,2025-09-01
Krisha Tella,Male,68,Barasat,Goa,2022-08-08
Indali Kota,Female,20,Hosur,Maharashtra,2023-04-12
Anthony Krishna,Male,27,Kochi,Andhra Pradesh,2025-05-16
Gautam Rau,Female,46,Tirupati,Goa,2021-12-31
Azaan Randhawa,Male,22,Nizamabad,Tamil Nadu,2025-08-09
Devansh Vora,Female,32,Vellore,Haryana,2024-07-18
Indira Sahota,Male,40,Thanjavur,Himachal Pradesh,2024-12-19
Eesha Bains,Male,57,Surendranagar Dudhrej,West Bengal,2023-12-14
Zinal Gopal,Male,54,Mumbai,Karnataka,2025-01-10
Mason Sha,Male,47,Bhopal,Punjab,2023-02-13
Peter Chahal,Female,41,Khandwa,Assam,2022-09-11
Saumya Nadig,Female,61,Thrissur,Andhra Pradesh,2023-08-23
Leena Sharma,Male,62,Mira-Bhayandar,Jharkhand,2021-07-11
Libni Dua,Female,36,Anantapur,Sikkim,2024-01-22
Xavier Contractor,Female,19,Durg,Tamil Nadu,2025-08-03
Kamala Chaudhari,Female,30,Tiruchirappalli,Tamil Nadu,2025-02-08
Urvashi Bansal,Female,67,Dewas,Goa,2024-11-07
Kashish Majumdar,Female,46,Bharatpur,Gujarat,2025-09-17
Guneet Chandran,Male,47,Rajkot,Arunachal Pradesh,2025-08-14
Falguni Mandal,Male,19,Kolhapur,Uttar Pradesh,2021-11-21
Pahal Barman,Male,33,Durg,West Bengal,2022-07-31
Samuel Tella,Male,67,Sasaram,Chhattisgarh,2024-12-27
Chandani Tella,Female,58,Warangal,Haryana,2023-08-09
Ekbal Menon,Female,27,Rampur,Sikkim,2025-04-11
Rachita Lata,Female,51,Nellore,Mizoram,2022-02-06
Umang Mahal,Male,51,Gwalior,Meghalaya,2022-10-30
Vivaan Bhat,Female,51,Bilaspur,Jharkhand,2022-07-30
Ekansh Saraf,Female,53,Raichur,Madhya Pradesh,2024-02-13
Triveni Bhatia,Male,25,Siwan,Rajasthan,2025-06-02
Dhriti Oommen,Female,40,Sasaram,Himachal Pradesh,2026-04-30
Nathan Guha,Female,55,Solapur,Karnataka,2023-09-20
Yug Divan,Female,59,Howrah,Uttarakhand,2022-03-04
Rachit Sampath,Female,52,Kumbakonam,Tripura,2024-01-24
Chandresh Loyal,Female,36,Bhavnagar,Maharashtra,2022-03-04
Daniel Guha,Male,48,Sangli-Miraj & Kupwad,Bihar,2021-10-14
Zaid Bansal,Male,18,Pune,Gujarat,2022-07-25
Chavvi Gulati,Female,57,Dehradun,Odisha,2024-06-03
Kabir Bail,Female,68,Patiala,Himachal Pradesh,2026-05-13
Ryan Baral,Female,52,Sirsa,Mizoram,2023-11-27
Saanvi Sawhney,Female,20,Kishanganj,Telangana,2023-03-31
Ubika Bhatia,Female,46,Bhavnagar,Sikkim,2022-05-15
Watika Pillai,Male,39,Jamnagar,Nagaland,2022-08-24
Niharika Lala,Female,27,Nangloi Jat,Sikkim,2023-04-17
Garima Khurana,Male,67,Alwar,Madhya Pradesh,2024-07-08
Nitara Jhaveri,Male,22,Bhind,Jharkhand,2022-01-23
Priya Tata,Male,30,Gorakhpur,Uttarakhand,2022-11-26
Niharika Sunder,Male,34,Bally,Assam,2024-10-23
Nikita Sankar,Male,46,Chandrapur,Assam,2022-06-27
Vihaan Radhakrishnan,Male,39,Howrah,Chhattisgarh,2021-07-30
Tarak Dara,Male,49,Rourkela,Uttarakhand,2025-03-19
Faraj Bava,Female,62,Haridwar,Nagaland,2024-11-14
Praneel Prasad,Male,42,Bijapur,Jharkhand,2025-11-19
Warjas Pau,Female,38,Guntakal,Tamil Nadu,2024-01-21
Devika Lanka,Male,55,Rajpur Sonarpur,Rajasthan,2021-11-16
Wakeeta Hari,Male,65,Arrah,Jharkhand,2024-04-12
Ansh Keer,Male,63,Dhule,Manipur,2025-11-15
Joshua Bera,Female,61,Mahbubnagar,Telangana,2026-03-12
Hemang Gara,Male,64,Fatehpur,Andhra Pradesh,2026-06-21
Vihaan Chatterjee,Female,25,Asansol,Odisha,2023-01-16
Oviya Karpe,Female,46,Dharmavaram,Punjab,2024-05-24
Indrajit Ravi,Male,35,Rajkot,Haryana,2024-04-25
Triya Virk,Male,67,Dehri,Mizoram,2022-08-30
Brinda Narang,Female,34,Bihar Sharif,Rajasthan,2026-02-02
Inaya Narayan,Female,54,Pallavaram,Chhattisgarh,2023-07-16
Yochana Rao,Male,48,Jalna,Assam,2026-04-04
Hemangini Brahmbhatt,Male,61,Srinagar,Uttar Pradesh,2024-03-24
Radhika Magar,Male,59,Sri Ganganagar,Tripura,2024-03-08
Guneet Bajaj,Male,35,Nellore,Tamil Nadu,2023-02-08
Shaurya Reddy,Female,69,Bokaro,Karnataka,2025-02-28
Ucchal Gola,Male,55,Bhiwandi,Andhra Pradesh,2026-01-27
Jhalak Sangha,Male,63,Srikakulam,Rajasthan,2023-08-21
Isaac Thaker,Female,18,Uluberia,Jharkhand,2024-02-29
Janaki Sangha,Male,29,Nanded,Odisha,2025-03-24
Unnati Subramanian,Female,61,Tadipatri,Andhra Pradesh,2024-05-29
Ekiya Babu,Male,66,Suryapet,Kerala,2021-11-14
Naveen Natt,Female,69,Hosur,Haryana,2023-05-29
Gaurika Kannan,Male,69,Karawal Nagar,Punjab,2025-04-23
Qushi Dada,Male,51,Durgapur,Telangana,2023-09-01
Bhavani Saha,Female,19,Hazaribagh,Chhattisgarh,2026-04-08
Vanya Bhandari,Female,30,Nashik,Andhra Pradesh,2022-06-16
Vansha Raja,Male,23,Latur,Maharashtra,2022-12-09
Nitara Dixit,Female,26,Raebareli,Himachal Pradesh,2024-12-23
Chanchal Verma,Male,28,Proddatur,Tamil Nadu,2024-12-11
Daksh Sarma,Female,25,Avadi,Gujarat,2026-01-29
Ikshita Yadav,Female,49,Jabalpur,Tamil Nadu,2023-09-30
Yashoda Bhardwaj,Male,58,Munger,Andhra Pradesh,2024-04-11
Fariq Borah,Female,30,Panipat,Nagaland,2023-01-02
Nathan Saha,Male,33,Begusarai,Odisha,2022-09-27
Yashasvi Venkatesh,Female,47,Nagpur,Manipur,2021-09-12
Arunima Panchal,Male,52,Loni,Nagaland,2025-05-27
Pranit Devi,Male,42,Dibrugarh,Gujarat,2022-03-31
Janya Chaudhuri,Female,70,Ichalkaranji,Telangana,2024-01-24
Jason Guha,Female,46,Khammam,Jharkhand,2023-08-12
Qadim Nagi,Male,27,Ahmednagar,Andhra Pradesh,2025-01-31
Caleb Kulkarni,Female,21,Noida,Rajasthan,2023-02-28
Dhruv Rao,Female,55,Davanagere,Maharashtra,2021-08-29
Harshil Banerjee,Male,24,Bhusawal,Mizoram,2021-11-17
Ekaraj Pai,Male,47,Aurangabad,Mizoram,2024-04-06
Kavya Sant,Male,20,Agartala,Arunachal Pradesh,2023-03-09
Eshana Zachariah,Female,42,Bidar,Arunachal Pradesh,2025-06-25
Triveni Srivastava,Female,20,Khammam,Andhra Pradesh,2025-12-31
Barkha Parmar,Male,61,Bokaro,Arunachal Pradesh,2024-10-27
Aditya Pal,Female,21,Kumbakonam,Madhya Pradesh,2021-07-09
Ansh Chakraborty,Male,48,Hubli–Dharwad,Gujarat,2021-11-18
Dakshesh Sarkar,Female,58,Raebareli,Gujarat,2024-05-04
Nitesh Sarraf,Female,60,Jorhat,Assam,2023-07-06
Ishaan Sheth,Male,22,Bellary,Arunachal Pradesh,2023-03-26
Bachittar Bose,Male,62,Malegaon,Himachal Pradesh,2023-06-13
Vidhi Sura,Female,66,Bhiwandi,Meghalaya,2022-01-20
Edhitha Konda,Male,41,Imphal,Karnataka,2023-07-31
Lakshit Balasubramanian,Female,44,Panipat,Bihar,2023-10-05
Xiti Solanki,Male,44,Sirsa,Mizoram,2022-05-03
Manbir Yogi,Male,54,Madhyamgram,Andhra Pradesh,2025-06-11
Yasti Kanda,Female,50,Sangli-Miraj & Kupwad,Andhra Pradesh,2024-11-18
Manan Deol,Female,27,Morbi,Bihar,2025-03-02
Ojas Deo,Female,32,Srikakulam,Madhya Pradesh,2022-07-03
Ekaja Jain,Male,64,Rewa,Maharashtra,2023-08-19
Avni Ramaswamy,Female,24,Nashik,Mizoram,2025-03-17
Brijesh Sandal,Male,67,Raichur,Arunachal Pradesh,2022-11-07
Yashodhara Prasad,Male,68,Tadepalligudem,Meghalaya,2025-05-15
Sanya Thakkar,Female,57,Purnia,Andhra Pradesh,2023-02-15
Zaitra Mammen,Female,40,Ambarnath,Sikkim,2022-11-26
Gagan Khosla,Male,29,Bhimavaram,Karnataka,2025-01-30
Faras Doshi,Female,25,Firozabad,Gujarat,2025-10-23
Om Prabhakar,Male,59,Moradabad,Chhattisgarh,2025-10-29
Faqid Lata,Male,67,Sambalpur,Nagaland,2026-06-17
Maanav Mistry,Male,21,Dhanbad,Tamil Nadu,2021-07-11
Lajita Ramesh,Female,49,Motihari,West Bengal,2026-03-30
Rudra Chokshi,Male,62,Jorhat,Madhya Pradesh,2022-11-17
Hemani Sarna,Female,22,Giridih,Assam,2022-08-20
Ethan Prashad,Female,23,Bhubaneswar,Kerala,2021-11-19
Urmi Gokhale,Male,27,Orai,Arunachal Pradesh,2025-11-04
Girindra Gara,Female,47,Delhi,Jharkhand,2021-09-23
Adweta Reddy,Male,60,Ichalkaranji,Rajasthan,2024-04-26
Chameli Modi,Male,18,Maheshtala,Rajasthan,2025-06-07
Ishanvi Mand,Female,70,Gwalior,Assam,2026-06-10
Bahadurjit Sheth,Male,20,Purnia,Meghalaya,2023-08-24
Anika Chadha,Female,70,Jamshedpur,Telangana,2025-02-06
Wriddhish Bir,Female,27,Kurnool,Kerala,2026-02-19
Jacob Varty,Female,62,Madurai,Meghalaya,2024-09-22
Januja Bhalla,Female,48,Rewa,Gujarat,2021-08-17
Ekiya Mani,Female,36,Howrah,Bihar,2026-03-03
Brinda Nayar,Male,65,Kota,Odisha,2025-04-20
Janaki Palla,Female,66,Farrukhabad,Kerala,2024-03-30
Ryan Loke,Male,40,Durg,Uttar Pradesh,2023-05-01
Varsha Ahuja,Male,40,Thiruvananthapuram,Chhattisgarh,2025-10-13
Gaurang Sharma,Male,58,Sasaram,Odisha,2024-03-21
Xavier Tella,Female,42,Sirsa,Maharashtra,2023-05-19
Omaja Dhar,Male,23,Giridih,Gujarat,2023-09-30
Victor Bora,Male,26,Thanjavur,Mizoram,2023-09-28
Manbir Butala,Female,53,Jamalpur,Tamil Nadu,2024-05-22
Yamini Hari,Male,62,Ajmer,Gujarat,2022-08-12
Vinaya Sastry,Male,63,Jalna,Jharkhand,2025-03-30
Balhaar Suresh,Male,62,Kolkata,Uttar Pradesh,2025-10-31
Yasti Cherian,Female,66,Kanpur,Meghalaya,2025-10-28
Ekansh Gole,Female,47,Maheshtala,Tamil Nadu,2021-12-07
Waida Pau,Male,54,Moradabad,Arunachal Pradesh,2022-07-17
Ijaya Pall,Female,61,Jhansi,Sikkim,2022-06-13
Vedant Roy,Female,44,Chinsurah,Himachal Pradesh,2022-11-10
Zaitra Panchal,Male,45,Purnia,Haryana,2022-06-08
Suhani Wali,Female,46,Gandhinagar,Kerala,2024-03-08
Idika Munshi,Female,68,Belgaum,Meghalaya,2022-01-10
Daksha Mander,Female,44,Morbi,Uttarakhand,2023-03-29
Jasmit Aurora,Female,33,Ballia,Goa,2024-07-28
Reva Pant,Female,43,Udupi,Sikkim,2026-04-25
Rajeshri Raman,Male,21,Karimnagar,Tripura,2022-03-17
Zilmil Saha,Male,47,Kota,Sikkim,2024-06-23
Radha Bhakta,Male,23,Thanjavur,Odisha,2024-02-23
Zaid Sundaram,Male,36,Anantapur,Karnataka,2022-06-15
Saksham Bajwa,Female,60,Bhilwara,Tamil Nadu,2024-07-13
Jairaj Pandit,Male,50,Etawah,Haryana,2022-02-05
Advika Deo,Female,28,Ludhiana,Madhya Pradesh,2025-10-25
Chatresh Chand,Male,67,Thoothukudi,Himachal Pradesh,2024-12-25
Matthew Sehgal,Female,58,Sirsa,Gujarat,2025-07-13
Anita Talwar,Male,24,Nagpur,Goa,2023-01-23
Meera Naidu,Male,68,Vellore,Karnataka,2024-07-11
Simon Gokhale,Female,44,Tadipatri,Gujarat,2024-04-02
Raagini Shenoy,Female,53,Visakhapatnam,Kerala,2025-07-18
Wahab Kala,Female,33,Narasaraopet,Jharkhand,2024-04-15
Jonathan Gour,Female,60,Shimoga,Gujarat,2023-06-27
Ekalinga Bail,Male,23,Anand,Andhra Pradesh,2025-04-02
Devika Ben,Male,49,Akola,Jharkhand,2026-03-03
Jai Chauhan,Female,40,Tenali,Jharkhand,2022-09-02
Balveer Kade,Male,64,Berhampur,Goa,2022-04-17
Sarthak Raghavan,Female,35,Raiganj,Punjab,2022-12-03
Gopal Verma,Male,62,Raipur,Andhra Pradesh,2025-05-02
Samesh Chahal,Female,62,Rewa,Arunachal Pradesh,2022-10-31
Warjas Narasimhan,Female,28,Jehanabad,Uttarakhand,2026-01-16
Balendra Suresh,Female,46,Bathinda,Telangana,2022-11-26
Azad Krishnamurthy,Female,59,Bulandshahr,Sikkim,2022-12-15
Faqid Atwal,Male,59,Howrah,Uttar Pradesh,2023-12-19
Omaja Reddy,Female,26,Gangtok,Telangana,2023-02-21
Agastya Chaudhuri,Male,65,Malegaon,Sikkim,2023-05-10
Oeshi Bhandari,Male,70,Yamunanagar,Madhya Pradesh,2021-08-22
Theodore Sastry,Male,34,Ambattur,Himachal Pradesh,2024-12-17
Jonathan Sarkar,Female,67,Sonipat,Gujarat,2022-01-12
Hitesh Kant,Male,45,Jaipur,Odisha,2022-02-11
Pooja Chauhan,Female,49,Bongaigaon,Assam,2024-01-09
Divya Saha,Male,37,Ambattur,Telangana,2022-11-10
Ekalinga Tandon,Male,58,Naihati,Tripura,2023-04-21
Qushi Saini,Male,65,Orai,Haryana,2025-12-24
Sai Dhingra,Female,31,Jalandhar,Meghalaya,2022-07-19
Chaman Joshi,Male,23,Tumkur,Assam,2022-09-03
Triya Srinivas,Female,26,Thanjavur,Haryana,2025-01-02
Balendra Bajwa,Female,40,Aizawl,West Bengal,2025-05-06
Chameli Mishra,Male,32,Kharagpur,Bihar,2024-07-09
Vasana Kaur,Male,53,Sirsa,Karnataka,2026-01-27
Gunbir Badami,Female,33,South Dumdum,Mizoram,2024-06-20
Rushil Jain,Female,58,Amroha,Uttarakhand,2025-07-03
Xavier Baral,Female,21,Navi Mumbai,Uttar Pradesh,2024-06-09
Bachittar Seshadri,Female,40,Bathinda,West Bengal,2026-05-09
Turvi Chawla,Male,35,Dibrugarh,Rajasthan,2024-10-27
Gavin Gill,Male,19,Gurgaon,Maharashtra,2022-12-05
Bahadurjit Sachdev,Female,41,Katni,Kerala,2024-07-04
Frado Madan,Male,48,Srikakulam,Madhya Pradesh,2025-11-25
Odika Bora,Female,24,Berhampore,Telangana,2022-07-22
Christopher Rao,Female,47,Tinsukia,Telangana,2024-03-30
Ishani Handa,Male,38,Danapur,Assam,2023-02-26
Krishna Vaidya,Female,24,Jalandhar,Haryana,2026-04-08
Yachana Mukhopadhyay,Female,56,Uluberia,Gujarat,2023-04-27
Chakradhar Hegde,Female,34,Navi Mumbai,Assam,2025-10-11
Varenya Sha,Male,59,Sirsa,Assam,2026-03-05
Avni Zacharia,Female,29,Surat,West Bengal,2026-05-17
Ladli Dixit,Female,33,Aizawl,Maharashtra,2024-07-25
Yashoda Wali,Male,48,Kalyan-Dombivli,Meghalaya,2024-07-13
Girik Mand,Male,30,Raebareli,Meghalaya,2021-10-12
Panini Gandhi,Male,52,Kirari Suleman Nagar,Karnataka,2022-11-13
Dayita Wali,Male,25,Kavali,Chhattisgarh,2024-09-26
Farhan Balasubramanian,Female,49,Tinsukia,Haryana,2025-03-01
Nimrat Mall,Female,56,Ghaziabad,Meghalaya,2023-11-26
Vivaan Nayak,Male,28,Ambarnath,Punjab,2021-07-27
Balendra Baral,Male,34,Mehsana,Arunachal Pradesh,2022-08-01
Nicholas Tara,Male,27,Baranagar,Telangana,2025-05-02
Faraj Vora,Male,69,Panchkula,Punjab,2023-08-18
Arin Gokhale,Female,33,Thanjavur,Jharkhand,2024-07-19
Yash Gour,Female,35,Motihari,Bihar,2021-08-11
Watika Shankar,Female,23,Vijayawada,Goa,2025-08-23
Yashodhara Chand,Female,37,Mehsana,Uttar Pradesh,2024-03-30
Gayathri Nazareth,Female,63,Sangli-Miraj & Kupwad,Uttarakhand,2023-07-28
Bachittar Cheema,Female,19,Korba,Maharashtra,2023-05-09
Turvi Palla,Female,43,Mathura,Tamil Nadu,2022-08-31
Yashodhara Ranganathan,Female,62,Nandyal,West Bengal,2022-12-18
Samesh Palan,Male,66,Dhanbad,Gujarat,2021-06-23
Vivaan Mukherjee,Male,19,Jalna,Punjab,2022-04-14
Xavier Mahal,Female,63,Shimla,Meghalaya,2024-06-04
Samar Konda,Male,26,Dharmavaram,Andhra Pradesh,2021-09-19
Jack Rajan,Male,24,Faridabad,Manipur,2021-11-24
Eiravati Dhar,Male,34,Tezpur,Nagaland,2025-01-16
Ucchal Pillai,Male,44,Bardhaman,Tripura,2024-05-16
Akshay Natt,Male,32,Howrah,Kerala,2022-04-01
Harrison Raman,Male,49,Purnia,Gujarat,2023-07-08
Lakshit Dhingra,Female,63,Siwan,Assam,2022-11-05
Girish Narang,Female,64,Raebareli,West Bengal,2022-10-28
Kamala Atwal,Female,63,Ongole,Punjab,2023-07-17
Vyanjana Tandon,Female,64,Ajmer,Madhya Pradesh,2025-04-10
Samesh Sule,Male,40,Barasat,Gujarat,2024-03-19
Patrick Dayal,Female,47,Arrah,Uttar Pradesh,2023-05-31
Ishanvi Swamy,Male,58,Mahbubnagar,Chhattisgarh,2024-11-18
Garima Dara,Female,57,Gopalpur,Jharkhand,2021-07-22
Gautami Ram,Female,40,Mirzapur,Telangana,2022-07-29
Darpan Jain,Female,68,Saharsa,Madhya Pradesh,2021-12-12
Ojas Banerjee,Male,67,Thanjavur,Karnataka,2022-03-24
Bhavini Gupta,Female,29,Bally,Andhra Pradesh,2025-11-01
Lila Kamdar,Female,25,Jhansi,Himachal Pradesh,2023-05-19
Caleb Oak,Male,27,Shimla,Jharkhand,2023-01-19
Karan Parmer,Male,24,Rampur,Madhya Pradesh,2025-12-21
Kamya Krish,Female,31,Giridih,Kerala,2023-11-12
Nimrat Palla,Female,26,Mumbai,Madhya Pradesh,2023-09-10
Rajeshri Hayer,Female,64,Udaipur,Haryana,2025-02-10
Lakshit Prasad,Male,19,Bijapur,West Bengal,2025-03-18
Bhavani Dhillon,Female,57,Udupi,Tamil Nadu,2026-04-17
Guneet Modi,Male,69,Darbhanga,Telangana,2024-12-22
Aarini Bawa,Male,25,Saharsa,Nagaland,2021-07-04
Vasatika Contractor,Female,59,Kolhapur,Odisha,2023-10-01
Vritti Khosla,Female,50,Muzaffarnagar,Maharashtra,2023-06-02
Shivani Nanda,Male,26,Gurgaon,Meghalaya,2025-09-30
Hemangini Thakkar,Male,20,Ballia,Tamil Nadu,2025-08-06
Advaith De,Female,69,Panipat,Telangana,2021-08-10
Diya Babu,Female,65,Junagadh,Punjab,2024-11-06
Avni Pal,Female,70,Ahmedabad,West Bengal,2025-02-23
Ekanta Sheth,Male,62,Patna,Haryana,2025-06-08
Dalaja Panchal,Female,59,Malegaon,Tamil Nadu,2022-03-27
Oni Aurora,Female,31,Nellore,Jharkhand,2024-11-10
Dalaja Kaur,Male,34,Kulti,Andhra Pradesh,2021-08-10
Kamala Patel,Female,50,Ajmer,Haryana,2024-04-22
Divya Purohit,Male,63,Nagaon,Gujarat,2026-06-14
Jack Purohit,Female,18,Khandwa,Himachal Pradesh,2023-03-10
Zarna Rege,Female,57,Tiruchirappalli,Punjab,2021-07-19
Chameli Devi,Female,49,Bulandshahr,Uttar Pradesh,2023-07-28
Joshua Ganguly,Female,55,Bhimavaram,Manipur,2026-03-27
Darpan Mangal,Male,41,Anand,Manipur,2023-11-06
David Datta,Male,58,Indore,Punjab,2024-07-06
Urmi Doctor,Female,30,Loni,Kerala,2024-03-02
Qadim Datta,Male,29,Kolkata,Maharashtra,2023-02-15
Aryan Luthra,Male,29,Kumbakonam,Rajasthan,2025-01-20
Luke Jha,Female,43,Kolhapur,Assam,2021-08-04
Abeer Narasimhan,Male,64,Ujjain,Rajasthan,2026-03-26
Vansha Lala,Male,41,Bhind,Sikkim,2022-04-27
Jagat Saran,Female,28,Nellore,Tamil Nadu,2025-12-12
Radha Rege,Male,31,Maheshtala,Tamil Nadu,2023-10-24
Ridhi Khatri,Female,28,New Delhi,Sikkim,2023-02-14
Hitesh Ghose,Female,62,Bahraich,Assam,2024-05-17
Qushi Kadakia,Female,64,Mehsana,Sikkim,2023-03-20
Banjeet Thaman,Female,29,Bhopal,Manipur,2022-01-04
Ridhi Edwin,Male,23,Tirunelveli,Karnataka,2024-03-04
Arjun Chauhan,Female,45,Bhiwani,Karnataka,2026-02-01
Gautam Rama,Male,48,Mira-Bhayandar,Gujarat,2021-09-25
Madhavi Garde,Male,23,Hapur,Manipur,2023-07-08
Advaith Garde,Male,23,Anantapur,Meghalaya,2024-03-25
Kai Biswas,Male,28,Loni,Maharashtra,2023-06-28
Samaksh Kanda,Female,49,Kochi,Assam,2026-04-01
Ekansh Dayal,Male,20,Jorhat,Punjab,2025-08-29
Geetika Manda,Female,61,Jhansi,Chhattisgarh,2025-08-13
Ira Natarajan,Male,45,Jehanabad,Assam,2025-11-25
Falguni Chawla,Male,40,Agartala,Manipur,2023-05-07
Aadi Khosla,Male,64,Alwar,Sikkim,2023-01-24
Radhika Bhavsar,Male,55,Surat,Tamil Nadu,2023-01-06
Om Kashyap,Female,59,Bhubaneswar,Odisha,2022-04-08
Sathvik Sangha,Female,46,Pudukkottai,Karnataka,2025-07-11
Simon Palla,Male,56,Pimpri-Chinchwad,Kerala,2022-04-08
Wahab Randhawa,Female,25,Kolhapur,Bihar,2024-07-02
Meera Goyal,Male,28,Shivpuri,Tripura,2022-05-11
Raksha Krish,Female,51,Agra,Kerala,2025-12-03
Karan Solanki,Female,22,Srinagar,Odisha,2025-12-15
Vrishti Taneja,Female,26,Sonipat,Sikkim,2023-07-20
Aarnav Yogi,Female,37,Guntakal,Arunachal Pradesh,2021-10-09
Qarin Hans,Male,38,Varanasi,Chhattisgarh,2023-02-13
Gaurika Sachdeva,Male,23,Mahbubnagar,Meghalaya,2025-09-21
Harish Chaudhary,Male,43,Ratlam,Madhya Pradesh,2025-08-26
Chavvi Varty,Male,39,Tezpur,Gujarat,2026-04-02
Alexander Dalal,Male,19,Bhiwani,Maharashtra,2022-08-14
Gagan Kunda,Male,38,Guwahati,Gujarat,2026-06-14
Manya Pai,Male,70,Srinagar,Rajasthan,2024-12-05
Balhaar Nagarajan,Female,33,Dehri,Maharashtra,2025-08-10
Diya Swaminathan,Male,23,Sonipat,West Bengal,2023-04-14
Veda Bains,Female,32,Visakhapatnam,Gujarat,2024-01-13
Madhav Kar,Female,59,Ramgarh,Kerala,2025-12-24
Maya Seth,Female,46,Ghaziabad,Telangana,2026-02-24
Indira Divan,Male,34,Buxar,Goa,2026-06-09
Dayamai Mallick,Male,19,Khandwa,Goa,2021-09-22
Kritika Bala,Male,53,Raipur,Madhya Pradesh,2026-03-14
Krishna Batra,Male,61,Barasat,Uttarakhand,2022-06-10
Aahana Sami,Female,43,Nangloi Jat,Maharashtra,2024-07-26
Kevin Ranganathan,Male,56,Shimoga,Haryana,2024-08-13
Dayita Brahmbhatt,Female,18,Pune,Himachal Pradesh,2022-05-03
Charan Sabharwal,Male,55,Mehsana,Punjab,2024-12-12
Harshil Dey,Male,21,Naihati,Arunachal Pradesh,2025-09-27
Charvi Manne,Male,29,Gangtok,Uttarakhand,2022-04-29
Chanchal Mittal,Male,50,Erode,Karnataka,2026-02-10
Vyanjana Kothari,Female,62,Nangloi Jat,Gujarat,2026-05-15
Upasna Mital,Male,35,Coimbatore,Manipur,2025-08-19
Rachana Bail,Male,43,Patiala,Chhattisgarh,2021-07-14
Deepa Vig,Female,42,Sikar,Kerala,2024-03-06
Inaya Shan,Male,54,Thane,Andhra Pradesh,2023-03-31
Yashoda Gupta,Male,49,Ongole,Uttar Pradesh,2022-04-07
Ayaan Ravi,Female,54,Gorakhpur,Bihar,2022-08-10
Liam Sule,Female,30,Jalandhar,Bihar,2023-11-05
Wridesh Rana,Female,64,Dhanbad,Gujarat,2023-10-20
Harshil Bhatt,Female,37,Ujjain,Karnataka,2021-07-23
Idika Basu,Male,35,Nangloi Jat,West Bengal,2023-06-05
Mitesh Saini,Male,32,Imphal,Maharashtra,2023-03-12
Aarush Wagle,Female,69,Loni,Maharashtra,2025-11-08
Chavvi Bhat,Male,54,Hyderabad,Tripura,2025-06-21
Pahal Narain,Male,36,Ambala,Punjab,2023-02-01
Aishani Bera,Female,61,Anand,Gujarat,2024-03-11
Pratyush Patel,Male,51,Tirupati,Kerala,2025-03-14
Qarin Soni,Female,54,Akola,Manipur,2021-11-27
Aishani Raman,Male,40,Hubli–Dharwad,Chhattisgarh,2023-09-22
Yashodhara Munshi,Female,70,Bhilwara,Jharkhand,2023-12-27
Keya Ghose,Male,29,Silchar,Andhra Pradesh,2022-12-04
Krishna Narayanan,Male,33,Bhilwara,Madhya Pradesh,2022-07-27
Aayush Loyal,Male,35,Tirupati,Chhattisgarh,2023-01-23
Irya Misra,Female,64,Rajahmundry,Nagaland,2024-06-13
Aachal Vasa,Male,64,Arrah,Himachal Pradesh,2023-04-10
Libni Buch,Male,42,Alwar,West Bengal,2022-04-09
Anay Sagar,Female,43,Muzaffarpur,Gujarat,2026-04-23
Veer Lalla,Female,66,Khora ,Gujarat,2021-08-26
Yashodhara Mand,Male,20,Delhi,Assam,2024-12-01
Alka Sarna,Female,47,Bardhaman,Mizoram,2025-01-23
Neelima Balasubramanian,Male,48,Madanapalle,Maharashtra,2026-05-07
Shravya Dugar,Male,22,Berhampore,Chhattisgarh,2025-08-22
Abhimanyu Mall,Male,37,Anantapuram,Telangana,2022-04-17
Jacob Khare,Male,45,Jhansi,West Bengal,2025-11-06
Neelima Nadig,Female,61,Bharatpur,Chhattisgarh,2025-12-09
Jai Dugar,Female,20,Chandigarh,Goa,2024-06-30
Tanvi Saini,Female,32,Thiruvananthapuram,West Bengal,2025-07-30
Devika Bail,Male,64,Ghaziabad,Arunachal Pradesh,2022-12-20
Pushti Atwal,Male,47,Bhind,Himachal Pradesh,2021-07-17
Chavvi Buch,Male,63,Akola,West Bengal,2025-10-30
Damini Batta,Female,28,Kochi,Madhya Pradesh,2022-01-15
Zashil Issac,Male,31,Satna,Jharkhand,2023-01-04
Veda Dara,Male,53,Kamarhati,Tamil Nadu,2025-09-01
Yuvraj Varty,Female,56,Adoni,Karnataka,2023-05-28
Dominic Chowdhury,Male,70,Dharmavaram,Manipur,2023-03-10
Victor Pillai,Female,37,New Delhi,Mizoram,2022-01-13
Darsh Kar,Male,27,Khammam,Nagaland,2024-07-22
Kalpit Sagar,Female,59,Bhagalpur,Maharashtra,2024-09-04
Aachal Kota,Female,34,Baranagar,Jharkhand,2023-01-28
Bhanumati Behl,Female,68,Rampur,Sikkim,2023-04-14
Om Varkey,Male,49,Medininagar,Chhattisgarh,2021-12-15
Laksh Zacharia,Male,54,Bongaigaon,Maharashtra,2022-10-18
Eesha Suri,Male,47,Rampur,Tamil Nadu,2022-10-26
Tanish Sanghvi,Male,62,Chandrapur,Telangana,2023-01-14
Lakshit Rama,Male,24,Vijayawada,Chhattisgarh,2024-03-28
Naveen Anne,Female,40,Hosur,Kerala,2026-05-06
Jonathan Narula,Female,36,Khora ,Maharashtra,2023-04-05
Pushti Walla,Female,42,Chittoor,Odisha,2024-08-10
Zayyan Nayar,Male,48,Visakhapatnam,Nagaland,2021-10-17
Urvi Tiwari,Male,22,Noida,Goa,2023-08-02
Sathvik Ganguly,Male,58,Bharatpur,Arunachal Pradesh,2022-06-26
Omisha Golla,Male,39,Bahraich,Gujarat,2025-04-10
Nihal Arora,Female,54,Fatehpur,Telangana,2023-04-23
Zayan Karnik,Male,61,Haridwar,Uttar Pradesh,2022-08-16
Unnati Sankar,Female,50,Visakhapatnam,Assam,2022-12-20
Rajata Bhargava,Female,62,Bikaner,Arunachal Pradesh,2023-02-04
Aadhya Sathe,Male,23,Sultan Pur Majra,Madhya Pradesh,2023-07-14
Aarav De,Male,39,Vijayanagaram,Telangana,2025-08-20
Brijesh Lad,Male,65,Secunderabad,Rajasthan,2022-04-29
Damyanti Dani,Female,35,Mira-Bhayandar,Goa,2023-01-14
Samarth Rau,Female,59,Katihar,Sikkim,2023-04-02
Arunima Sangha,Female,39,Etawah,Maharashtra,2022-07-13
Lavanya Devan,Male,64,Bhusawal,Arunachal Pradesh,2023-10-08
Triveni Naik,Male,30,Gangtok,Arunachal Pradesh,2024-01-22
Arunima Dubey,Male,52,Bhalswa Jahangir Pur,Gujarat,2022-11-24
Nimrat Sachdev,Male,28,Mehsana,Meghalaya,2023-10-09
Dayamai Bail,Male,41,Kumbakonam,Haryana,2021-11-19
Warjas Viswanathan,Female,46,Chinsurah,Himachal Pradesh,2024-09-24
Isaac Dhingra,Female,23,Dehri,Gujarat,2026-04-28
Qabil Hari,Male,37,Motihari,Jharkhand,2022-11-19
Lekha Verma,Male,58,Arrah,Uttar Pradesh,2022-04-18
Harita Pandey,Female,59,Aligarh,Manipur,2025-12-18
Eshana Rout,Female,51,Bareilly,Andhra Pradesh,2024-01-12
Jasmit Sathe,Female,34,Eluru,Meghalaya,2021-10-01
Yashvi Hayre,Female,53,Chinsurah,Tamil Nadu,2023-06-10
Dakshesh Sampath,Female,42,Unnao,Sikkim,2024-07-09
Reva Kaul,Female,52,Panipat,Jharkhand,2021-09-03
Jeremiah Borde,Female,45,Ludhiana,Karnataka,2024-08-05
Yashasvi Deshpande,Female,67,Chapra,Arunachal Pradesh,2022-06-03
Osha Sastry,Female,35,Kurnool,Karnataka,2025-10-08
Krish Salvi,Female,25,Barasat,Odisha,2022-09-13
Chakradhar Seshadri,Male,24,Bhind,Bihar,2021-11-18
Dayamai Nath,Male,35,Raichur,Odisha,2021-11-19
Dhriti Rao,Male,32,Kharagpur,Haryana,2023-11-12
Chameli Sarma,Male,53,Bhiwandi,Uttar Pradesh,2023-06-11
Nidra Kunda,Female,27,Jalna,Uttar Pradesh,2022-10-13
Rushil Varughese,Female,18,Jabalpur,Mizoram,2024-02-18
Alka Kale,Female,55,Sultan Pur Majra,Mizoram,2021-12-20
Gopal Bhatia,Female,30,Kishanganj,Bihar,2024-09-03
Pratyush Rattan,Female,41,Amaravati,Himachal Pradesh,2025-06-23
Hitesh Dass,Male,57,Berhampore,Nagaland,2021-08-03
Robert Yadav,Female,62,Bharatpur,Haryana,2025-01-30
Thomas Basak,Female,51,Amroha,Telangana,2022-01-29
Aadhya Lad,Male,40,Thane,West Bengal,2024-01-27
Vasatika Konda,Male,27,Srinagar,Punjab,2024-02-17
Rachana Kata,Female,27,Guna,Sikkim,2022-03-09
Ekani Mohan,Male,21,Tiruchirappalli,Manipur,2023-12-15
Gayathri Mangat,Male,67,Rajahmundry,Kerala,2022-06-03
Faras Babu,Female,22,Jabalpur,Gujarat,2022-10-11
Nachiket Parekh,Female,34,Gandhidham,Mizoram,2023-11-08
Wazir Korpal,Male,37,Gorakhpur,Gujarat,2024-02-24
Raagini Barman,Female,37,Mehsana,Odisha,2024-07-31
Peter Dara,Male,52,Madanapalle,Tripura,2022-08-31
Ekapad Tata,Female,43,Kalyan-Dombivli,Odisha,2025-04-18
Fiyaz Vig,Male,50,Phagwara,Gujarat,2025-11-20
Yashica Sheth,Male,69,Bareilly,Telangana,2024-03-26
Siddharth Buch,Male,31,Buxar,Bihar,2026-05-23
Turvi Pal,Female,41,Secunderabad,Haryana,2025-11-20
Oviya Chakraborty,Female,51,Eluru,Goa,2024-12-06
Gunbir Gopal,Male,42,Pallavaram,Mizoram,2021-11-05
Jagat Khare,Female,46,Udupi,Madhya Pradesh,2024-08-05
Isaac Bala,Male,65,Tadipatri,Andhra Pradesh,2024-02-03
Zayyan Dhar,Female,48,Amaravati,Jharkhand,2025-07-03
Gaurika Bir,Male,39,Rajpur Sonarpur,Uttarakhand,2026-03-24
Lajita Devan,Female,65,Rajahmundry,Uttar Pradesh,2025-07-21
Nimrat Srivastava,Male,40,Fatehpur,Assam,2024-02-08
Hemangini Sagar,Female,23,Muzaffarpur,Madhya Pradesh,2022-06-06
Shivansh Kala,Female,32,Tenali,Odisha,2023-08-31
Forum Chaudhari,Female,57,Phagwara,Haryana,2024-04-23
Chandani Venkataraman,Male,44,Shahjahanpur,Andhra Pradesh,2026-01-25
Nilima Prashad,Female,63,Alwar,Meghalaya,2022-06-20
Rajeshri Gokhale,Female,47,Mangalore,Assam,2024-10-28
Isha Vig,Female,41,Bhilai,Madhya Pradesh,2025-05-04
Rachita Garg,Male,56,Thrissur,Tamil Nadu,2023-01-17
Jeremiah Chadha,Female,40,Satna,Karnataka,2022-11-29
Raghav Minhas,Male,41,Sirsa,Arunachal Pradesh,2024-12-02
Qadim Savant,Male,54,Anantapur,Maharashtra,2021-09-04
Dipta Batra,Male,39,Gandhinagar,Rajasthan,2021-07-24
Qabil Sidhu,Male,59,Vadodara,Kerala,2022-02-20
Zayan Divan,Female,61,Satna,Telangana,2024-02-08
Mitali Varty,Female,58,Chandigarh,Himachal Pradesh,2024-05-03
Siddharth Muni,Female,64,Malda,Arunachal Pradesh,2025-08-13
Farhan Vyas,Male,25,Hyderabad,West Bengal,2023-10-18
Brijesh Nagar,Male,47,Thanjavur,Tripura,2023-03-17
Nitesh Bahl,Male,60,Kamarhati,Tripura,2026-04-28
Peter Gara,Male,24,Bijapur,Goa,2025-03-28
Aayush Seshadri,Female,53,Latur,Karnataka,2022-09-12
Timothy Kapoor,Female,43,Noida,Jharkhand,2022-08-25
Tanveer Nagy,Female,35,Kurnool,Bihar,2026-03-21
Zayan Chawla,Male,43,Rajpur Sonarpur,Haryana,2022-05-31
Daksh Vig,Male,61,Mango,Assam,2023-09-23
Naveen Deo,Female,52,Mahbubnagar,Goa,2021-06-25
Patrick Menon,Female,56,Purnia,West Bengal,2024-04-06
Odika Tak,Male,29,Kulti,Tripura,2023-07-15
Kalpit Kapoor,Female,65,Thanjavur,Haryana,2024-03-23
Urishilla Nagar,Female,23,Ozhukarai,Karnataka,2024-10-18
Vrinda Zacharia,Male,42,Vadodara,Arunachal Pradesh,2022-05-11
Faris Bajwa,Male,58,Karnal,Chhattisgarh,2022-12-19
Yatin Khosla,Female,32,Ranchi,Mizoram,2025-06-06
Netra Kota,Male,58,Raiganj,Kerala,2026-06-21
Simon Kulkarni,Male,23,Mango,Himachal Pradesh,2023-08-08
Ojasvi Kade,Male,25,Tirunelveli,Manipur,2022-12-12
Anya Saraf,Female,53,Darbhanga,Maharashtra,2022-07-08
Anika Gour,Female,25,Sikar,Manipur,2023-10-31
Ekaja Keer,Male,18,Allahabad,Odisha,2022-11-10
Devika Nanda,Female,29,Thanjavur,Uttar Pradesh,2023-10-11
Maanas Nigam,Male,35,Madanapalle,Meghalaya,2022-07-09
Banjeet Shah,Female,60,Aurangabad,Nagaland,2021-09-13
Aarini Narasimhan,Male,39,Kozhikode,Arunachal Pradesh,2023-03-13
Ryan Khare,Male,32,Ambala,Madhya Pradesh,2022-10-25
Ekansh Rout,Female,22,Gorakhpur,Andhra Pradesh,2022-09-09
Omkaar Chander,Male,63,Etawah,Sikkim,2024-02-09
Pratyush Parekh,Female,47,Bhatpara,Uttar Pradesh,2021-11-28
Dayita Dugar,Female,35,Berhampur,Mizoram,2021-06-24
Charles Madan,Female,33,Dindigul,Sikkim,2025-04-24
Onveer Majumdar,Male,32,Kota,Telangana,2023-11-08
Jack Dhar,Female,36,Rampur,Meghalaya,2026-01-07
Hemangini Comar,Female,31,Jhansi,Gujarat,2022-07-11
Elijah Setty,Female,19,Nagpur,Kerala,2024-01-06
Yasti Kurian,Female,53,Bhubaneswar,West Bengal,2023-02-08
Jhalak Jani,Female,64,Tiruppur,West Bengal,2022-12-11
Faras Parmer,Male,50,Dehradun,Bihar,2024-01-09
Falan Jain,Female,30,Bilaspur,Uttarakhand,2021-11-15
Zaitra Doshi,Male,18,Aurangabad,Kerala,2024-03-19
Abdul Bains,Male,45,Sikar,Gujarat,2023-04-03
Luke Menon,Female,52,Arrah,Jharkhand,2023-03-21
Dalbir Behl,Female,41,Morbi,Assam,2023-08-25
Widisha Char,Female,40,Salem,Gujarat,2021-11-16
Laksh Shroff,Male,67,Haldia,Tripura,2021-11-29
Patrick Kata,Male,41,Jamnagar,Sikkim,2024-05-23
Triveni Krishnamurthy,Male,42,Munger,Chhattisgarh,2021-10-22
Samaksh Chhabra,Male,41,Haldia,Haryana,2023-02-25
Nachiket Tripathi,Male,30,Jaunpur,Punjab,2025-08-23
Veer Dass,Male,67,Ghaziabad,Punjab,2024-06-27
Yatin Saraf,Female,38,Alwar,Tripura,2021-09-10
Amrita Chauhan,Male,50,Gandhidham,Kerala,2026-05-25
Arin Memon,Male,55,Amaravati,Punjab,2023-04-16
Jeremiah Tripathi,Male,24,Belgaum,Mizoram,2024-08-14
Gabriel Zacharia,Female,60,Bongaigaon,Telangana,2021-07-23
Gaurangi Vig,Male,56,Surat,Manipur,2023-05-01
Kashvi Majumdar,Female,47,Bhimavaram,Bihar,2023-12-19
Samarth Suresh,Male,31,Dewas,Tripura,2024-03-28
Balveer Grewal,Male,48,Sri Ganganagar,Goa,2022-03-03
Indrajit Brar,Male,22,Sonipat,Chhattisgarh,2022-06-20
Alka Hayre,Female,32,Kakinada,Sikkim,2024-11-03
Alexander Ramaswamy,Female,64,Kalyan-Dombivli,Tripura,2025-03-26
Anita Walia,Female,56,Tumkur,Andhra Pradesh,2021-10-15
Sai Wadhwa,Female,49,Deoghar,West Bengal,2025-11-27
Bhavika Iyengar,Female,50,Jabalpur,Manipur,2023-11-24
Ronith Sankar,Female,68,Jammu,Chhattisgarh,2021-11-29
Vaishnavi Edwin,Female,49,Bilaspur,Assam,2023-01-18
Rajeshri Bose,Female,18,Navi Mumbai,West Bengal,2024-12-04
Shivani Zacharia,Male,68,Gorakhpur,Andhra Pradesh,2025-10-01
Yamini Narayanan,Male,46,Anantapuram,Karnataka,2025-03-15
Saumya Hegde,Female,42,Noida,Tamil Nadu,2022-12-13
Aryan Badal,Male,59,Kavali,Uttarakhand,2023-09-12
Onkar Yadav,Male,27,Junagadh,Maharashtra,2024-06-16
Yatan Parmar,Male,44,Machilipatnam,Himachal Pradesh,2023-03-08
Anay Kale,Male,22,Sirsa,Goa,2022-05-28
Aishani Nori,Male,62,Imphal,Meghalaya,2021-09-21
Quincy Kale,Male,70,Hindupur,Punjab,2023-04-16
Krish Deol,Female,33,Baranagar,Jharkhand,2025-09-30
Sanaya Nazareth,Female,40,Agra,Tamil Nadu,2021-07-16
Pavani Arya,Female,37,Surendranagar Dudhrej,Kerala,2025-03-10
Vasatika Jha,Male,47,Noida,Bihar,2024-10-05
Ishaan Deshmukh,Male,39,Pallavaram,West Bengal,2024-01-07
Rohan Verma,Female,48,Anantapuram,Chhattisgarh,2022-07-15
Krishna Deol,Female,34,Vijayanagaram,Chhattisgarh,2021-10-21
Ishita Joshi,Male,31,Kolkata,Bihar,2022-07-03
Charvi Magar,Female,41,Jamnagar,Tripura,2025-08-27
Ekalinga Bhavsar,Female,60,Kirari Suleman Nagar,Odisha,2021-06-30
Laksh Majumdar,Female,22,Kirari Suleman Nagar,Madhya Pradesh,2024-06-11
Chakrika Mall,Female,44,Gandhinagar,Tamil Nadu,2025-01-16
Manbir Dey,Female,27,Jaunpur,Uttar Pradesh,2023-05-09
Dalaja Edwin,Male,24,Pali,Odisha,2026-02-14
Vanya Kapoor,Male,39,Srinagar,Gujarat,2025-04-25
Wakeeta Seth,Male,63,Unnao,Jharkhand,2022-06-05
Lucky Devi,Female,25,Kolhapur,Haryana,2022-12-05
Raagini Chokshi,Female,51,Jehanabad,Uttarakhand,2025-08-21
Aradhana Chahal,Male,57,Vasai-Virar,Uttarakhand,2021-10-08
Vasudha Dey,Female,34,Bareilly,Himachal Pradesh,2022-05-28
Ekta Sarna,Female,38,Udaipur,Karnataka,2024-01-12
Yahvi Handa,Male,64,Amravati,Haryana,2025-06-03
Abha Kadakia,Male,56,Jalgaon,West Bengal,2021-11-17
Hemani Pant,Female,19,Pali,Madhya Pradesh,2023-08-22
Dalaja Bumb,Male,19,Thrissur,West Bengal,2023-01-22
Veda Banerjee,Male,47,Raurkela Industrial Township,Gujarat,2022-09-11
Ekansh Bhalla,Male,40,Bathinda,Telangana,2024-12-27
Pooja Chander,Female,31,Adoni,Karnataka,2023-06-13
Arya Gade,Female,60,Visakhapatnam,Odisha,2026-05-24
Oeshi Kumer,Female,66,Asansol,Jharkhand,2023-06-19
Falguni Dhaliwal,Female,28,Davanagere,Arunachal Pradesh,2023-02-16
Neel Manne,Male,27,Nandyal,Tripura,2022-10-31
Yamini Char,Female,66,Panvel,Uttar Pradesh,2025-02-08
Reyansh Johal,Female,54,Alappuzha,Assam,2022-07-01
Charita Mangat,Male,19,Gandhinagar,Karnataka,2022-11-10
Radhika Rai,Male,50,Kulti,Telangana,2022-01-29
Brinda Chanda,Male,55,Kumbakonam,West Bengal,2022-05-17
Krisha Rege,Female,54,South Dumdum,Telangana,2025-09-12
Ekaja Rajan,Female,31,Allahabad,Chhattisgarh,2025-09-01
Keya Bobal,Male,52,Siwan,Gujarat,2024-11-07
Xiti Das,Female,21,Mira-Bhayandar,Chhattisgarh,2025-04-11
Niharika Sha,Female,50,Phusro,Odisha,2025-05-11
Eta Ratti,Female,19,Amaravati,Arunachal Pradesh,2025-08-28
Vedika Behl,Male,54,Thrissur,Kerala,2026-06-04
Indrajit Mann,Male,26,Panihati,Kerala,2025-06-25
Samaksh Sangha,Male,70,Nadiad,Assam,2025-07-12
Balveer Bhakta,Male,19,Kavali,Telangana,2022-01-03
Eiravati Kothari,Male,38,Aurangabad,Assam,2022-09-24
Qadim Kurian,Female,58,Sultan Pur Majra,Arunachal Pradesh,2025-11-01
Wyatt Prasad,Male,34,Belgaum,Meghalaya,2025-11-25
Baljiwan Deshpande,Male,63,Karnal,Goa,2023-04-06
Darpan Varty,Female,53,Visakhapatnam,Tripura,2024-04-12
Manan Kade,Male,52,Ghaziabad,Uttarakhand,2023-07-29
Chatura Krishnan,Female,47,Mau,Goa,2022-07-21
Edhitha Chowdhury,Male,58,Dehri,Uttarakhand,2025-06-01
Utkarsh Gour,Male,29,Bikaner,Karnataka,2023-12-11
Triya Raghavan,Female,55,Jaipur,Maharashtra,2023-11-02
Rachita Vora,Female,24,Baranagar,Uttar Pradesh,2023-11-01
Dhruv Raja,Male,42,Nadiad,Himachal Pradesh,2025-07-17
Sarthak Parikh,Male,47,Tiruchirappalli,Punjab,2025-05-18
Farhan Dey,Male,36,North Dumdum,Himachal Pradesh,2025-01-17
Mugdha Chatterjee,Female,49,Durg,Punjab,2023-09-21
Oscar Seth,Female,52,Fatehpur,Tripura,2025-07-03
Anirudh Gulati,Female,32,Bhopal,Punjab,2024-10-24
Sachi Patla,Male,69,Lucknow,Maharashtra,2022-04-05
Lopa Roy,Male,40,Anand,Punjab,2025-03-13
Warda Mannan,Male,45,Suryapet,Nagaland,2022-12-21
Jalsa Saha,Female,43,Giridih,Tamil Nadu,2023-10-14
Arunima Thaker,Male,44,Mau,West Bengal,2026-03-07
Indali Wali,Male,66,Bilaspur,Uttarakhand,2024-09-20
Finn Nagarajan,Female,22,Kota,Arunachal Pradesh,2024-01-24
Krish Ramakrishnan,Male,41,Nangloi Jat,Andhra Pradesh,2026-05-05
Bachittar Chandran,Male,54,Ahmedabad,Odisha,2022-06-16
Pranit Dar,Female,45,Bhilai,Gujarat,2026-03-09
Manthan Ahuja,Male,40,Ambattur,Arunachal Pradesh,2025-06-14
Dhriti Yadav,Male,32,Tumkur,Nagaland,2022-04-02
Harsh Sule,Female,58,Nizamabad,Tripura,2023-02-23
Dev Sengupta,Male,69,Bhalswa Jahangir Pur,Gujarat,2022-09-07
Viraj Bhatnagar,Female,64,Madanapalle,Punjab,2024-03-01
Omkaar Mane,Male,60,Jehanabad,Meghalaya,2025-09-05
Tejas Samra,Female,55,Karawal Nagar,Andhra Pradesh,2025-06-21
Damyanti Buch,Female,27,Karaikudi,Uttarakhand,2021-07-28
Bahadurjit Basu,Female,19,Kirari Suleman Nagar,Jharkhand,2024-08-06
Ronith Yogi,Male,40,Kamarhati,Goa,2026-04-17
Yashawini Swaminathan,Female,61,Ahmedabad,Haryana,2025-03-08
Idika Johal,Female,56,Raiganj,Uttarakhand,2024-05-04
Rachana Chaudhry,Female,66,Indore,Haryana,2024-05-11
Triveni Ranganathan,Female,31,Davanagere,Punjab,2023-12-31
Advay Sama,Male,35,Bharatpur,Punjab,2023-10-10
Onveer Ramaswamy,Female,35,Fatehpur,Odisha,2022-04-02
Ethan Borde,Female,24,Tinsukia,Tripura,2022-05-23
Deepa Raval,Female,35,Coimbatore,Arunachal Pradesh,2025-12-17
Jasmit Dar,Male,49,Raipur,Rajasthan,2021-06-30
Reyansh Ganesan,Female,21,Avadi,Madhya Pradesh,2026-03-27
Isha Misra,Female,23,Panihati,Manipur,2021-12-21
Rachita Narayanan,Male,65,Satna,West Bengal,2023-06-25
Samaksh Banerjee,Female,30,Dibrugarh,Tamil Nadu,2024-08-29
Urvashi Manne,Male,41,Vellore,Mizoram,2026-04-07
Imaran Narasimhan,Male,55,Sasaram,Gujarat,2024-02-15
Mitali Lad,Female,41,Gopalpur,Telangana,2022-06-06
Divya Dora,Female,26,Saharanpur,Maharashtra,2023-01-26
Elijah Bobal,Male,31,Udupi,Sikkim,2022-10-24
Bhavika Kata,Male,44,Guntakal,Telangana,2022-03-26
Bhavna Pant,Male,37,Kurnool,Punjab,2022-12-19
Amruta Ghosh,Female,24,Thrissur,Nagaland,2026-04-24
Rayaan Sachdeva,Female,70,Gudivada,Himachal Pradesh,2026-03-07
Shivansh Boase,Male,63,Raiganj,Kerala,2022-02-17
Hitesh Chaudhry,Male,37,Ghaziabad,Jharkhand,2022-08-26
Pallavi Mann,Male,21,Noida,Goa,2022-09-12
Brijesh Kala,Female,33,Hospet,Jharkhand,2026-04-13
Wazir Sridhar,Male,46,Jabalpur,Andhra Pradesh,2021-12-02
Adya Chaudhry,Female,33,Karnal,Karnataka,2024-04-24
Om Tandon,Male,61,Durg,Tamil Nadu,2023-08-29
Sara Choudhary,Male,42,Dhule,Tripura,2025-10-23
Abeer Doctor,Male,51,Bhavnagar,Kerala,2025-01-14
Gagan Bava,Male,33,Jaipur,Manipur,2024-04-25
Barkha Minhas,Male,32,Bhilai,Jharkhand,2024-10-23
Devansh Chaudry,Male,35,Ahmednagar,West Bengal,2021-08-16
Lipika Zachariah,Male,52,Bally,Himachal Pradesh,2026-01-01
Brinda Srinivas,Female,52,Dindigul,Tripura,2023-12-04
Avni Natt,Male,60,Belgaum,Sikkim,2025-06-15
Edhitha Brahmbhatt,Male,59,Karawal Nagar,Goa,2023-03-20
Vedhika Venkataraman,Female,21,Ahmednagar,Telangana,2025-12-16
Praneel Rajagopal,Male,38,Pudukkottai,Andhra Pradesh,2022-03-03
Jack Pai,Male,47,Orai,Himachal Pradesh,2022-12-07
Hitesh Ramakrishnan,Female,25,Mau,Jharkhand,2023-07-08
Abhiram Chandran,Male,27,Dibrugarh,Jharkhand,2026-03-24
Tristan Chopra,Female,56,Kota,Sikkim,2024-07-13
Ishanvi Balay,Female,62,Shivpuri,Karnataka,2021-06-29
Krish Dyal,Male,60,Parbhani,Himachal Pradesh,2022-08-23
Triveni Jha,Male,33,Yamunanagar,Nagaland,2022-12-24
Kalpit Keer,Female,36,Bhavnagar,Mizoram,2022-02-22
Nitara Malhotra,Male,42,Deoghar,Assam,2021-08-29
Yagnesh Bhasin,Male,40,Pune,Telangana,2025-07-23
Xiti Vora,Female,41,Salem,Tamil Nadu,2023-09-13
Shaurya Amble,Female,58,Korba,Kerala,2025-08-18
Qarin Setty,Male,18,Latur,Karnataka,2022-08-06
Umang Setty,Male,51,Jaunpur,Rajasthan,2025-10-24
Nandini Sathe,Male,49,Motihari,Bihar,2021-08-23
Wakeeta Salvi,Female,33,Navi Mumbai,Tripura,2024-11-07
Banjeet Batra,Female,34,North Dumdum,Odisha,2022-11-25
Hemal Dhaliwal,Male,62,Patna,Himachal Pradesh,2021-09-11
Watika Parikh,Male,47,Madhyamgram,Uttarakhand,2025-06-27
Maya Rastogi,Male,58,Ujjain,Mizoram,2026-04-26
Siddharth Prakash,Male,54,Siliguri,Rajasthan,2021-09-29
Jeet Setty,Female,65,Bhimavaram,Sikkim,2025-09-29
Siya Vora,Female,51,Kanpur,Arunachal Pradesh,2026-06-15
Max Sastry,Male,63,Shahjahanpur,Bihar,2024-05-03
Gopal Patla,Male,29,Morena,Chhattisgarh,2025-10-08
Vansha Tak,Female,41,Karimnagar,Maharashtra,2024-01-27
Indali Kanda,Female,29,Haldia,Punjab,2024-08-26
Yutika Divan,Female,58,Bhatpara,Chhattisgarh,2024-12-26
Mugdha Memon,Male,26,Tirupati,Jharkhand,2026-06-03
Christopher Dash,Female,37,Bangalore,Goa,2023-11-11
Triveni Dass,Female,35,Hazaribagh,Haryana,2025-01-02
Vasudha Pant,Female,26,Nagaon,Goa,2021-06-25
Luke Nayak,Female,56,Nanded,Sikkim,2023-10-14
Vaishnavi Saxena,Female,66,Dindigul,Punjab,2023-10-23
Akshay Dubey,Female,27,Buxar,Kerala,2022-03-14
Aachal Thaman,Male,21,Gandhidham,Nagaland,2025-06-19
Harinakshi Peri,Male,58,Satara,Maharashtra,2026-05-20
Manbir Srinivasan,Female,66,Silchar,Punjab,2021-11-22
Hemal Arya,Female,52,Rajpur Sonarpur,Jharkhand,2021-07-17
Panini Maharaj,Female,31,Karimnagar,Karnataka,2022-12-29
Ishanvi Ramaswamy,Female,46,Tirunelveli,Telangana,2024-11-16
Aadhya Buch,Male,37,Rajahmundry,Gujarat,2024-03-12
Ganga Bansal,Male,36,Katni,Maharashtra,2021-09-01
Widisha Bhandari,Male,45,Amaravati,Tamil Nadu,2026-02-19
Vincent Mander,Female,58,Haridwar,Uttar Pradesh,2026-01-03
Hitesh Dave,Male,63,Pudukkottai,Madhya Pradesh,2023-03-20
Anusha Korpal,Female,55,Lucknow,Karnataka,2022-12-09
Ekalinga Contractor,Female,44,Unnao,Gujarat,2023-01-27
Jeremiah Bhatti,Female,31,Hapur,Kerala,2025-07-12
Nandini Mann,Male,40,Karaikudi,Sikkim,2024-05-11
Darsh Hegde,Male,67,Satna,Haryana,2024-09-15
Jhalak Lall,Female,52,Karawal Nagar,Chhattisgarh,2023-04-01
Ranveer Bera,Female,48,Aligarh,Punjab,2022-11-16
Balveer Das,Female,63,Madurai,Himachal Pradesh,2023-05-17
Tripti Kunda,Male,31,Bilaspur,Uttar Pradesh,2023-07-04
Fitan Ranganathan,Male,44,Allahabad,Assam,2022-01-28
Isaac Joshi,Female,54,Tiruppur,Jharkhand,2022-02-13
Damyanti D’Alia,Female,56,Amroha,Meghalaya,2024-08-20
Frado Sehgal,Female,62,Bhimavaram,Bihar,2024-08-07
Vanya Garde,Male,57,Jalna,Madhya Pradesh,2024-09-25
Samesh Natt,Female,70,Udaipur,Assam,2024-10-01
Balhaar Ravi,Male,33,Erode,Maharashtra,2024-03-06
Logan Kumar,Female,46,Rajkot,Haryana,2022-06-19
Owen Badami,Male,37,Ramagundam,Uttar Pradesh,2023-10-06
Owen Chad,Female,52,Davanagere,Bihar,2023-09-16
Zinal Kuruvilla,Male,26,Bally,Andhra Pradesh,2022-05-17
Anika Narain,Male,35,Tiruppur,Goa,2023-03-12
George Basu,Male,69,Kamarhati,Jharkhand,2023-06-05
Luke Salvi,Male,25,Mahbubnagar,Haryana,2021-09-16
Dayita Chawla,Male,43,Pudukkottai,Nagaland,2022-07-01
Bhavya Sarkar,Male,23,Erode,Rajasthan,2025-03-04
Bhavya Venkataraman,Male,66,Hubli–Dharwad,Mizoram,2022-03-31
Fiyaz Borah,Male,45,Kharagpur,Odisha,2025-06-25
Devansh Nagar,Female,68,Jamnagar,Gujarat,2023-01-19
Ishwar Bhalla,Female,34,Hazaribagh,Manipur,2021-10-16
Theodore Om,Male,54,Tenali,Manipur,2022-03-26
Hamsini Chaudry,Male,41,Mahbubnagar,Madhya Pradesh,2025-07-12
Onkar Rajagopal,Female,24,Hajipur,Arunachal Pradesh,2026-04-08
Ishwar Palla,Male,27,Kolkata,Gujarat,2025-05-17
Amaira Kothari,Male,45,Ghaziabad,Odisha,2021-11-20
Arunima Rastogi,Male,38,Morena,Arunachal Pradesh,2023-08-27
Chanchal Chopra,Female,22,Morbi,Haryana,2026-06-20
Ridhi Gandhi,Male,66,Bikaner,Gujarat,2025-10-29
Nandini Pandit,Male,24,Buxar,Bihar,2023-01-09
Nathan Deshpande,Male,67,Bettiah,Nagaland,2025-11-09
Nitesh Gupta,Male,23,Rajpur Sonarpur,Chhattisgarh,2022-02-10
Jyoti Tella,Male,48,Secunderabad,Nagaland,2026-06-01
Kamala Sachdev,Male,47,Sikar,Gujarat,2024-11-27
Nisha Gaba,Male,45,Ambattur,Maharashtra,2024-04-16
Andrew Ben,Male,52,Karnal,Uttar Pradesh,2025-08-20
Mekhala Dewan,Female,46,Aizawl,West Bengal,2023-04-12
Raagini Mishra,Male,57,Mysore,Chhattisgarh,2024-02-05
Amrita Karan,Male,35,Proddatur,Sikkim,2025-10-10
Ria Sen,Male,21,Aurangabad,Punjab,2025-11-07
Advik Hayer,Male,37,Machilipatnam,Odisha,2022-01-08
Saanvi Sankar,Male,57,Mango,Madhya Pradesh,2022-07-24
Gauri Murthy,Female,37,Sultan Pur Majra,Tamil Nadu,2025-05-21
Parth Pandey,Female,36,Ahmedabad,Meghalaya,2023-03-13
Veer Chaudhari,Female,56,Anantapur,Madhya Pradesh,2022-10-02
Zayyan Oak,Male,53,Mirzapur,Chhattisgarh,2022-08-07
Rushil Deshmukh,Male,61,Bhiwandi,Bihar,2026-05-14
Elijah Chawla,Female,19,Warangal,Karnataka,2026-04-10
Mitesh Lad,Male,24,Bokaro,Uttar Pradesh,2023-10-03
Sanaya Raman,Female,50,Unnao,Telangana,2022-02-21
Laban Bobal,Male,51,Singrauli,Uttarakhand,2025-01-05
Madhavi Prabhakar,Male,40,Avadi,Kerala,2024-01-31
Fiyaz Sane,Male,36,Guntakal,Bihar,2021-07-30
David Singh,Male,33,Karaikudi,Punjab,2025-05-20
Luke Pathak,Male,34,Bongaigaon,Nagaland,2023-04-28
Yadavi Pau,Female,45,Katihar,Manipur,2021-11-12
Abhimanyu Shukla,Male,18,Anantapur,Mizoram,2021-09-23
Jairaj Salvi,Male,68,Dharmavaram,Arunachal Pradesh,2024-12-25
Lipika Saxena,Female,45,Ghaziabad,Haryana,2025-06-29
Ryan Mishra,Male,36,Orai,Nagaland,2024-06-30
Chandani Tripathi,Female,36,Yamunanagar,Chhattisgarh,2023-06-15
Mitali Gulati,Female,47,Madhyamgram,Odisha,2022-03-07
Wyatt Gade,Female,31,Morena,Goa,2025-10-12
Vasatika Sandal,Male,43,Purnia,Arunachal Pradesh,2026-05-10
Samesh Talwar,Female,54,Durgapur,Telangana,2025-06-19
Mohini Menon,Female,67,Varanasi,Punjab,2023-12-26
Wazir Sawhney,Male,26,Raiganj,Arunachal Pradesh,2025-05-08
Praneel Balakrishnan,Female,43,Phusro,Madhya Pradesh,2026-06-05
Nidra Lalla,Female,32,Bhusawal,Punjab,2023-06-25
Ekanta Krishna,Female,50,Tadepalligudem,Himachal Pradesh,2022-10-02
Sanaya Shan,Female,57,Ongole,Andhra Pradesh,2023-11-03
Naveen Naik,Female,66,Deoghar,Meghalaya,2022-01-28
Oviya Sharaf,Female,46,Berhampore,Nagaland,2021-09-23
Chaaya Sidhu,Female,43,Raebareli,Mizoram,2023-10-23
Chatura Dey,Female,21,Medininagar,Andhra Pradesh,2025-02-21
Mason Babu,Male,47,Bhavnagar,Haryana,2023-10-16
Damini Tara,Female,40,Kanpur,Meghalaya,2023-08-07
Varsha Khare,Male,18,Guwahati,Jharkhand,2022-05-23
Vyanjana Barad,Male,30,Ongole,Andhra Pradesh,2022-08-04
Chakrika Gole,Female,31,Bally,Karnataka,2022-10-26
Jeet Dani,Female,63,Sambalpur,Karnataka,2022-11-27
Priya Venkataraman,Male,53,Dindigul,Sikkim,2024-04-10
Aarav Salvi,Male,19,Mysore,Chhattisgarh,2021-11-24
Balveer Ghose,Male,38,Mirzapur,Kerala,2023-08-13
Xiti Chana,Female,62,Nagpur,Mizoram,2026-06-01
Aachal Deshpande,Female,38,Hospet,Telangana,2024-12-12
Jasmit Butala,Male,55,Anantapur,Gujarat,2025-01-25
Chameli Jayaraman,Female,37,Maheshtala,Himachal Pradesh,2023-11-21
Yashawini Bhatti,Female,31,Nadiad,Uttar Pradesh,2024-08-22
Simon Contractor,Male,53,Karaikudi,Uttar Pradesh,2025-04-19
Balvan Keer,Female,36,Jamnagar,Punjab,2026-05-09
Sanya Dhillon,Female,63,Hyderabad,Tripura,2022-06-11
Umang Vaidya,Female,44,Nagaon,Chhattisgarh,2024-04-14
Janaki Mallick,Male,18,Gurgaon,Odisha,2023-06-04
Pallavi Bains,Female,28,Anand,West Bengal,2024-09-14
Robert Atwal,Male,49,Kirari Suleman Nagar,Madhya Pradesh,2025-12-19
Rajeshri Suresh,Male,53,Bahraich,Sikkim,2023-04-22
Warinder Vora,Male,38,Satna,Telangana,2021-07-18
Damini Balakrishnan,Female,27,Agartala,Uttar Pradesh,2025-12-09
Chaman Lall,Female,61,Thrissur,Chhattisgarh,2026-05-31
Siddharth Divan,Female,48,Chandigarh,Andhra Pradesh,2024-09-27
Damini Savant,Female,18,Satara,Goa,2023-05-31
Januja Aggarwal,Female,57,Mango,Gujarat,2026-01-23
Anvi Wason,Female,48,Kadapa,Rajasthan,2022-08-19
Charita Rana,Female,58,Ghaziabad,Chhattisgarh,2025-01-05
Vinaya Kulkarni,Female,58,Secunderabad,Arunachal Pradesh,2022-01-09
Frederick Sampath,Male,22,Guntakal,Assam,2025-10-16
Chaitanya Garde,Male,39,Junagadh,Maharashtra,2022-06-16
Owen Parmer,Female,24,Farrukhabad,Haryana,2026-06-16
Abhiram Chada,Male,54,Begusarai,Telangana,2025-05-25
Ekanta Raju,Female,26,Uluberia,Mizoram,2022-08-09
Kavya Mody,Female,40,Jabalpur,Assam,2021-07-02
Indrajit Pandit,Female,37,Junagadh,Tripura,2023-11-07
Osha Cherian,Male,24,Bhimavaram,Karnataka,2025-05-29
Gabriel Dube,Male,50,Amritsar,West Bengal,2026-02-25
Daniel Randhawa,Female,35,Jaunpur,West Bengal,2024-08-09
Nirja Deo,Female,49,Lucknow,Chhattisgarh,2023-06-26
Kashish Mitter,Female,60,Begusarai,Tamil Nadu,2023-12-27
Amrita Sunder,Female,43,Tirunelveli,Karnataka,2023-01-03
Tejas Bath,Male,23,Singrauli,Haryana,2025-10-01
Balveer Rastogi,Female,64,Noida,Rajasthan,2023-05-05
Vritti Bhatia,Female,33,Aligarh,Telangana,2025-09-04
Ishanvi Pandit,Female,27,Yamunanagar,Uttar Pradesh,2022-11-21
Zayyan Krishnamurthy,Female,24,Mango,Kerala,2021-06-25
Robert Sankar,Female,34,Saharanpur,Odisha,2024-01-06
Faraj Parsa,Female,28,Madhyamgram,Kerala,2022-05-01
Simon Sachar,Female,39,Thanjavur,Rajasthan,2024-01-10
Sneha Agarwal,Female,58,Dibrugarh,Manipur,2024-07-17
Jacob Vora,Female,41,Hyderabad,Punjab,2022-12-17
Hemangini Lala,Female,49,Hindupur,Maharashtra,2022-11-08
Jason Tak,Male,55,Kottayam,Uttarakhand,2024-12-08
Veda Kalla,Male,43,Medininagar,Tamil Nadu,2022-03-29
Brijesh Swamy,Male,37,Amroha,Mizoram,2024-08-13
Gabriel Tata,Female,49,Loni,Punjab,2024-07-25
Faraj Saraf,Female,56,Berhampore,Bihar,2022-12-03
Aditya Bhatia,Male,29,Meerut,Punjab,2024-08-26
Oscar Majumdar,Female,59,Jamnagar,Tamil Nadu,2022-04-28
Darsh Nanda,Male,57,Bangalore,Gujarat,2025-10-22
Januja Rajagopalan,Male,59,Vijayawada,Rajasthan,2023-10-03
Advik Contractor,Female,51,Junagadh,Haryana,2021-10-11
Wyatt Dixit,Female,18,Ujjain,Nagaland,2025-08-15
Zansi Chaudhuri,Female,19,Bulandshahr,Rajasthan,2026-03-28
Samaksh Chahal,Female,51,Uluberia,Tamil Nadu,2025-07-10
Jhalak Kari,Female,38,Giridih,Nagaland,2022-07-04
Hema Bobal,Male,69,Khandwa,Chhattisgarh,2024-08-01
Hiral Bhatt,Female,21,Anantapuram,Manipur,2024-06-27
Advik Bahri,Male,34,Giridih,Mizoram,2024-04-02
Odika Kamdar,Female,49,Madhyamgram,Andhra Pradesh,2025-11-12
Bhavini Khosla,Female,65,Gandhinagar,Chhattisgarh,2026-01-10
Bhavya Gupta,Male,56,Adoni,Telangana,2022-09-01
Nathaniel Kohli,Male,69,Solapur,Andhra Pradesh,2026-05-18
Saksham Sarna,Female,32,Mysore,West Bengal,2025-03-28
Ijaya Sama,Female,64,Ajmer,Assam,2022-01-21
Gopal Chatterjee,Male,34,Amroha,Odisha,2022-03-25
Aarush Khosla,Male,20,New Delhi,Chhattisgarh,2025-12-28
Dalbir Wagle,Female,41,Tadipatri,Andhra Pradesh,2022-11-12
Ekansh Choudhry,Female,35,Baranagar,Chhattisgarh,2025-05-22
Megha Chowdhury,Female,26,Orai,Uttar Pradesh,2022-06-21
Agastya Gole,Female,38,Raebareli,Manipur,2025-01-21
Triya Basu,Male,34,Solapur,Madhya Pradesh,2025-08-09
Janya Prasad,Female,55,Bhopal,Maharashtra,2022-08-17
Lila Kakar,Male,49,Katihar,Uttarakhand,2023-11-24
Praneel Krishnamurthy,Male,27,Coimbatore,Rajasthan,2025-08-01
Noah Patel,Male,33,Guntakal,Manipur,2023-04-07
Chaaya Sidhu,Male,47,Katni,Mizoram,2022-12-04
Nachiket Arya,Female,54,Kulti,Madhya Pradesh,2024-02-18
Qasim Radhakrishnan,Male,46,Kulti,Punjab,2021-09-17
Zashil Agate,Female,33,Jhansi,Bihar,2025-01-27
Ekansh Loke,Male,53,Berhampore,Bihar,2024-01-17
Jagvi Kari,Male,50,Katni,Assam,2022-06-13
Owen Madan,Female,48,Cuttack,Mizoram,2025-08-10
Ekani Ratti,Male,32,Saharanpur,Uttarakhand,2022-09-11
Zayan Gola,Female,53,Bhimavaram,Haryana,2024-06-06
Saumya Anand,Female,53,Muzaffarpur,Gujarat,2021-09-22
Lakshit Wali,Male,69,Ahmednagar,Mizoram,2023-06-18
Anthony Sehgal,Male,57,Cuttack,Madhya Pradesh,2021-11-13
Lajita Chakrabarti,Male,30,Srinagar,Mizoram,2022-06-10
Chakradhar Ramachandran,Female,67,Chinsurah,Madhya Pradesh,2024-08-12
Ranbir Gulati,Male,28,Erode,Madhya Pradesh,2025-12-07
Urmi Misra,Male,63,Jorhat,Bihar,2025-04-21
Nitara Rai,Female,63,Sagar,Arunachal Pradesh,2023-06-20
Nachiket Samra,Male,69,Medininagar,Tamil Nadu,2023-05-09
Xavier Hora,Male,63,Bhatpara,Chhattisgarh,2023-10-20
Wridesh Gaba,Female,44,Phusro,Tripura,2025-02-27
Madhav Choudhury,Female,64,Bhalswa Jahangir Pur,West Bengal,2022-03-07
Yuvraj Khosla,Female,36,Mau,Karnataka,2022-07-22
Kai Kar,Male,59,Mango,Tamil Nadu,2024-07-17
Zaid Keer,Female,62,Khammam,Maharashtra,2023-03-03
William Golla,Male,62,Raipur,Uttar Pradesh,2022-08-22
Ekapad Khosla,Male,31,Mehsana,Bihar,2022-01-11
Vidhi Jaggi,Female,30,Jamalpur,Manipur,2021-10-03
Faris Murthy,Female,23,Kolhapur,Uttarakhand,2023-12-02
Lucky Din,Male,42,Salem,Himachal Pradesh,2025-07-19
Yochana Pandey,Female,29,Proddatur,Chhattisgarh,2022-07-23
Bishakha Srinivasan,Female,45,Nadiad,Haryana,2022-01-19
Upadhriti Sarin,Female,56,Ghaziabad,Andhra Pradesh,2025-11-06
Chakradev Srivastava,Male,62,Medininagar,Rajasthan,2023-05-10
Jagvi Gupta,Female,40,Solapur,Madhya Pradesh,2023-08-21
Omaja Shere,Female,60,Bhiwandi,Tripura,2022-05-13
Avi Korpal,Female,68,Raichur,Uttarakhand,2022-01-03
Nathaniel Murthy,Female,50,Jodhpur,Karnataka,2023-08-10
Mahika Vaidya,Female,43,Alappuzha,Himachal Pradesh,2023-02-26
Wyatt Barad,Male,35,Bulandshahr,Gujarat,2026-06-09
Sara Misra,Female,58,Patna,Kerala,2024-11-06
Aarna De,Female,32,Rajpur Sonarpur,Karnataka,2025-08-14
Zehaan Kala,Female,66,Kottayam,Assam,2024-11-16
Anya Nayar,Female,24,Guntur,Uttarakhand,2024-11-09
Vrinda Tata,Male,40,Bilaspur,Assam,2022-05-25
Kiaan Bhalla,Male,54,Vijayawada,Uttar Pradesh,2021-10-05
Jonathan Gulati,Male,29,Panihati,Rajasthan,2026-01-01
Anita Patla,Female,59,Haridwar,Punjab,2023-02-01
Gayathri Gola,Male,43,Durg,Haryana,2025-12-25
Aarna Kothari,Female,19,Uluberia,Bihar,2024-11-17
Ranbir Hari,Female,22,Howrah,Uttar Pradesh,2025-04-22
Balvan Sule,Female,52,Jalna,Gujarat,2024-12-03
Ekaja Nair,Male,36,Ludhiana,Mizoram,2021-07-13
Aashi Brar,Female,56,Tiruchirappalli,Gujarat,2022-08-03
Parth Dutta,Male,70,Belgaum,Goa,2023-04-24
Amruta Hayre,Female,49,Raipur,Jharkhand,2022-01-01
Indali Misra,Male,46,Bhavnagar,Meghalaya,2024-01-22
Tara Ratti,Male,34,Bihar Sharif,Maharashtra,2023-03-05
Liam Sane,Male,43,Raebareli,Tamil Nadu,2021-07-17
Meera Wali,Male,34,Pimpri-Chinchwad,Haryana,2022-07-20
Amrita Palan,Male,42,Nellore,Tamil Nadu,2021-07-23
Reyansh Divan,Male,56,Farrukhabad,Odisha,2026-05-24
Viraj Lala,Female,64,Kakinada,Tamil Nadu,2022-09-16
Anay Muni,Male,24,Singrauli,Tripura,2023-09-19
Benjamin Chadha,Female,34,Ichalkaranji,Tripura,2024-09-02
Yug Mangal,Female,49,Vasai-Virar,Tamil Nadu,2022-09-11
Elijah Sehgal,Female,19,New Delhi,Mizoram,2021-11-07
Kabir Dixit,Male,50,Naihati,Uttarakhand,2026-05-09
Benjamin Luthra,Male,32,Chapra,Uttar Pradesh,2023-03-27
Udarsh Rana,Male,30,Ratlam,Karnataka,2022-05-27
Warinder Bhakta,Male,37,Sambhal,Nagaland,2023-04-25
Omya Comar,Male,28,Nashik,Rajasthan,2024-12-05
Bishakha Khurana,Male,28,Giridih,Kerala,2024-12-24
Advika Deshpande,Female,21,Bellary,Manipur,2025-07-31
Nachiket Joshi,Male,29,Navi Mumbai,Andhra Pradesh,2026-03-12
Nathan Kota,Female,32,Raiganj,Himachal Pradesh,2022-12-29
Brijesh Dani,Female,57,Ghaziabad,Assam,2026-06-04
Jeremiah Sagar,Female,70,Hindupur,Tamil Nadu,2026-03-06
Naksh Ramanathan,Female,39,Faridabad,Telangana,2021-09-18
Ekaraj Narain,Female,26,Gopalpur,Meghalaya,2021-12-16
Saanvi Soni,Female,67,Tiruppur,Punjab,2025-08-13
Rishi Lal,Female,30,Berhampore,Telangana,2021-09-16
Panini Korpal,Female,19,Jamshedpur,Kerala,2023-09-21
Anay Ganesan,Male,24,Danapur,Chhattisgarh,2024-08-27
Jai Halder,Female,41,Gudivada,Gujarat,2025-07-08
Jagrati Mitra,Male,41,Alappuzha,Bihar,2023-06-19
Vamakshi Palan,Male,19,Bellary,Mizoram,2025-07-06
Yachana Mital,Female,54,Jorhat,Madhya Pradesh,2023-04-30
Girish Raju,Female,54,Kollam,Arunachal Pradesh,2022-04-27
Mason Bhasin,Male,46,Thane,Odisha,2021-06-23
Yashawini Lad,Male,36,Tirupati,Haryana,2025-01-24
Aarnav Varma,Female,41,Panihati,Kerala,2026-02-23
Amara Dara,Male,36,Proddatur,Himachal Pradesh,2022-09-17
Damyanti Wali,Female,66,Gwalior,Haryana,2023-01-01
Widisha Dass,Male,69,Sikar,Rajasthan,2022-04-11
Vasudha Vora,Male,49,Mau,Gujarat,2021-07-19
Jatin Mittal,Male,55,Dhanbad,Chhattisgarh,2024-07-10
Abdul Tak,Male,48,Purnia,Odisha,2024-05-02
Nidhi Kothari,Male,27,Parbhani,Goa,2025-11-06
Andrew Mangat,Female,42,Pali,Rajasthan,2025-06-20
Chatura Soni,Male,49,Kurnool,Tripura,2024-07-25
Dalbir Varghese,Male,59,Bhind,Assam,2026-01-09
Abdul Ramakrishnan,Male,23,Kharagpur,Uttar Pradesh,2026-05-31
Onkar Pau,Female,25,Sangli-Miraj & Kupwad,Punjab,2025-08-18
Andrew Bhat,Male,23,Arrah,Odisha,2022-08-27
Yahvi Sandal,Male,54,Siliguri,Bihar,2022-08-12
Yashawini Balan,Male,44,Mango,West Bengal,2026-05-28
Nilima Kade,Male,29,Coimbatore,Sikkim,2025-12-17
Anmol Mukhopadhyay,Male,18,Ballia,Tripura,2026-02-14
Wazir Mukhopadhyay,Female,36,Jabalpur,Chhattisgarh,2025-08-11
Samesh Mand,Female,65,Pondicherry,Uttarakhand,2021-12-22
Umang Gala,Female,58,Karawal Nagar,Odisha,2022-04-09
Charan Kanda,Female,68,Rampur,Odisha,2022-12-07
Nidra Dada,Male,18,Vellore,Tripura,2023-12-27
Bhavna Ramaswamy,Female,22,Kolhapur,Chhattisgarh,2022-01-19
Jyoti Hayer,Male,33,Nagaon,Karnataka,2024-01-23
Abhiram Chander,Male,66,Nadiad,West Bengal,2024-07-04
Siddharth Hegde,Female,25,Ulhasnagar,Andhra Pradesh,2024-09-04
Rudra Ghose,Female,29,Ambarnath,West Bengal,2022-02-03
Kavya Grover,Male,68,Morbi,Maharashtra,2023-04-28
Fariq Lal,Female,66,Pimpri-Chinchwad,Mizoram,2021-07-24
Daniel Deshpande,Female,19,Morbi,Gujarat,2025-11-06
Jasmit Gupta,Female,40,Morena,Rajasthan,2025-05-21
Zaitra Bava,Male,53,Shimoga,Gujarat,2025-04-28
Bhanumati Sethi,Female,22,Vellore,Meghalaya,2024-08-23
Inaya Patla,Male,33,Unnao,Goa,2023-01-26
Upasna Badal,Female,36,Jalgaon,Haryana,2022-08-03
Amaira Murty,Female,29,Kishanganj,Madhya Pradesh,2024-02-08
Hitesh Johal,Female,21,Mira-Bhayandar,Meghalaya,2024-02-24
Ekavir Sethi,Female,22,Alappuzha,Bihar,2022-04-27
Leela Sanghvi,Male,31,Kottayam,Odisha,2024-09-07
Januja Rai,Female,28,Hapur,Haryana,2022-07-01
Inaya Arya,Male,66,Karnal,Odisha,2024-06-03
Lohit Datta,Male,44,Fatehpur,Jharkhand,2023-05-21
Ekiya Bahl,Male,61,Chandrapur,Tripura,2023-03-18
Dayamai Saxena,Female,58,Khammam,Uttarakhand,2022-03-14
Chaitanya Dara,Female,34,Mirzapur,Karnataka,2024-01-04
Nakul Narayan,Male,19,Bangalore,Manipur,2024-10-17
Ria Chopra,Male,26,Ambala,Maharashtra,2023-05-21
Shivansh Gour,Female,59,Ballia,Haryana,2025-09-09
Hemani Swaminathan,Female,36,Akola,Gujarat,2025-02-15
Noah Sinha,Male,20,Latur,Manipur,2022-10-15
Praneel Mohanty,Male,58,Aurangabad,Himachal Pradesh,2022-11-03
Ijaya Salvi,Male,49,Fatehpur,Goa,2022-10-12
Wakeeta Chakrabarti,Female,22,Belgaum,Chhattisgarh,2026-01-11
Chandresh Jaggi,Male,61,Dindigul,Tamil Nadu,2024-05-27
Barkha Pau,Male,45,Loni,Meghalaya,2026-01-17
Kashish Chad,Female,67,Jodhpur,Maharashtra,2022-10-06
Vidhi Dani,Male,42,Hajipur,Andhra Pradesh,2024-01-03
Oscar Sabharwal,Female,47,Kumbakonam,Kerala,2025-07-11
Nathaniel Vyas,Male,60,Raurkela Industrial Township,Uttarakhand,2025-07-15
Jeremiah Srinivas,Male,27,Darbhanga,Tripura,2024-03-18
Aradhana Mandal,Male,65,Bangalore,Bihar,2023-08-29
Gauri Nadkarni,Female,70,Yamunanagar,Assam,2026-04-22
Raagini Yogi,Male,64,Imphal,Bihar,2025-04-09
Panini Soman,Male,34,Warangal,Punjab,2025-04-09
Maanav Vyas,Female,39,Begusarai,Sikkim,2024-03-11
Vansha Mukhopadhyay,Male,53,Haridwar,Maharashtra,2024-12-10
Damini Ahluwalia,Female,32,Tiruvottiyur,Himachal Pradesh,2021-12-16
Oscar Patla,Female,49,Kanpur,Andhra Pradesh,2024-09-03
Ira Edwin,Male,37,Agartala,Karnataka,2022-01-29
Veer Badami,Male,29,Ahmednagar,Mizoram,2023-02-10
Yashvi Cherian,Male,59,Bokaro,Chhattisgarh,2023-01-20
Rushil Dar,Male,70,Noida,Arunachal Pradesh,2026-02-28
Siddharth Garg,Male,51,Kakinada,Goa,2021-09-09
Hemangini Ranganathan,Female,63,Suryapet,Nagaland,2021-08-24
Veer Deshmukh,Male,21,Jamshedpur,Goa,2025-09-27
Dominic Rao,Female,68,Surendranagar Dudhrej,Goa,2025-08-02
Mohammed Srinivas,Female,66,Panipat,Odisha,2021-12-15
Isaac Mall,Male,58,Tumkur,Arunachal Pradesh,2026-01-10
Caleb Mangat,Male,55,Giridih,Telangana,2022-01-26
Wriddhish Bhagat,Female,21,Patiala,Himachal Pradesh,2024-02-21
Aditya Lall,Male,19,Delhi,Assam,2023-03-22
Chanchal Pillai,Female,50,Shimoga,Manipur,2022-12-09
Barkha Srivastava,Female,39,Pallavaram,Mizoram,2023-10-26
Nikita Bhatt,Female,51,Rajkot,Meghalaya,2024-10-19
Mohini Padmanabhan,Female,42,Parbhani,Punjab,2023-02-06
Mohammed Chahal,Male,58,Patiala,Chhattisgarh,2026-01-24
Balveer Vyas,Female,40,Deoghar,Nagaland,2021-12-02
Alexander Dara,Female,21,Nangloi Jat,Gujarat,2024-03-30
Tripti Krishnan,Male,37,Panipat,Kerala,2024-09-24
Daniel Basak,Female,58,Nanded,Assam,2022-05-07
Harita Pandit,Male,26,Khora ,Andhra Pradesh,2026-06-15
Darika Pradhan,Male,67,Davanagere,Madhya Pradesh,2024-01-22
Faqid Dara,Male,66,Hubli–Dharwad,Nagaland,2024-08-06
Mitesh Deshmukh,Male,21,Mehsana,Uttarakhand,2026-06-02
Watika Bassi,Male,68,Chandrapur,Uttarakhand,2021-10-16
Jacob Seshadri,Female,45,Dehri,Maharashtra,2022-01-23
Pranit Borah,Female,25,Aligarh,Mizoram,2023-02-18
Pallavi Garg,Female,57,Baranagar,Manipur,2025-04-19
Yuvraj Korpal,Male,69,South Dumdum,Telangana,2021-07-15
Jack Choudhury,Male,31,Hindupur,Kerala,2022-04-13
Krish Rastogi,Female,23,Sambalpur,Sikkim,2022-09-27
Tamanna Narayan,Male,19,Tiruvottiyur,Mizoram,2021-09-02
Jhalak Gulati,Male,49,Vasai-Virar,Himachal Pradesh,2022-03-20
Ekavir Mitra,Male,44,Ludhiana,Kerala,2021-09-28
Gaurika Balay,Female,57,Latur,Haryana,2025-05-04
Turvi Mahal,Male,61,Malda,Maharashtra,2025-07-09
Aarna Uppal,Female,22,Aizawl,Odisha,2024-08-25
Frederick Bhatnagar,Male,51,Proddatur,Telangana,2022-06-30
Chakradev Sha,Female,54,Kadapa,Jharkhand,2023-07-18
Vedant Gala,Male,65,Ghaziabad,Bihar,2025-10-14
Rushil Chakraborty,Male,63,Arrah,Karnataka,2024-05-19
Zaitra Pandit,Male,52,Kota,Tripura,2022-05-26
Ayush Bala,Female,25,Purnia,Nagaland,2024-06-27
Sarthak Lalla,Male,18,Kolhapur,Uttar Pradesh,2022-01-28
Kala Reddy,Female,52,Mau,Haryana,2023-07-06
Jack Yogi,Male,21,Ratlam,Assam,2023-08-03
Bhavini Pingle,Female,44,Kochi,West Bengal,2022-11-02
Faris Kari,Female,19,Warangal,Haryana,2022-01-31
Laksh Sarraf,Female,56,Dehradun,West Bengal,2025-01-04
Charita Nazareth,Female,59,Shimla,Bihar,2024-02-12
Jasmit Gupta,Male,57,Parbhani,West Bengal,2025-05-07
Aashi Bora,Female,46,Bellary,Goa,2025-11-07
Rajeshri Bali,Male,61,Pali,Jharkhand,2022-04-22
Laksh Aurora,Male,18,Bellary,Uttar Pradesh,2024-12-12
Ryan Bumb,Male,48,Agartala,Assam,2023-09-22
Manbir Narayan,Female,57,Amritsar,Nagaland,2023-07-07
Reva Tandon,Male,54,Vellore,Madhya Pradesh,2023-08-20
Rajeshri Dugal,Male,54,Phagwara,Madhya Pradesh,2021-09-23
Chandran Goel,Male,25,Tirupati,Jharkhand,2024-01-06
Raksha Narayanan,Female,57,Gulbarga,Bihar,2022-07-15
Sara Bhakta,Female,43,Sambalpur,Rajasthan,2025-09-14
Faras Kapadia,Male,38,Mahbubnagar,Mizoram,2024-05-07
Eesha Bhakta,Female,19,Jaipur,Manipur,2025-11-04
Yatan Nazareth,Male,27,Gopalpur,Bihar,2025-05-08
Zaid Mitter,Male,22,Jehanabad,Tamil Nadu,2024-08-06
Sneha Shan,Female,52,Patiala,Arunachal Pradesh,2024-05-23
Arya Lad,Female,20,Giridih,Bihar,2023-06-11
Jacob Chand,Female,20,Adoni,Haryana,2025-02-20
Samar Johal,Male,60,Malegaon,Bihar,2022-04-30
Amruta Date,Female,42,Jalgaon,West Bengal,2025-09-30
Januja Devi,Male,68,Tirunelveli,Bihar,2021-11-22
Anay Aurora,Male,28,Jalandhar,Madhya Pradesh,2025-08-17
Logan Batra,Female,32,Avadi,Mizoram,2022-01-22
Manthan Ramakrishnan,Male,36,Jalna,Sikkim,2026-06-16
Wyatt Soni,Female,32,Bikaner,Sikkim,2021-09-06
Abdul Saini,Female,22,Malda,Madhya Pradesh,2026-05-07
Isha Mukhopadhyay,Female,20,Buxar,Jharkhand,2022-08-29
Lohit Bahl,Male,31,Bidar,Maharashtra,2023-08-31
Tripti Hora,Male,30,Howrah,Manipur,2025-07-30
Leela Bhatia,Female,61,Tumkur,Uttarakhand,2023-03-13
Sai Aurora,Male,41,Ramagundam,Arunachal Pradesh,2022-03-15
Udarsh Patla,Female,43,Salem,Kerala,2025-06-15
Vedhika Kala,Female,32,Etawah,Odisha,2023-03-11
Qadim Mani,Male,64,Thanjavur,Gujarat,2023-12-01
Amol Mandal,Male,47,Tinsukia,Uttarakhand,2025-07-17
Falan Borra,Male,60,Thrissur,Jharkhand,2021-11-30
Chanchal Mishra,Female,37,Hospet,Goa,2025-06-28
Utkarsh Pandit,Female,59,Phagwara,Nagaland,2022-03-15
Leena Peri,Male,33,North Dumdum,Goa,2024-06-17
Baghyawati Mand,Female,25,Kakinada,Manipur,2022-04-26
Lekha Ratti,Female,55,Hosur,Maharashtra,2026-06-20
Ranbir Prashad,Male,32,Bhind,Sikkim,2023-08-05
Hamsini Deshpande,Female,46,Lucknow,Telangana,2023-11-09
Warinder Memon,Male,60,Ulhasnagar,Assam,2022-09-15
Krish Mahajan,Female,63,Khora ,Telangana,2025-04-02
Parth Goyal,Female,40,South Dumdum,West Bengal,2021-07-01
Vrishti Lanka,Male,45,Patna,Tamil Nadu,2024-07-17
Karan Keer,Male,62,Kharagpur,Chhattisgarh,2023-03-23
Mohammed Kapadia,Male,66,Kishanganj,Tamil Nadu,2026-05-09
Arunima Tandon,Female,43,Tiruvottiyur,Kerala,2024-11-12
Tanish Lala,Male,59,Saharsa,Kerala,2021-11-24
Upma Balasubramanian,Female,24,Ranchi,Bihar,2022-05-04
Isaac Srinivasan,Female,56,Machilipatnam,West Bengal,2024-03-01
Oviya Kata,Female,55,Bhiwandi,Karnataka,2023-11-19
Bhavani Maharaj,Female,59,Jamalpur,Andhra Pradesh,2023-07-04
Idika Basak,Female,62,Gwalior,Telangana,2022-06-19
Inaya Arora,Female,26,Madanapalle,Telangana,2021-09-17
Aashi Khare,Female,25,Satna,Chhattisgarh,2025-12-20
Nilima Toor,Male,45,Dibrugarh,Goa,2023-02-12
Chaitaly Sandhu,Female,60,Kalyan-Dombivli,Rajasthan,2025-06-07
Nidhi Varghese,Female,34,Berhampore,Karnataka,2025-06-30
Oliver Choudhury,Female,70,Kozhikode,Chhattisgarh,2021-06-23
Atharv Seth,Female,53,Raiganj,Mizoram,2021-09-30
Eiravati Dass,Female,31,Jalandhar,Uttar Pradesh,2023-01-17
Aishani Dani,Male,66,Udupi,Maharashtra,2022-06-21
Indira Sengupta,Female,60,Raebareli,Himachal Pradesh,2024-12-05
Irya Rege,Female,24,Sambhal,Kerala,2024-08-18
Rushil Luthra,Female,64,Sonipat,Mizoram,2022-05-04
Xavier Patel,Female,27,Bathinda,Sikkim,2023-08-12
Onkar Bahri,Female,21,Haldia,Himachal Pradesh,2024-05-30
Urmi Ganguly,Male,66,Yamunanagar,Rajasthan,2022-11-23
Gagan Sani,Female,38,Karawal Nagar,Rajasthan,2022-04-12
Rushil Rattan,Female,41,Bhatpara,Odisha,2023-04-21
Jagat Upadhyay,Male,59,Meerut,Bihar,2025-10-28
Laksh Kurian,Male,22,Thiruvananthapuram,Karnataka,2022-07-19
Damyanti Jain,Male,23,Gopalpur,Haryana,2023-01-10
Imaran Cherian,Female,28,Deoghar,Goa,2025-06-24
Rehaan Modi,Male,35,Bhusawal,Haryana,2024-08-11
Radha Narayan,Female,46,Satna,Tamil Nadu,2026-05-15
Ansh Pant,Female,27,Gorakhpur,Chhattisgarh,2024-01-08
Zehaan Sandal,Female,44,Phusro,Maharashtra,2022-07-25
Anya Sachdev,Male,36,New Delhi,Andhra Pradesh,2023-01-26
Chandran Nazareth,Female,44,Udaipur,Uttarakhand,2026-06-09
Champak Borra,Male,44,Bijapur,Manipur,2023-08-05
Charita Dass,Male,50,Sangli-Miraj & Kupwad,Tripura,2025-08-10
Yauvani Bhalla,Male,36,Hyderabad,Assam,2023-03-06
Rehaan Bava,Male,23,Barasat,Rajasthan,2024-01-21
Anthony Kalita,Female,67,Bharatpur,Meghalaya,2024-08-27
Frederick Buch,Male,45,Mau,Odisha,2024-11-12
Ridhi Dalal,Female,60,Bhimavaram,Tripura,2021-10-30
Ethan Ray,Female,39,Mau,Tamil Nadu,2026-01-31
Pooja Gara,Female,69,Chennai,Rajasthan,2025-11-09
Jackson Cherian,Male,25,Orai,Assam,2024-04-17
Xiti Rajan,Female,32,Nanded,Andhra Pradesh,2022-02-05
Ubika Gala,Male,19,Tirupati,Kerala,2025-06-01
Ria Talwar,Male,60,Bhilwara,Sikkim,2022-03-21
Zayyan Dyal,Male,41,Ambattur,Jharkhand,2022-10-10
Divya Kota,Female,46,Gwalior,West Bengal,2025-11-25
Ubika Soni,Female,62,Chennai,Goa,2026-06-12
Lakshit Sethi,Female,69,Kirari Suleman Nagar,Odisha,2025-10-22
Zaitra Dhar,Female,40,Imphal,Nagaland,2023-11-30
Ekantika Kala,Female,61,Latur,Sikkim,2026-06-16
Warda Arya,Male,37,Jalna,Sikkim,2022-11-29
Harini Shroff,Female,60,Rajahmundry,Nagaland,2025-07-22
Gautami Oommen,Male,61,Nanded,Odisha,2025-08-14
Wriddhish Chandra,Male,23,Ahmedabad,Goa,2021-11-08
Lakshit Agrawal,Male,47,Bhimavaram,Himachal Pradesh,2025-05-13
Charita Walia,Male,62,Pali,Odisha,2023-01-01
Samuel Dua,Male,47,Kanpur,Chhattisgarh,2021-11-13
Baghyawati Johal,Female,37,Mango,Uttarakhand,2026-03-04
Mohini Khanna,Female,67,Bhiwandi,Himachal Pradesh,2023-06-28
Qadim Bhasin,Male,45,Alappuzha,Haryana,2025-02-16
Benjamin Jaggi,Female,24,Panipat,Bihar,2025-07-17
Charvi Mutti,Female,60,Haridwar,West Bengal,2025-05-03
Ikbal Nair,Male,70,Kulti,Telangana,2026-06-19
Vedant Padmanabhan,Female,19,Visakhapatnam,Jharkhand,2026-01-14
Suhani Upadhyay,Female,63,Mau,Telangana,2026-03-08
Unnati Kar,Female,21,Begusarai,Assam,2021-12-06
Bhavika Manne,Male,36,Rajpur Sonarpur,Manipur,2022-06-23
Wishi Balakrishnan,Female,34,Chandigarh,Nagaland,2022-05-25
Rachita Sarin,Male,37,Kavali,Mizoram,2025-12-11
Rajeshri Loyal,Female,70,Amaravati,Mizoram,2022-01-30
Baghyawati Pillai,Male,47,Bhalswa Jahangir Pur,Telangana,2022-12-02
Frado Sastry,Female,64,Dehri,Haryana,2022-10-16
Chanchal Nori,Male,49,Nagpur,Goa,2024-06-13
Shaurya Nanda,Female,55,Asansol,Uttarakhand,2022-07-12
Mahika Kunda,Male,39,Anantapur,Uttarakhand,2023-09-11
Rajeshri Suresh,Female,67,Gudivada,Arunachal Pradesh,2022-01-25
Parth Wali,Male,34,Bally,Sikkim,2022-09-15
Mitesh Purohit,Male,54,Bhavnagar,Jharkhand,2024-12-22
Reva Chaudhry,Male,48,Guntakal,Goa,2023-08-19
Andrew Sabharwal,Female,57,Bardhaman,Uttar Pradesh,2022-03-11
Chanchal Gokhale,Female,62,Anantapuram,Himachal Pradesh,2023-04-13
Yamini Nagy,Female,25,Akola,Meghalaya,2022-12-26
Unnati Agarwal,Female,57,Bikaner,Assam,2022-09-01
Jagrati Sarraf,Female,27,Chandrapur,Manipur,2025-08-29
Bahadurjit Mukhopadhyay,Female,31,Mahbubnagar,Meghalaya,2024-04-07
Tanish Mukhopadhyay,Female,27,Siwan,Kerala,2025-12-09
Zayyan Chand,Male,62,Dindigul,Maharashtra,2021-08-05
Damyanti Bhatia,Male,68,Ghaziabad,Arunachal Pradesh,2026-02-18
Nitesh Ramachandran,Female,70,Chennai,Meghalaya,2025-12-13
Agastya Karpe,Female,44,Ramagundam,Chhattisgarh,2022-09-06
Zayan Johal,Male,37,Shimoga,Rajasthan,2022-07-04
Veda Jani,Male,30,Katni,Meghalaya,2022-07-17
Isha Tak,Female,34,Nellore,Arunachal Pradesh,2021-12-12
Radha Grover,Female,19,Thanjavur,Sikkim,2022-12-07
Ekani Karpe,Male,51,Hyderabad,Gujarat,2023-09-13
Pushti Dhingra,Male,32,Lucknow,Odisha,2024-10-07
Laban Singh,Female,45,Gandhidham,Andhra Pradesh,2025-04-18
Ekalinga Deol,Male,56,Solapur,Goa,2024-09-28
Samesh Panchal,Male,32,Tezpur,Arunachal Pradesh,2023-12-30
Rachit Mittal,Female,60,Anand,Uttar Pradesh,2021-09-02
Farhan Khatri,Female,68,Mumbai,Assam,2023-09-29
Urishilla Dani,Male,32,Nellore,Manipur,2025-12-06
Rajeshri Khatri,Male,49,New Delhi,Andhra Pradesh,2024-07-24
Aarush Saran,Female,70,Patiala,Meghalaya,2023-06-09
Ridhi Rai,Female,39,Ratlam,Madhya Pradesh,2024-02-09
Indali Sarma,Male,54,Silchar,Mizoram,2025-01-18
Tanvi Srivastava,Female,56,Alappuzha,Tripura,2024-07-08
Umang Biswas,Male,42,Jorhat,Gujarat,2022-05-21
Chakradhar Barad,Female,66,Ghaziabad,Kerala,2025-10-03
Viraj Salvi,Female,49,Junagadh,West Bengal,2021-06-26
Mahika Srinivasan,Male,21,Burhanpur,Chhattisgarh,2022-09-14
Lakshit Lata,Female,30,Gangtok,Telangana,2023-06-04
Indira Singhal,Female,49,Jorhat,Punjab,2021-09-26
Vrishti Mani,Male,62,Mira-Bhayandar,Manipur,2024-03-07
Ubika Malhotra,Female,67,Kottayam,Manipur,2024-04-25
Ekta Shukla,Female,61,Shimla,Tamil Nadu,2025-12-15
Jason Arora,Male,62,Tirunelveli,Mizoram,2024-09-17
Tripti Batra,Male,61,Gorakhpur,Haryana,2024-05-19
Parth Varty,Male,35,Pali,Haryana,2022-04-23
Daniel Badami,Female,67,Malegaon,Himachal Pradesh,2024-09-03
Baghyawati Pau,Male,63,Dibrugarh,Odisha,2021-07-01
Suhani Bhalla,Female,66,Ranchi,Uttarakhand,2021-10-20
Ira Hans,Female,62,Kozhikode,Odisha,2026-03-07
Eta Edwin,Female,65,Buxar,Kerala,2024-03-30
Prisha Sehgal,Male,65,Ulhasnagar,Punjab,2025-03-29
Krishna Grover,Male,29,Ahmedabad,Tamil Nadu,2024-05-07
David Dutta,Male,37,Ongole,Bihar,2025-11-04
Dhruv Tripathi,Female,38,Gangtok,Punjab,2024-02-18
Aahana Nath,Male,41,Sambalpur,Himachal Pradesh,2026-03-09
Laksh Mittal,Female,27,Hyderabad,West Bengal,2022-12-24
Ekaraj Prakash,Male,39,Kavali,Goa,2022-10-28
Nihal Pillai,Male,30,Dhanbad,Uttar Pradesh,2022-08-16
Logan Bhatti,Female,22,Bellary,Haryana,2022-07-18
Qabil Rao,Female,69,Malegaon,Goa,2022-12-23
Nimrat Naidu,Male,63,Hosur,Maharashtra,2024-07-02
Ijaya Tiwari,Female,60,Varanasi,Rajasthan,2026-05-03
Theodore Dugar,Male,54,Anantapuram,Goa,2023-10-14
Yahvi Munshi,Female,41,Morena,Nagaland,2022-02-01
Simon Hora,Male,59,New Delhi,Assam,2024-08-21
Samarth Biswas,Female,61,Imphal,Uttarakhand,2023-12-15
Pushti Nori,Female,35,Buxar,Mizoram,2025-05-16
Arjun Lal,Male,28,Thiruvananthapuram,Arunachal Pradesh,2023-05-30
Hemani Seshadri,Male,24,Hyderabad,Arunachal Pradesh,2022-06-16
Aahana Ben,Female,27,Shivpuri,Odisha,2025-03-01
Chatresh Ganesan,Male,24,Unnao,Punjab,2021-08-13
Vasana Sarkar,Male,46,Ambattur,Nagaland,2023-04-21
Hiral Contractor,Female,70,Orai,Jharkhand,2023-04-06
Ridhi Uppal,Male,66,Jammu,Gujarat,2021-11-29
Yamini Patil,Male,49,Bhimavaram,Arunachal Pradesh,2024-02-13
Vedant Bath,Female,58,Satna,Kerala,2022-12-06
Jacob Talwar,Female,26,Berhampore,Chhattisgarh,2023-12-22
Abha Seth,Female,64,Amaravati,Kerala,2026-04-25
Vrinda Ravi,Female,58,Mau,Tamil Nadu,2022-09-20
Samar Sood,Female,50,Vijayawada,Telangana,2026-04-17
Abhiram Garg,Female,22,Jodhpur,Arunachal Pradesh,2023-07-03
Sathvik Oommen,Male,37,Aligarh,Kerala,2022-01-17
Nisha Som,Male,64,Bulandshahr,Uttar Pradesh,2022-02-25
Jack Doctor,Female,50,Jammu,Nagaland,2023-03-01
Lavanya Lata,Male,50,Pune,West Bengal,2024-01-18
Balendra Chakrabarti,Male,50,Panipat,West Bengal,2025-06-25
Chakrika Baral,Male,59,Singrauli,Tripura,2024-09-01
William Khosla,Male,36,Tiruvottiyur,Haryana,2026-01-11
Wriddhish Lanka,Male,60,Malda,Gujarat,2023-03-18
Netra Talwar,Female,45,Bardhaman,Manipur,2021-09-23
Varenya Oza,Female,39,Amritsar,Himachal Pradesh,2023-11-20
Henry Mander,Male,54,Tumkur,Himachal Pradesh,2025-02-13
Vamakshi Johal,Female,53,Tiruvottiyur,Sikkim,2023-01-08
William Goel,Female,22,Belgaum,Nagaland,2024-09-23
Abeer Sandal,Male,55,Indore,Rajasthan,2022-05-13
Eiravati Murthy,Female,31,Bhimavaram,Jharkhand,2025-07-14
Harshil Upadhyay,Male,30,Hubli–Dharwad,Tripura,2024-05-12
Upadhriti Purohit,Male,40,Pali,Gujarat,2022-03-22
Radha Singh,Female,55,Chittoor,Jharkhand,2024-04-15
Aditya Dasgupta,Female,58,Raiganj,Uttar Pradesh,2021-08-10
Urvashi Chanda,Male,24,Ludhiana,Odisha,2022-04-18
Bhavika Sastry,Male,36,Lucknow,Nagaland,2023-03-30
Sai Mangat,Male,67,Bhilwara,Bihar,2021-07-10
Ikshita Kale,Male,20,Eluru,Haryana,2022-03-28
Anirudh Bhavsar,Female,31,Maheshtala,Uttarakhand,2022-11-17
Raghav Murty,Female,19,Jhansi,Chhattisgarh,2026-01-03
Aarna Walla,Male,56,Mahbubnagar,Uttar Pradesh,2021-10-19
Turvi Gupta,Female,58,Shimla,Rajasthan,2025-05-07
Chatresh Natt,Male,57,New Delhi,Arunachal Pradesh,2022-11-10
Oscar Krishnan,Male,45,Jammu,Goa,2021-07-15
Rayaan Goyal,Female,44,Satara,Sikkim,2024-10-09
Max Sethi,Male,30,Mau,Rajasthan,2024-11-22
Krisha Khatri,Male,56,Morena,Gujarat,2026-04-24
Vedhika Prashad,Male,40,Bhind,Rajasthan,2025-06-26
Ikbal Dhaliwal,Male,43,Vellore,Mizoram,2021-12-23
Oscar Pau,Male,48,Jammu,Bihar,2024-11-01
Forum Bora,Female,70,Jorhat,Himachal Pradesh,2025-01-13
Girish Chand,Male,66,Kirari Suleman Nagar,Andhra Pradesh,2026-02-14
Turvi Padmanabhan,Female,37,Ghaziabad,Manipur,2026-02-02
Jeremiah Lad,Male,18,Ichalkaranji,Madhya Pradesh,2023-12-13
Jyoti Borah,Female,57,Bangalore,Telangana,2023-11-28
Chasmum Deol,Male,57,Dindigul,Rajasthan,2025-08-18
Laban Pillai,Female,66,Gaya,Odisha,2022-03-16
Rayaan Raghavan,Male,41,Visakhapatnam,Odisha,2023-10-24
Atharv Kata,Male,29,Sangli-Miraj & Kupwad,Telangana,2022-08-27
Osha Bhatti,Male,45,Lucknow,Jharkhand,2022-06-25
Chaitanya Nanda,Female,45,Mathura,Maharashtra,2023-06-16
Balhaar Krishna,Male,48,Sikar,Goa,2022-05-15
Yahvi Banik,Male,37,Hubli–Dharwad,Haryana,2024-10-11
Falak Krish,Male,23,Durgapur,Tamil Nadu,2022-03-05
Veda Bhargava,Male,41,Rewa,Madhya Pradesh,2024-10-21
Gaurav Modi,Female,27,Deoghar,Madhya Pradesh,2023-02-25
Diya Chanda,Female,65,Junagadh,Maharashtra,2025-09-24
Gayathri Chaudhary,Male,60,Dehri,Uttar Pradesh,2025-05-16
Brijesh Raval,Male,66,Sultan Pur Majra,Mizoram,2021-09-23
Krish Cheema,Female,64,Amravati,Chhattisgarh,2022-05-23
Wazir Anne,Male,25,Bulandshahr,Sikkim,2021-12-05
Kiaan Merchant,Female,47,Satara,Andhra Pradesh,2022-01-09
Chasmum Kumar,Male,42,Karimnagar,Mizoram,2024-04-22
Isaiah Ganguly,Male,39,Nizamabad,West Bengal,2024-06-24
Yashasvi Basak,Male,68,Bhatpara,Mizoram,2024-04-09
Ekbal Walia,Female,36,Rajkot,Tamil Nadu,2021-06-22
Girik Dugar,Male,61,Arrah,Assam,2025-11-20
Maya Nagarajan,Male,32,Shivpuri,Himachal Pradesh,2023-05-26
Aradhana Murty,Female,60,Nashik,Uttar Pradesh,2026-06-05
Nidhi Kamdar,Female,37,Giridih,Punjab,2025-10-11
Baljiwan Wable,Male,69,Ramagundam,Manipur,2025-03-29
Irya Bail,Male,30,Ramgarh,Meghalaya,2023-05-27
Aashi Venkataraman,Male,53,Guntakal,Rajasthan,2025-06-09
Ekani Oommen,Female,44,Solapur,Jharkhand,2023-10-15
Chanchal Bose,Male,59,Shimoga,West Bengal,2024-10-27
Yauvani Mand,Female,70,Junagadh,Tripura,2025-07-18
Zayan Parekh,Female,33,Akola,Kerala,2025-03-29
Gagan Bains,Male,65,Nizamabad,Uttar Pradesh,2025-09-05
Hardik Parsa,Male,38,Chapra,Rajasthan,2022-04-03
Vyanjana Samra,Male,41,Bihar Sharif,Odisha,2023-01-26
Bhavya Munshi,Male,52,Jalna,Goa,2021-09-07
Jonathan Parekh,Female,51,Ujjain,Haryana,2022-08-16
Indali Natarajan,Male,60,Tadipatri,Sikkim,2025-07-18
Bina Hora,Female,29,Arrah,Kerala,2025-04-18
Bhanumati Devi,Male,18,Tumkur,Maharashtra,2026-02-24
Eiravati Raghavan,Male,41,Bellary,Punjab,2022-02-02
Balendra Warrior,Male,55,Bhilai,Sikkim,2024-10-25
Om Thakur,Female,32,Karnal,Rajasthan,2026-02-06
Kamya Sinha,Female,22,Sambalpur,Bihar,2023-02-22
Bhavani Kibe,Male,44,Thane,Jharkhand,2023-09-27
Jeevika Bail,Male,61,Bharatpur,Tamil Nadu,2024-06-09
Warhi Karnik,Female,58,Sambhal,Punjab,2024-01-13
Indrajit Bhatti,Female,63,Hindupur,Uttarakhand,2022-06-14
Gopal Sur,Female,56,South Dumdum,Odisha,2023-05-03
Jalsa Gera,Female,23,Ahmednagar,Goa,2025-01-11
Chanchal Seshadri,Female,26,Ahmedabad,Telangana,2022-05-11
Azad Barad,Female,29,Fatehpur,Jharkhand,2022-04-09
Vasatika Nayar,Female,53,Thoothukudi,Odisha,2023-12-18
Vedhika Gade,Male,67,Bahraich,Odisha,2023-03-22
Gavin Wali,Female,61,Srikakulam,Gujarat,2025-05-24
Chanakya Varma,Male,64,Amaravati,Meghalaya,2025-03-04
Jyoti Thaman,Male,18,Machilipatnam,Maharashtra,2021-12-26
Girik Nayar,Female,31,Kochi,Manipur,2023-01-15
Nathaniel Buch,Male,59,Baranagar,Haryana,2024-10-18
Bahadurjit Dyal,Male,63,Jamnagar,Jharkhand,2024-06-20
Samar Shankar,Male,58,Etawah,Arunachal Pradesh,2025-06-12
Keya Ramachandran,Female,25,Kollam,Uttarakhand,2022-11-11
Umang Sankaran,Male,20,Coimbatore,Himachal Pradesh,2025-12-06
Ekantika Hari,Female,54,Guntakal,Meghalaya,2025-10-02
Prisha Master,Female,24,Vadodara,Uttarakhand,2024-03-24
Vrinda Dey,Male,47,Bijapur,Bihar,2023-08-26
Hemani Anne,Female,21,Nagercoil,Karnataka,2026-01-27
Mitesh Gour,Male,23,Kurnool,Jharkhand,2023-03-20
Manya Sethi,Male,38,Kirari Suleman Nagar,Bihar,2022-07-24
Ekanta Sharma,Male,31,Darbhanga,Madhya Pradesh,2022-04-11
Yashoda Bora,Female,64,Sirsa,Gujarat,2024-02-12
Karan Brar,Female,55,Kanpur,Telangana,2023-08-22
Mitesh De,Male,31,Ballia,Arunachal Pradesh,2025-08-10
Sai Gola,Female,20,Bhagalpur,Maharashtra,2026-06-01
Vinaya Anne,Female,37,Danapur,Rajasthan,2024-07-24
Yashoda Yohannan,Female,39,Kochi,Jharkhand,2025-01-31
Devika Pandya,Male,39,Bilaspur,Himachal Pradesh,2024-09-04
Varenya Dasgupta,Female,20,Davanagere,Nagaland,2021-07-02
Anirudh Mangat,Female,68,Eluru,Rajasthan,2026-01-03
Matthew Behl,Female,20,Udupi,West Bengal,2022-08-16
Gunbir Prabhu,Female,48,Madhyamgram,Goa,2023-11-19
Chaaya Thaman,Female,35,Ahmedabad,Andhra Pradesh,2024-02-01
Bimala Sankaran,Male,38,Morbi,Mizoram,2024-07-19
Kabir Mittal,Female,57,Sambalpur,Haryana,2025-01-29
Yuvraj Bali,Male,66,Delhi,Mizoram,2022-12-03
Hemani Saha,Male,65,Katni,Assam,2021-06-27
Gaurang Naidu,Male,40,Ghaziabad,Goa,2022-08-30
Peter Shan,Female,47,Moradabad,Mizoram,2025-10-05
Vidhi Shukla,Male,56,Coimbatore,Jharkhand,2022-05-29
Yashica Kala,Male,45,Vasai-Virar,Arunachal Pradesh,2022-08-27
Frederick Srinivasan,Female,53,Lucknow,Manipur,2022-03-29
Kavya Sathe,Female,28,Gwalior,Assam,2023-05-29
Ishani Kala,Female,23,Salem,Chhattisgarh,2022-01-27
Saanvi Soni,Male,64,Mangalore,Arunachal Pradesh,2024-08-04
Laksh Kulkarni,Male,37,Kalyan-Dombivli,Chhattisgarh,2025-01-26
Nandini Chokshi,Female,30,Raurkela Industrial Township,Jharkhand,2026-05-01
Gavin Ramanathan,Female,69,Pallavaram,Maharashtra,2022-11-26
Gautami Sarma,Female,19,Durgapur,Jharkhand,2026-03-23
Ekaraj Grover,Female,35,Naihati,Chhattisgarh,2026-03-15
Pahal Chhabra,Female,21,Faridabad,Telangana,2022-08-02
Chatresh Ramakrishnan,Male,48,Sambalpur,Telangana,2024-12-19
Nicholas Kota,Male,18,Kulti,Uttar Pradesh,2025-03-03
Jason Chana,Female,36,Thoothukudi,Bihar,2024-08-18
Wyatt Bhardwaj,Male,28,Jammu,Andhra Pradesh,2022-12-04
Anvi Thakkar,Female,65,Khammam,Himachal Pradesh,2022-02-10
Vamakshi Pal,Male,31,Malegaon,Meghalaya,2025-08-05
Mugdha Krishna,Male,24,Saharsa,Odisha,2025-11-16
Andrew Kumer,Female,30,Bongaigaon,Uttar Pradesh,2023-10-04
Tanish Ram,Male,30,Satna,Assam,2023-08-29
Ati Hegde,Female,54,Chittoor,West Bengal,2024-02-05
Kashvi Pillay,Male,65,Jalna,Chhattisgarh,2023-11-26
Yagnesh Banerjee,Female,27,Gudivada,Jharkhand,2021-10-30
Robert Edwin,Male,70,Ambarnath,Maharashtra,2022-01-05
Vivaan Cherian,Male,40,Korba,Meghalaya,2023-12-23
Vansha Chacko,Male,54,Surat,Karnataka,2024-12-01
Dhriti Arya,Male,23,Sangli-Miraj & Kupwad,Uttar Pradesh,2024-05-21
Jhalak Kumar,Female,26,Karaikudi,Assam,2024-04-28
Aradhana Palan,Female,20,Agra,Uttarakhand,2024-08-02
Jason Bala,Female,22,Rohtak,Punjab,2025-07-17
Rachit Shankar,Male,60,Panihati,Punjab,2022-03-28
Luke Mukherjee,Female,45,Muzaffarpur,Karnataka,2025-02-24
Anvi Rattan,Female,33,Kharagpur,Telangana,2026-02-16
Kamala Chada,Male,48,Morbi,Manipur,2026-01-10
Ishwar Korpal,Male,60,Bhiwani,Himachal Pradesh,2025-01-11
Ganga Bajwa,Male,50,Nagaon,Uttarakhand,2022-04-03
Varenya Bains,Female,55,Loni,Uttar Pradesh,2025-06-04
Yahvi Sahota,Female,67,Parbhani,Himachal Pradesh,2025-02-12
Wakeeta Sane,Female,42,Ranchi,West Bengal,2026-03-11
Kiaan Kumer,Female,21,Gaya,Rajasthan,2023-04-15
Amruta Ramesh,Female,34,Pallavaram,Sikkim,2023-05-02
Triya Saha,Male,42,Sambhal,Kerala,2025-02-13
Zaitra Suri,Male,48,Raiganj,Uttar Pradesh,2021-08-28
Tamanna Kant,Female,29,Gandhinagar,Haryana,2022-09-29
Champak Soni,Male,50,Amritsar,Karnataka,2022-10-19
Ekbal Batta,Male,40,Kalyan-Dombivli,Mizoram,2026-05-04
Bishakha Mall,Female,62,Noida,Goa,2025-03-27
Tanay Raman,Female,38,Kishanganj,Mizoram,2022-09-06
Charita Kale,Male,65,Hindupur,Rajasthan,2025-06-14
Ucchal Srinivas,Male,51,Delhi,Meghalaya,2023-06-09
Radha Wali,Female,63,Ramagundam,West Bengal,2022-03-13
Pushti Om,Female,34,Bharatpur,Rajasthan,2022-02-28
Riya Prabhu,Male,57,Khora ,Andhra Pradesh,2025-04-09
Saksham Narasimhan,Female,63,Ongole,Madhya Pradesh,2021-11-02
Bina Ahuja,Male,43,Aizawl,Chhattisgarh,2021-07-06
Urmi Sridhar,Female,21,Tiruvottiyur,Kerala,2022-07-17
Jagrati Salvi,Female,55,Deoghar,Nagaland,2023-05-24
David Jani,Male,39,Agartala,Haryana,2025-07-27
Oni Bhardwaj,Female,52,Danapur,Bihar,2022-06-08
Ekanta Walla,Male,39,Amravati,Gujarat,2025-01-09
Aachal Kala,Male,37,Jabalpur,Himachal Pradesh,2021-09-05
Kiaan Deol,Female,19,Jamnagar,Manipur,2022-01-26
Aishani Prakash,Female,42,Guna,Maharashtra,2022-03-16
Daksh Agrawal,Male,26,Bidar,Telangana,2023-05-28
Gavin Chauhan,Male,50,Buxar,Andhra Pradesh,2026-01-20
Ikshita Lad,Male,53,Chandrapur,Haryana,2025-01-24
Urishilla Dua,Male,58,Bhagalpur,Tripura,2022-10-21
Yuvraj Vyas,Female,21,Naihati,Gujarat,2024-05-05
Bhavani Virk,Female,23,Thrissur,Manipur,2022-01-03
Lekha Kapur,Male,70,Nashik,Mizoram,2024-09-01
Raghav Desai,Male,64,Gandhidham,Chhattisgarh,2023-09-21
Tejas Grewal,Male,63,Proddatur,Assam,2024-04-19
Yasti Ahluwalia,Female,26,Ajmer,West Bengal,2024-03-03
Warjas Prabhakar,Female,23,Dhule,Punjab,2023-01-10
Rushil Din,Male,21,Thiruvananthapuram,Manipur,2023-01-27
Advay Randhawa,Male,58,Pudukkottai,Jharkhand,2023-06-22
Kiaan Ghosh,Male,64,Alappuzha,Goa,2024-08-16
Gautami Shukla,Male,61,Phagwara,Assam,2022-05-21
Nakul Ramaswamy,Female,31,Tirupati,Tamil Nadu,2021-12-25
Rehaan Borah,Male,44,Ujjain,Bihar,2024-11-20
Aarush Solanki,Female,52,Katni,Tamil Nadu,2026-02-26
Saumya Walla,Female,69,Bhilwara,Andhra Pradesh,2023-06-17
Lakshit Prabhakar,Female,60,Giridih,Maharashtra,2022-09-06
Xalak Agarwal,Female,32,Thrissur,Gujarat,2025-11-11
Gautam Nayak,Male,42,Jhansi,Karnataka,2022-11-18
Warinder Seshadri,Female,42,Begusarai,Jharkhand,2026-02-17
Azaan Doctor,Male,48,Medininagar,Rajasthan,2022-07-09
Netra Palla,Female,43,Vijayanagaram,Arunachal Pradesh,2024-04-29
Mekhala Khosla,Male,23,Kumbakonam,Sikkim,2026-01-01
Ikbal Murthy,Female,67,Gaya,Sikkim,2024-07-11
Hemani Agate,Female,18,Rewa,Nagaland,2022-12-19
Lakshmi Bassi,Female,51,Indore,Kerala,2023-01-25
Vrinda Deo,Male,24,Panchkula,Rajasthan,2024-04-06
Damyanti Gole,Female,41,Madurai,Himachal Pradesh,2026-03-10
Aarush Balan,Male,61,Vellore,Chhattisgarh,2026-02-04
Luke Balasubramanian,Male,47,Katni,Tamil Nadu,2021-09-29
Christopher Bedi,Female,66,Gangtok,Tripura,2024-03-22
Harish Bhattacharyya,Male,61,Katni,West Bengal,2024-05-28
Ojas Chana,Female,63,Bhusawal,Haryana,2026-02-28
Lucky Nair,Male,45,Dindigul,Maharashtra,2026-05-17
Anmol Shanker,Female,67,Ludhiana,Punjab,2025-11-05
Manan Memon,Female,68,Rohtak,Bihar,2023-08-09
Janani Manda,Female,28,Bhilwara,Haryana,2021-08-12
Zaid Parekh,Male,64,Baranagar,Arunachal Pradesh,2024-01-26
Harinakshi Deshmukh,Female,48,South Dumdum,Haryana,2025-07-29
Naveen Prakash,Female,31,Pallavaram,Manipur,2026-04-11
Ranveer Dhaliwal,Female,20,Udaipur,Assam,2022-10-08
Arya Kumer,Female,47,Amaravati,Arunachal Pradesh,2023-07-31
Forum Goyal,Female,67,Bangalore,Tripura,2025-01-24
Samaksh Solanki,Female,68,Haldia,Tripura,2023-04-21
Yachana Kala,Female,68,Ahmedabad,Maharashtra,2022-01-20
Dalaja Hans,Male,67,Vadodara,Jharkhand,2022-11-23
Manbir Kalita,Male,66,Serampore,Uttarakhand,2025-02-07
Bishakha Kannan,Male,67,Raiganj,Goa,2023-12-07
Inaya Palla,Male,61,Miryalaguda,Rajasthan,2026-01-22
Shivansh Vohra,Male,19,Tumkur,Mizoram,2026-06-20
Mekhala Panchal,Female,60,Bhubaneswar,Maharashtra,2022-08-17
Logan Patla,Male,27,Surat,Mizoram,2023-04-16
Fiyaz Hegde,Female,37,Davanagere,Assam,2024-08-20
Shaurya Chaudhuri,Male,37,Thane,Kerala,2022-08-12
Ekansh Kunda,Female,55,Ghaziabad,Arunachal Pradesh,2026-04-01
Upma Mishra,Male,42,Firozabad,Manipur,2024-04-26
Jagdish Sankar,Female,64,Gopalpur,Himachal Pradesh,2025-11-26
Saumya Natt,Female,69,Dhule,Mizoram,2025-11-28
Rajeshri Pathak,Male,45,Hyderabad,Tamil Nadu,2025-11-07
Kalpit Bath,Female,42,Indore,Goa,2021-07-23
Tanvi Johal,Male,59,Durg,Assam,2023-07-10
Yashodhara Parikh,Male,29,Aligarh,Tamil Nadu,2023-08-22
Vyanjana Andra,Female,24,Jalandhar,Nagaland,2025-11-24
Indira Hora,Female,49,Bihar Sharif,Chhattisgarh,2025-03-27
Shivani Mitra,Female,42,Warangal,Jharkhand,2022-06-06
Balendra Kunda,Male,38,Hubli–Dharwad,Goa,2025-07-27
Akshay Kala,Male,28,Begusarai,Telangana,2021-09-26
Ubika Dube,Male,43,Dindigul,Mizoram,2025-08-17
Gaurang Thakur,Female,32,Bettiah,Himachal Pradesh,2024-12-20
Ira Mohan,Male,46,Adoni,Tripura,2025-06-09
Mohammed Chakrabarti,Female,59,Tumkur,Andhra Pradesh,2023-07-22
Wridesh Nagar,Male,29,Thanjavur,Goa,2025-11-10
Aahana Srinivasan,Male,33,Ghaziabad,Meghalaya,2022-12-31
Amrita Bir,Female,54,Bhavnagar,Himachal Pradesh,2022-08-16
Niharika Sandhu,Female,43,Bally,Haryana,2021-09-22
Mahika Trivedi,Male,56,Vasai-Virar,Goa,2024-10-21
Gabriel Anne,Male,34,Mango,Sikkim,2023-08-27
Chasmum Saini,Female,41,Bangalore,Uttar Pradesh,2021-06-21
Darika Oak,Female,39,Kadapa,West Bengal,2023-05-22
Fitan Choudhary,Male,65,Sangli-Miraj & Kupwad,Chhattisgarh,2026-01-30
Naveen Garg,Male,38,Mirzapur,Andhra Pradesh,2022-04-24
Azaan Srinivas,Male,59,Saharsa,Telangana,2025-10-20
Vivaan Bala,Female,44,Gaya,Uttarakhand,2025-11-11
Udarsh Dhaliwal,Female,43,Aizawl,Rajasthan,2024-06-03
Anika More,Male,44,Thoothukudi,Kerala,2021-07-02
Eshana Trivedi,Male,20,Anantapur,Uttarakhand,2023-04-18
George Sarraf,Female,42,Kalyan-Dombivli,Goa,2024-10-15
Nirja Vaidya,Female,43,Kadapa,Bihar,2025-12-21
Pushti Chatterjee,Female,22,Nashik,Assam,2023-03-22
Jeet Sant,Male,52,Ujjain,Jharkhand,2025-09-08
Bishakha Chacko,Male,62,Nangloi Jat,West Bengal,2024-09-15
Vedika Borah,Male,28,Rourkela,Odisha,2024-04-07
Ayushman Balan,Female,28,Secunderabad,Chhattisgarh,2024-06-21
Luke Prashad,Female,60,Karawal Nagar,Maharashtra,2023-05-25
Mekhala Edwin,Male,20,Imphal,Manipur,2023-10-13
Dakshesh Minhas,Male,68,Saharanpur,Himachal Pradesh,2021-09-15
Baghyawati Agate,Male,33,Giridih,Chhattisgarh,2024-11-02
Geetika Sundaram,Male,45,Pali,Tamil Nadu,2021-12-20
Madhavi Mann,Male,25,Bilaspur,Tamil Nadu,2021-09-03
Gautam Padmanabhan,Female,61,Vijayawada,Gujarat,2025-10-25
Oviya Patla,Female,67,Raurkela Industrial Township,West Bengal,2023-04-21
Anusha Venkataraman,Female,27,Bijapur,Arunachal Pradesh,2022-06-26
Vihaan Pant,Female,39,Ahmednagar,Maharashtra,2024-06-27
Raksha Gill,Male,48,Jodhpur,Karnataka,2026-05-04
Varenya Chakrabarti,Male,46,Bellary,Maharashtra,2022-05-04
Harita Sarkar,Female,39,Agra,Telangana,2021-09-03
Champak Balasubramanian,Female,18,Ambarnath,Jharkhand,2023-09-04
Owen Setty,Male,56,Miryalaguda,Rajasthan,2023-05-05
Manbir Guha,Male,68,Jammu,Telangana,2025-08-06
Lakshmi Hayre,Male,34,Eluru,Arunachal Pradesh,2024-09-22
Zaitra Sengupta,Male,57,Bhilai,Goa,2026-05-20
Suhani Gokhale,Male,41,Gwalior,Gujarat,2023-08-23
Aditya Ramakrishnan,Female,27,Pali,Maharashtra,2025-02-04
Chakradhar Kurian,Female,41,Tirupati,Madhya Pradesh,2023-02-19
Fiyaz Char,Female,48,Machilipatnam,Meghalaya,2022-07-05
Devansh Kapur,Female,40,Bhimavaram,Meghalaya,2022-11-22
Vaishnavi Sama,Female,68,Bally,Karnataka,2024-07-10
Kamya Dhar,Female,28,Sambalpur,Mizoram,2025-06-19
Nitara Chauhan,Female,55,Mirzapur,Jharkhand,2026-03-14
Manthan Pai,Male,49,Bikaner,Telangana,2025-07-27
Nathaniel Prabhakar,Male,35,Kharagpur,Uttar Pradesh,2025-01-10
Krisha Ratti,Female,35,Panihati,Jharkhand,2025-12-10
Mitali Sunder,Male,32,Khandwa,Himachal Pradesh,2022-09-14
Shaurya Anand,Female,61,Warangal,Jharkhand,2022-11-27
Anmol Ravi,Female,39,Bhiwani,Goa,2025-05-06
Adweta Rout,Female,35,Gandhinagar,Assam,2022-07-22
Harish Char,Male,38,Nandyal,Tamil Nadu,2021-11-02
Ekanta Subramaniam,Male,30,Srikakulam,Arunachal Pradesh,2024-08-14
Rudra Gill,Male,49,Firozabad,Himachal Pradesh,2024-05-20
Banjeet Gola,Female,36,South Dumdum,Telangana,2025-06-05
Falan Kurian,Female,57,Ajmer,Andhra Pradesh,2026-06-01
Vedika Sundaram,Male,34,Uluberia,Punjab,2025-07-22
Faras Ravel,Female,62,Mango,Punjab,2025-06-10
Nihal Memon,Female,43,Unnao,Madhya Pradesh,2026-06-11
Kavya Thaker,Female,47,Gurgaon,Uttarakhand,2025-10-25
Ekaja Viswanathan,Male,40,Jabalpur,Mizoram,2024-11-23
Reyansh Ranganathan,Female,33,Indore,Manipur,2025-10-24
Aayush Sathe,Male,68,Salem,Haryana,2026-03-26
Avi Krish,Male,55,Mangalore,Mizoram,2023-09-09
Ati Narayanan,Female,67,Rohtak,Assam,2022-03-07
Alka Rau,Male,42,Serampore,Arunachal Pradesh,2026-04-21
Ekansh Kata,Male,41,Vasai-Virar,Punjab,2024-09-30
Vihaan Dass,Female,67,Amroha,Kerala,2024-05-10
Maya Shah,Female,30,Bardhaman,Karnataka,2024-03-02
Dayita Chander,Female,55,Jaipur,Mizoram,2025-01-12
Theodore Narasimhan,Female,53,North Dumdum,Gujarat,2025-06-15
Viraj Sehgal,Male,59,Bhiwani,Madhya Pradesh,2022-02-10
Sai Iyengar,Female,62,Kharagpur,Rajasthan,2024-11-23
Aayush Gandhi,Male,48,Udaipur,Odisha,2024-06-24
Dalaja Grover,Male,65,Moradabad,Nagaland,2026-02-04
Jairaj Sem,Male,19,Ambarnath,Maharashtra,2025-01-14
Karan Ramesh,Male,61,Thoothukudi,Mizoram,2023-10-08
Raagini Pau,Female,60,Anantapuram,Mizoram,2022-10-08
Jeevika Balan,Male,62,Gudivada,Madhya Pradesh,2024-07-21
Ekantika Kothari,Female,21,Muzaffarpur,Chhattisgarh,2024-06-26
Suhani Mahal,Male,39,Silchar,Uttar Pradesh,2024-07-16
Baljiwan Boase,Female,23,Durgapur,Maharashtra,2025-03-10
Vasatika Nagy,Male,30,Gopalpur,Chhattisgarh,2026-05-07
Dominic Dash,Female,63,Bhimavaram,Andhra Pradesh,2025-11-17
Ganga Sharma,Male,36,Chapra,Madhya Pradesh,2023-08-04
Jeet Krishnamurthy,Female,56,Bikaner,Himachal Pradesh,2023-04-09
Vamakshi Samra,Female,50,Aurangabad,Jharkhand,2025-03-19
Omisha Saxena,Female,50,Mysore,Madhya Pradesh,2023-05-15
Faras Ram,Female,30,Mysore,Mizoram,2022-08-07
Osha Mammen,Female,64,Bidar,Maharashtra,2024-01-13
Daksh Sarkar,Female,23,Mehsana,Telangana,2021-12-01
Ekaja Sehgal,Female,47,North Dumdum,Mizoram,2026-04-29
Chakrika Bahri,Male,70,Asansol,Bihar,2024-08-13
Varenya Mittal,Female,69,Lucknow,Kerala,2023-03-12
Jagrati Mallick,Female,36,Alwar,Andhra Pradesh,2023-05-09
Balhaar Thaman,Female,58,Silchar,Jharkhand,2023-03-16
Pushti Amble,Female,53,Sagar,Uttar Pradesh,2025-10-01
Vincent Mittal,Female,56,Sonipat,Kerala,2022-08-30
Arya Kurian,Female,19,Rajpur Sonarpur,Arunachal Pradesh,2022-09-21
Deepa Kant,Female,23,Durg,Meghalaya,2025-02-28
Triveni Mahal,Female,28,Patiala,Madhya Pradesh,2023-04-26
William Sankar,Male,63,Chandrapur,Jharkhand,2022-01-07
Dhruv Rao,Male,56,Arrah,Himachal Pradesh,2026-04-10
Damini Padmanabhan,Female,35,Noida,Gujarat,2024-02-24
Lakshit Palan,Female,52,Chennai,Chhattisgarh,2022-09-02
Radha Hora,Female,21,Pallavaram,West Bengal,2025-03-20
Fiyaz Ratti,Female,37,Orai,Meghalaya,2022-10-27
Krishna Vala,Female,43,Naihati,Madhya Pradesh,2023-12-25
Jeevika Gulati,Male,64,Raiganj,Maharashtra,2024-01-02
Hiral Rana,Male,36,Sonipat,Maharashtra,2025-10-09
Caleb Rai,Male,45,Saharanpur,Rajasthan,2025-09-11
Geetika Dube,Female,57,Guntur,Punjab,2022-12-06
Sneha Bahl,Female,57,Barasat,Mizoram,2022-06-02
Amol Padmanabhan,Male,51,Tadepalligudem,Kerala,2025-12-17
Madhavi Raghavan,Male,45,Dibrugarh,Himachal Pradesh,2021-08-17
Aadi Bassi,Female,29,Raebareli,Goa,2022-11-26
Nitesh Nigam,Male,34,Ramgarh,Kerala,2024-05-01
Praneel Varty,Female,25,Coimbatore,Kerala,2025-12-08
Sarthak Dube,Male,55,Pune,Kerala,2025-09-01
Vivaan Khurana,Female,30,Kota,Telangana,2022-05-07
Rishi D’Alia,Female,56,Jabalpur,Uttar Pradesh,2022-06-09
Kiaan Sampath,Male,25,Chandigarh,Nagaland,2025-11-26
Sai Gupta,Female,54,Karawal Nagar,Chhattisgarh,2023-04-10
Ikbal Ravel,Female,26,Dehri,Himachal Pradesh,2023-12-21
Bhavani Mann,Female,63,Surat,Bihar,2025-05-10
Devansh Dutt,Male,68,Ahmedabad,Tripura,2023-06-23
Azaan Goel,Male,22,Kharagpur,Tripura,2021-07-23
Udant Rege,Male,41,Dehri,Mizoram,2025-07-23
Zayyan Srinivas,Female,60,Cuttack,West Bengal,2022-03-20
Rudra Chanda,Female,28,Mathura,Jharkhand,2023-11-19
Nakul Cherian,Female,49,Gwalior,West Bengal,2022-12-18
Rudra Rout,Female,21,Panchkula,Sikkim,2023-03-25
Siddharth Sankar,Male,33,Sasaram,Chhattisgarh,2025-07-29
Forum Kunda,Female,43,Jaunpur,Rajasthan,2025-04-18
Peter Shankar,Male,45,Raichur,Meghalaya,2023-05-02
Karan Naidu,Male,54,Ghaziabad,Assam,2024-12-23
Neelima Chakrabarti,Male,50,Satara,Rajasthan,2022-04-14
Sai Rege,Male,63,Jehanabad,Odisha,2025-10-03
Owen Dar,Female,33,Chennai,Jharkhand,2024-05-16
Bhavani Wali,Male,61,Gangtok,Maharashtra,2021-09-22
Harshil Mall,Female,34,Shimla,Sikkim,2026-05-21
Jagrati Pathak,Female,23,Sasaram,Uttarakhand,2025-08-30
Amaira Bakshi,Female,65,Jamshedpur,Andhra Pradesh,2023-03-13
Nachiket Karnik,Female,41,Coimbatore,Sikkim,2023-10-23
Wyatt Agate,Male,55,Cuttack,Assam,2024-08-29
Saanvi Dewan,Male,23,Bhopal,Kerala,2023-06-04
Girik Kalita,Female,63,Bidhannagar,Assam,2024-05-20
Raagini Banerjee,Male,37,Katihar,Nagaland,2021-10-14
Forum Varughese,Male,65,Danapur,Uttar Pradesh,2026-05-12
Dipta Kunda,Male,61,Agartala,Jharkhand,2025-11-24
Jairaj Palla,Female,62,Bathinda,Nagaland,2022-04-15
Bhavini Chander,Female,52,Raebareli,Mizoram,2024-11-23
Libni Kumer,Male,19,Anantapur,Meghalaya,2026-01-07
Faraj Basak,Male,56,Mira-Bhayandar,Chhattisgarh,2024-02-03
Chaitanya Ghosh,Male,69,Hajipur,Haryana,2026-04-20
Raksha Prasad,Male,62,Bhilai,Madhya Pradesh,2021-11-25
Noah Buch,Male,30,Rewa,Odisha,2024-10-22
Nitara Bandi,Female,55,Varanasi,Mizoram,2025-06-13
Veda Dugal,Female,27,Tiruvottiyur,Gujarat,2026-03-01
Osha Kara,Male,46,Hyderabad,Mizoram,2022-11-07
Peter Puri,Female,56,Bidar,Telangana,2026-01-07
Ekanta Nair,Male,40,Guwahati,Arunachal Pradesh,2021-11-29
Ridhi Anand,Male,69,Raiganj,Sikkim,2026-04-28
Chaitanya Sandal,Female,31,Naihati,Madhya Pradesh,2025-10-10
Balvan Dyal,Female,23,Danapur,Rajasthan,2021-09-09
Xavier Chaudhari,Female,18,Singrauli,Rajasthan,2023-04-04
Jeet Loyal,Male,23,Bhavnagar,Odisha,2025-01-12
Vanya Vig,Male,21,Sikar,Manipur,2022-02-12
Frado Chandran,Male,53,Gurgaon,Kerala,2023-04-20
Wriddhish Deo,Male,44,Bilaspur,Nagaland,2023-10-05
Frado Kibe,Male,45,Kolkata,Meghalaya,2025-11-18
Tanmayi Goel,Female,38,Thrissur,Goa,2023-10-10
Avi Prabhu,Male,20,Sri Ganganagar,Rajasthan,2022-02-10
Amrita Ganesan,Female,24,Nagpur,Uttar Pradesh,2022-09-26
Anmol Munshi,Female,51,Ahmedabad,Arunachal Pradesh,2022-10-15
Faraj Bandi,Male,38,Nagaon,Tamil Nadu,2023-11-03
Warjas Kale,Female,58,Davanagere,Haryana,2023-12-11
Zashil Thaker,Male,68,Haridwar,Rajasthan,2023-09-26
Manan Sen,Female,55,Chittoor,Bihar,2025-08-27
Ranveer Brar,Female,26,Nellore,Goa,2023-04-13
Wyatt De,Female,22,Kota,Telangana,2025-05-18
Sai Choudhury,Female,58,Danapur,West Bengal,2023-07-27
Sai Bhardwaj,Male,66,Bhiwani,Maharashtra,2025-06-30
Nidra Prabhakar,Male,38,Tenali,Odisha,2024-01-23
Aachal Sandhu,Male,58,Tiruchirappalli,Karnataka,2025-03-20
Kamala Rai,Female,22,Cuttack,Odisha,2024-07-10
Ayaan Kothari,Male,60,Fatehpur,Sikkim,2024-02-14
Vincent Nazareth,Male,26,Hindupur,Madhya Pradesh,2022-02-28
Radha Sachdev,Male,25,Ahmednagar,Assam,2024-06-12
Sneha Bhattacharyya,Female,37,Haldia,Goa,2025-11-16
Vaishnavi Kant,Female,19,Giridih,Tripura,2022-03-01
Gautam Dara,Female,49,Kottayam,Sikkim,2022-03-18
Ekaja Vohra,Male,55,Kalyan-Dombivli,Jharkhand,2022-05-16
Brijesh Majumdar,Female,45,Panipat,Telangana,2024-09-22
Kala Sanghvi,Male,18,Nagercoil,Nagaland,2025-02-11
Karan Shere,Male,50,Rampur,Meghalaya,2021-09-14
Dakshesh Aggarwal,Male,28,Raipur,Meghalaya,2025-10-11
Yatan Sundaram,Female,65,Jamalpur,Himachal Pradesh,2024-08-16
Priya Hayer,Male,68,Baranagar,Haryana,2021-11-25
Varenya Hari,Male,18,Bhusawal,Assam,2022-08-06
Maya Bassi,Male,61,Ichalkaranji,West Bengal,2024-02-06
Panini Ramakrishnan,Female,36,Hazaribagh,Andhra Pradesh,2024-01-11
Pahal Kaur,Female,18,Jamnagar,Uttar Pradesh,2022-01-19
Vivaan Kannan,Female,45,Malda,Uttarakhand,2025-11-02
Alka Lad,Female,38,Hazaribagh,Assam,2023-05-10
Dayamai Muni,Female,26,Kharagpur,Karnataka,2025-12-25
Rachit Nazareth,Male,51,Udupi,West Bengal,2022-01-08
Indali Dyal,Male,61,Bikaner,Madhya Pradesh,2023-07-09
Falak Agrawal,Female,57,Mathura,Sikkim,2025-05-04
Ekaraj Wason,Male,50,Machilipatnam,Uttarakhand,2025-07-29
Harshil Vasa,Female,42,Tezpur,Odisha,2025-08-18
Ayush Sami,Female,46,Gorakhpur,Karnataka,2023-12-09
Nisha Jha,Male,67,Proddatur,Himachal Pradesh,2025-03-19
Rohan Panchal,Male,47,Avadi,Mizoram,2021-11-09
Alexander Savant,Female,64,Akola,Gujarat,2022-02-03
Damini Gade,Female,49,Nandyal,Arunachal Pradesh,2023-08-02
Lila Rama,Male,31,Gudivada,Nagaland,2022-11-13
Januja Divan,Female,22,Kolkata,West Bengal,2023-03-13
Sanaya Mahal,Female,39,Durgapur,Uttar Pradesh,2021-10-20
Yasti Chakrabarti,Female,56,Amritsar,Madhya Pradesh,2024-01-16
Yauvani Khare,Female,43,Agartala,Haryana,2022-04-10
Yamini Chanda,Male,20,Sri Ganganagar,Madhya Pradesh,2023-06-18
Chakradhar Narayan,Male,31,Ozhukarai,Sikkim,2022-05-07
Nihal Tara,Male,35,Rajkot,Karnataka,2025-08-10
Darsh Walla,Male,26,Aurangabad,West Bengal,2026-02-24
Gayathri Aggarwal,Male,59,Sagar,Gujarat,2021-09-26
Victor Bhatt,Male,66,Eluru,Meghalaya,2023-11-12
Geetika Walla,Male,42,Jodhpur,Bihar,2024-09-10
Om Ben,Female,46,Bhopal,Madhya Pradesh,2023-03-07
Meghana Chakraborty,Male,20,Bellary,Goa,2021-07-04
Vritti Chaudhary,Female,27,Pallavaram,Haryana,2023-07-31
Barkha Rao,Male,43,Vijayanagaram,Maharashtra,2024-05-27
Varsha Om,Female,45,Bihar Sharif,Kerala,2025-11-01
Anya Kari,Male,68,Vellore,Kerala,2023-07-22
Bachittar Biswas,Male,54,Malegaon,Chhattisgarh,2022-11-25
Shivani Kata,Female,38,Rajpur Sonarpur,Tamil Nadu,2026-01-18
Anjali Baria,Male,35,Gandhinagar,Mizoram,2024-10-11
Kashish Baral,Male,59,Tiruvottiyur,Karnataka,2021-09-23
Harrison Char,Male,18,Pune,Jharkhand,2025-07-05
Chandran Chandra,Female,51,Rourkela,Karnataka,2024-04-28
Upkaar Tripathi,Male,43,Nanded,Bihar,2024-02-04
Vrinda Vyas,Male,26,Udupi,Kerala,2025-11-20
Ishaan Parikh,Male,55,Avadi,Assam,2024-07-29
Triya Mohanty,Male,68,Tiruppur,Madhya Pradesh,2023-03-12
Ishanvi Apte,Female,25,Bidhannagar,Jharkhand,2022-04-09
Unnati Sarin,Male,30,Sasaram,Bihar,2026-03-06
Vinaya Bhasin,Male,30,Mira-Bhayandar,Chhattisgarh,2023-07-21
Nisha Bumb,Male,36,Shimla,Bihar,2025-08-06
Chakradhar Lad,Female,59,Tadipatri,Andhra Pradesh,2025-03-19
Ekapad Suresh,Female,48,Kurnool,Kerala,2026-01-03
Ekbal Singh,Female,63,Siliguri,Mizoram,2022-04-14
Leena Sharma,Male,67,Bhilwara,Himachal Pradesh,2025-06-01
Yochana Mani,Male,53,Ulhasnagar,Goa,2024-04-24
Idika Edwin,Male,30,Munger,Sikkim,2025-11-05
Balvan Sahni,Female,31,Gwalior,Haryana,2025-03-03
Rachana Bhagat,Female,43,Machilipatnam,Telangana,2021-12-08
Anjali Thakur,Male,58,Mango,Bihar,2021-12-24
Kavya Mittal,Female,57,Karaikudi,Tripura,2021-08-16
Lohit Sanghvi,Female,64,Junagadh,Mizoram,2022-11-08
Janaki Ramanathan,Male,34,Begusarai,Arunachal Pradesh,2022-12-21
Xiti Puri,Female,41,Deoghar,Sikkim,2023-02-26
Jai Sathe,Male,66,Chennai,Uttar Pradesh,2022-07-04
Lohit Naidu,Female,30,Firozabad,Rajasthan,2023-05-23
Teerth Ramakrishnan,Male,62,Raebareli,Nagaland,2023-05-12
Harshil Thakur,Male,46,Raiganj,Maharashtra,2024-09-07
George Dass,Female,23,Nizamabad,West Bengal,2022-05-09
Dipta Konda,Female,34,Rewa,Uttar Pradesh,2024-05-05
Ishani Kari,Male,50,Kollam,Kerala,2022-08-10
Panini Gopal,Female,20,Bulandshahr,Gujarat,2021-07-30
Udarsh Basu,Female,19,Bihar Sharif,Manipur,2021-08-06
Avi Bhatia,Male,59,Dhule,Mizoram,2025-03-08
Advika Dugar,Male,59,Khammam,Meghalaya,2025-11-18
Chanchal Khanna,Male,24,Muzaffarnagar,Punjab,2026-03-12
Fitan Sridhar,Female,21,Gudivada,Tamil Nadu,2021-07-20
Jeet Nayar,Male,50,Jamalpur,Uttarakhand,2022-12-02
Vansha Krishnamurthy,Male,51,Sambalpur,Kerala,2023-08-28
Zaid Divan,Female,30,Begusarai,Tamil Nadu,2022-01-06
Aarna Parikh,Male,65,Kamarhati,Arunachal Pradesh,2023-02-12
Harrison Lata,Male,59,Silchar,Mizoram,2021-06-26
Zashil Sood,Female,34,Kanpur,Rajasthan,2025-01-02
Indrajit Narain,Male,19,Kurnool,Karnataka,2025-05-05
Anya Wali,Female,67,Faridabad,Himachal Pradesh,2023-10-16
Raksha Sami,Female,69,Unnao,Nagaland,2021-08-19
Lekha Deshmukh,Female,45,Nanded,Uttar Pradesh,2025-02-05
Zayan Deshpande,Male,52,Vijayawada,Manipur,2022-05-25
Brinda Loke,Male,46,Ramagundam,Tamil Nadu,2024-06-21
Lohit Kade,Male,52,Jehanabad,Andhra Pradesh,2022-06-15
Krishna Pillay,Male,64,Rohtak,Uttar Pradesh,2025-08-12
Ishani Zachariah,Female,45,Vellore,Assam,2026-05-02
Jai Tak,Male,37,Rampur,West Bengal,2025-04-10
Lucky Bala,Female,37,Bhusawal,Telangana,2021-12-29
Maanas Panchal,Male,28,Jaipur,Uttar Pradesh,2025-04-23
Veer Rajan,Female,52,Dibrugarh,Maharashtra,2025-08-01
Shivansh Balakrishnan,Female,52,Munger,Uttar Pradesh,2024-11-03
Hritik Gulati,Male,33,Bahraich,Andhra Pradesh,2022-03-31
Urvashi Sagar,Male,19,Rewa,Punjab,2024-04-23
Yochana Prakash,Male,46,Srikakulam,Assam,2023-11-17
Aadhya Thaman,Male,59,Hindupur,Assam,2023-10-31
Gunbir Bali,Male,66,Faridabad,Gujarat,2024-10-03
Warda Prasad,Male,47,Korba,Tripura,2023-03-18
Rayaan Golla,Female,54,Nadiad,West Bengal,2022-08-28
Faqid Das,Female,40,Raurkela Industrial Township,Meghalaya,2023-10-13
Pratyush Suresh,Female,67,Thanjavur,Karnataka,2024-02-26
Isaac Mander,Male,58,Jamalpur,Karnataka,2025-11-03
Teerth Madan,Male,44,Kurnool,Mizoram,2022-02-14
Oeshi Ahuja,Male,37,Karimnagar,Telangana,2023-11-20
Mitali Yohannan,Male,45,Panchkula,Madhya Pradesh,2025-01-13
Gaurika Devi,Female,27,Patiala,Kerala,2024-05-16
Anirudh Gokhale,Male,42,Kottayam,Madhya Pradesh,2022-07-13
Vivaan Ramachandran,Male,33,Jodhpur,Assam,2025-09-06
Bina Talwar,Female,55,Kolhapur,Uttar Pradesh,2023-01-06
Viraj Gaba,Female,66,Noida,Kerala,2024-07-24
Yutika Upadhyay,Female,18,Bihar Sharif,Gujarat,2022-02-02
Tejas Subramanian,Female,66,Dibrugarh,Bihar,2025-08-18
Januja Mani,Male,54,Nadiad,West Bengal,2025-10-09
Yashasvi Upadhyay,Female,20,Varanasi,Tamil Nadu,2025-04-27
Umang Mutti,Male,45,Alwar,Mizoram,2026-02-03
Arunima Mander,Female,46,Rajkot,Madhya Pradesh,2022-02-22
Kabir Nadkarni,Male,18,Jehanabad,Himachal Pradesh,2024-03-09
Janaki Basak,Female,32,Moradabad,Assam,2022-04-05
Ansh Chaudhary,Male,50,Gangtok,Sikkim,2023-02-23
Om Bhavsar,Female,44,Surat,Tripura,2026-06-07
Jalsa Pandey,Male,31,Gopalpur,Uttarakhand,2022-12-13
Samar Karpe,Male,47,Cuttack,Jharkhand,2023-01-16
Ati Parmer,Male,44,New Delhi,Andhra Pradesh,2024-02-29
Varsha Balasubramanian,Female,44,Kumbakonam,Himachal Pradesh,2026-01-28
Damini Bhavsar,Male,35,Mehsana,Assam,2025-11-07
Qadim D’Alia,Male,27,Guntakal,Madhya Pradesh,2022-03-17
Isaiah Rajan,Female,57,Chennai,Meghalaya,2026-05-09
Yashodhara Parmer,Female,31,Gaya,Karnataka,2024-04-28
Samesh Merchant,Male,30,Karimnagar,Haryana,2023-09-16
Watika Sarma,Female,67,Allahabad,Nagaland,2025-05-03
Darpan Dugar,Female,67,Kolhapur,Uttarakhand,2021-09-15
Kevin Dua,Male,34,Durg,Arunachal Pradesh,2025-10-13
Udarsh Sastry,Male,48,Ranchi,Sikkim,2024-10-12
Chatresh Raghavan,Female,25,Shahjahanpur,Assam,2026-01-08
Amara Varughese,Male,37,Srikakulam,Sikkim,2021-09-07
Oni Choudhry,Male,55,Kanpur,Tripura,2024-02-18
Elijah Dara,Female,55,Gaya,Meghalaya,2024-05-21
Laban Kalita,Male,59,Berhampur,Haryana,2022-08-01
Laban Kala,Male,34,Kolkata,Assam,2025-07-09
Waida Oza,Female,38,Nagpur,Uttar Pradesh,2025-02-10
Siddharth Char,Male,51,Raurkela Industrial Township,Manipur,2022-01-25
Arya Sule,Female,34,Bellary,Uttarakhand,2025-05-22
Rudra Muni,Female,46,Bhind,Karnataka,2023-02-28
Chandani Om,Male,49,Nagercoil,Punjab,2022-08-03
Pranit Seshadri,Female,19,Ambattur,Jharkhand,2025-02-05
Dalaja Sangha,Female,66,Jaipur,Karnataka,2022-04-25
Dakshesh Mahajan,Female,61,Srikakulam,Uttarakhand,2025-01-17
Advika Raghavan,Male,24,Ozhukarai,Gujarat,2026-06-15
Balvan Misra,Male,61,Raichur,Punjab,2022-10-11
Gautami Chada,Female,30,Avadi,Mizoram,2026-03-09
Madhavi Garg,Male,28,Panchkula,Meghalaya,2025-11-10
Lila Krishna,Female,30,Mumbai,Uttarakhand,2026-01-23
Pranit Bhalla,Male,29,Srinagar,Gujarat,2022-06-12
Zansi Nigam,Male,60,Dharmavaram,Uttarakhand,2023-10-25
Amrita Pall,Female,21,Hajipur,Uttar Pradesh,2022-07-18
Anvi Morar,Female,70,Delhi,Nagaland,2024-09-16
Zaitra Sule,Female,55,Coimbatore,Punjab,2022-08-30
Ayaan Ramesh,Female,44,Kharagpur,Manipur,2025-05-12
Lekha Bhargava,Female,42,Amritsar,Madhya Pradesh,2023-01-15
Triveni Kaul,Female,27,Kumbakonam,Mizoram,2023-07-11
Ekavir Sodhi,Female,23,Mahbubnagar,Madhya Pradesh,2024-12-26
Umang Sachdev,Female,50,Adoni,Karnataka,2023-05-14
Amruta Pandya,Female,22,Sambalpur,Madhya Pradesh,2021-07-03
Vaishnavi Choudhury,Female,31,Gandhidham,Assam,2024-10-30
Ayaan Sodhi,Female,41,Rajpur Sonarpur,Uttarakhand,2025-11-24
Nitesh Badami,Male,18,Jorhat,Telangana,2023-03-17
Vrinda Dalal,Female,24,Udaipur,Uttarakhand,2022-12-04
Qarin Ray,Female,22,Bhiwani,Uttarakhand,2021-07-15
Oeshi Barad,Female,61,Tenali,Jharkhand,2025-07-06
Gagan Kant,Female,33,Motihari,Manipur,2026-05-25
Oviya Dar,Male,32,Vasai-Virar,Haryana,2021-10-19
Libni Keer,Female,26,Katihar,Bihar,2023-12-29
Advaith Dalal,Female,47,Hazaribagh,Maharashtra,2022-10-21
Hardik Mammen,Male,67,Srinagar,Uttarakhand,2024-04-25
Shravya Virk,Male,66,Tezpur,Karnataka,2023-06-07
Vasatika Rama,Male,58,Chinsurah,Goa,2024-01-14
Jagat Dhar,Male,29,Kochi,Arunachal Pradesh,2022-12-02
Ishaan Chatterjee,Female,40,Raiganj,Madhya Pradesh,2024-03-08
Vansha Nori,Male,49,Kirari Suleman Nagar,West Bengal,2022-03-06
Panini Narain,Male,26,Buxar,Uttar Pradesh,2024-07-26
Inaya Gola,Female,21,Panvel,Goa,2023-09-24
Vamakshi Rege,Female,32,Pali,Uttar Pradesh,2023-04-09
Sai Mittal,Female,26,New Delhi,Bihar,2026-05-25
Sachi Boase,Female,26,Rohtak,Chhattisgarh,2021-10-06
Saanvi Hayer,Male,23,Karimnagar,Goa,2022-12-03
Falguni Hari,Male,55,Navi Mumbai,Nagaland,2024-12-20
Pahal Khalsa,Male,36,Visakhapatnam,Odisha,2024-07-14
Jeevika Upadhyay,Male,33,Nagpur,Assam,2022-05-09
Yoshita Borra,Female,28,Bally,Manipur,2026-05-19
Jason Toor,Male,34,Vellore,Gujarat,2026-03-03
Widisha Hayre,Female,24,Nandyal,Manipur,2022-03-12
Gopal Guha,Female,58,Berhampore,Chhattisgarh,2025-06-12
Anya Ray,Female,34,Meerut,Jharkhand,2024-05-10
Adweta Ram,Male,65,Bidar,Meghalaya,2022-11-09
Ekapad Handa,Female,67,Rajpur Sonarpur,Himachal Pradesh,2023-12-12
Suhani Ahuja,Female,29,Madhyamgram,Himachal Pradesh,2023-07-31
Jagat Kala,Female,34,Anantapuram,West Bengal,2026-05-21
Bishakha Hegde,Female,42,Fatehpur,Tamil Nadu,2022-07-29
Advaith Kunda,Male,34,Tezpur,Tamil Nadu,2022-08-18
Vincent De,Male,19,Raurkela Industrial Township,Tripura,2025-09-24
Balhaar Mahal,Male,49,Bilaspur,Andhra Pradesh,2022-06-05
Advik Dhar,Female,23,Jabalpur,Tamil Nadu,2025-11-19
Jack Kakar,Male,36,Sikar,Bihar,2024-12-21
Bhavini Hans,Male,35,Eluru,Jharkhand,2021-08-26
Jeet Varghese,Female,20,Ghaziabad,Uttar Pradesh,2022-08-02
Ekta Nadkarni,Female,37,Secunderabad,Kerala,2024-09-02
Odika Wali,Female,44,Madhyamgram,Mizoram,2024-12-30
Bimala Edwin,Female,38,Korba,Odisha,2023-08-15
Anthony Borra,Female,60,Muzaffarnagar,Tripura,2024-12-03
Yashoda Balay,Male,18,Jalandhar,West Bengal,2026-01-23
Vyanjana Shere,Male,19,Bhusawal,West Bengal,2022-04-19
Anita Srinivasan,Male,51,Hapur,Karnataka,2023-08-12
Chakradhar Bhatnagar,Female,67,Nagercoil,Gujarat,2021-12-06
Anthony Choudhary,Female,27,Kulti,Meghalaya,2022-05-22
Girindra Rattan,Male,58,Gandhidham,Karnataka,2023-10-07
Samesh Sinha,Male,68,Dewas,Sikkim,2025-09-10
Owen Banerjee,Female,34,Ozhukarai,Sikkim,2022-01-18
Jeet Mishra,Female,25,Allahabad,Himachal Pradesh,2024-04-22
Upasna Keer,Male,22,Mumbai,Sikkim,2024-03-08
Anamika Khurana,Male,58,Bhimavaram,Andhra Pradesh,2025-08-23
Indira More,Male,19,Asansol,Manipur,2023-06-19
Farhan Palan,Male,37,Rampur,Arunachal Pradesh,2024-05-24
Anya Shetty,Male,56,Morena,Andhra Pradesh,2026-05-21
Harita Basu,Male,34,Jamalpur,Tamil Nadu,2024-05-20
Chaman Dey,Male,26,Karawal Nagar,West Bengal,2025-12-03
Vidhi Prakash,Female,40,Jalandhar,Kerala,2026-01-15
Baghyawati Chaudhry,Male,40,Jaipur,Tripura,2023-01-04
Kiaan Karpe,Female,58,Vasai-Virar,Haryana,2025-11-20
Udant Bhalla,Male,25,Mumbai,Goa,2025-09-17
Damyanti Mall,Female,59,Lucknow,Andhra Pradesh,2023-06-29
Kritika Bhavsar,Male,61,Noida,Odisha,2024-11-01
Gauri Vala,Male,39,Jaunpur,Telangana,2022-01-09
Widisha Pai,Male,28,Bharatpur,Himachal Pradesh,2024-03-23
Zashil Dixit,Male,54,Ludhiana,Manipur,2024-01-30
Tanveer Raman,Male,62,Chinsurah,Mizoram,2024-07-07
Nirja Bhasin,Male,41,Nizamabad,Uttarakhand,2025-02-23
Harsh Venkatesh,Female,34,Raipur,Nagaland,2025-03-10
Abeer Gala,Female,32,Jorhat,Odisha,2022-06-08
Yahvi Vyas,Male,39,Parbhani,Karnataka,2024-07-19
Lajita Golla,Male,20,Karnal,Tripura,2023-11-16
Dakshesh Verma,Male,56,Gwalior,Kerala,2024-12-07
Om Yohannan,Male,31,Serampore,Madhya Pradesh,2024-02-05
Shravya Nagarajan,Male,61,Pallavaram,Uttar Pradesh,2021-10-02
Ekbal Jani,Female,24,Morena,Meghalaya,2026-05-15
Gayathri Gola,Male,67,Rampur,Punjab,2026-01-02
Urishilla Varghese,Male,40,Latur,Sikkim,2026-03-18
Ishaan Natarajan,Male,42,Kota,Maharashtra,2022-09-11
Dev Arora,Male,47,Pondicherry,Rajasthan,2021-07-07
Omisha Mitter,Female,53,Shivpuri,Chhattisgarh,2023-09-16
Tarak Kurian,Female,54,Bihar Sharif,Odisha,2023-08-31
Udyati Ghose,Female,62,Panipat,Assam,2022-08-23
Devansh Narain,Male,62,Udupi,Nagaland,2022-02-18
Gautami Kibe,Male,33,Shivpuri,Jharkhand,2024-12-07
Rushil Sarraf,Male,66,Jalandhar,Karnataka,2025-09-28
Januja Mangal,Male,42,Chinsurah,Andhra Pradesh,2026-04-02
Ekiya Deshpande,Male,58,Ambattur,Telangana,2024-11-05
Vrishti Balakrishnan,Male,34,Chandrapur,Uttarakhand,2024-07-30
Yashasvi Bhatt,Female,20,Chandigarh,Telangana,2023-05-16
Urvi Narasimhan,Male,62,Chittoor,Haryana,2023-03-03
Gaurangi Venkataraman,Female,61,Kottayam,Tamil Nadu,2023-10-10
Ishani Bawa,Male,43,Gaya,Assam,2021-07-16
Joshua Nagarajan,Female,24,Jaunpur,Sikkim,2022-03-02
Amruta Bajaj,Male,56,Bhind,Gujarat,2023-04-04
Ranveer Bali,Male,66,Bareilly,Andhra Pradesh,2021-07-21
Quincy Andra,Female,45,Sagar,Mizoram,2024-05-31
Lakshit Tata,Male,67,Sangli-Miraj & Kupwad,Himachal Pradesh,2021-08-23
Ethan Thakur,Female,53,Anand,Punjab,2024-03-26
Ekbal Brahmbhatt,Male,30,Kochi,Uttarakhand,2025-12-12
Logan Kanda,Female,28,Mirzapur,Rajasthan,2022-10-25
Pranit Srinivas,Female,69,Bhagalpur,Maharashtra,2025-12-02
Prisha Wadhwa,Female,21,Rajpur Sonarpur,Nagaland,2025-04-24
Nicholas Dubey,Female,22,Pondicherry,Sikkim,2025-03-19
Qabil Randhawa,Male,69,Karimnagar,Manipur,2021-11-05
Ethan Sarma,Male,29,Begusarai,Assam,2022-08-02
Lipika Bajaj,Female,58,Bahraich,Gujarat,2023-04-14
Viraj Chad,Female,59,Haldia,Mizoram,2022-05-01
Harita Nayar,Male,40,Tinsukia,Tripura,2021-07-27
Indali More,Female,26,Dehradun,Jharkhand,2024-03-12
Panini Borde,Male,64,Burhanpur,Uttar Pradesh,2023-01-12
Praneel Palla,Female,61,Srinagar,Bihar,2023-05-11
Rajata Kaul,Male,28,Rampur,Jharkhand,2025-05-02
Odika Prabhu,Male,29,Warangal,Arunachal Pradesh,2026-05-17
Chaitaly Natarajan,Male,20,Mathura,Telangana,2021-08-20
Diya Borah,Male,45,Danapur,Andhra Pradesh,2025-11-22
Chaaya Varghese,Female,37,Howrah,West Bengal,2025-07-24
Manthan Tripathi,Female,62,Ludhiana,West Bengal,2022-04-22
Sarthak Jani,Male,19,Bhilai,Madhya Pradesh,2023-01-11
Anthony Chanda,Male,51,Allahabad,Gujarat,2024-05-27
Advik Swaminathan,Female,38,Tezpur,Sikkim,2022-12-01
Aachal Saxena,Female,21,Mau,Bihar,2024-02-17
Devika Iyer,Female,50,Satara,Punjab,2022-01-10
Jalsa Sarna,Male,36,Bulandshahr,Tamil Nadu,2022-05-17
Jagrati Venkatesh,Female,37,Khora ,Gujarat,2024-11-10
Varsha Kala,Female,30,Bhavnagar,Karnataka,2021-08-21
Yashica Sharaf,Male,67,Alappuzha,Arunachal Pradesh,2023-12-29
Tamanna Palan,Female,56,Sagar,Mizoram,2024-10-02
Reyansh Kapoor,Female,63,Mahbubnagar,Andhra Pradesh,2022-06-26
Amol Sunder,Female,65,Kochi,Telangana,2026-01-13
Tripti Mall,Female,66,Parbhani,Odisha,2026-05-15
Tristan Purohit,Female,60,Mahbubnagar,Odisha,2024-08-31
Kashish Puri,Female,68,Suryapet,West Bengal,2024-08-13
Tanveer Nayak,Female,34,Junagadh,Odisha,2024-05-03
Reyansh Seth,Female,30,Gaya,Kerala,2026-06-03
Janaki Tiwari,Male,40,Nandyal,Gujarat,2025-07-24
Tara Din,Female,45,Chittoor,Gujarat,2023-05-30
Indira Goda,Male,45,Sultan Pur Majra,Goa,2022-04-16
Matthew Bhatt,Male,66,Narasaraopet,Jharkhand,2025-11-07
Geetika Sarna,Male,35,Sangli-Miraj & Kupwad,Andhra Pradesh,2025-05-16
Raagini Sharma,Male,56,Gandhidham,Punjab,2021-08-04
Eesha Som,Male,29,Srikakulam,Punjab,2024-10-19
Kala Raghavan,Male,29,Arrah,Mizoram,2022-03-08
Qabil Lad,Male,25,Buxar,Madhya Pradesh,2021-08-13
Triya Bhandari,Female,29,Mehsana,Meghalaya,2022-08-02
Pushti Thaker,Male,62,Gulbarga,Andhra Pradesh,2025-06-01
Anita Ratta,Male,62,Tinsukia,Arunachal Pradesh,2024-02-15
Mitesh Chauhan,Female,62,Siwan,Maharashtra,2026-06-13
Samarth Mann,Male,22,Ludhiana,Tripura,2022-08-22
Radha Bhasin,Male,22,Navi Mumbai,Arunachal Pradesh,2023-09-28
Mohammed Mann,Male,25,Ghaziabad,Andhra Pradesh,2024-09-08
Jeet Bail,Female,34,Chandigarh,Bihar,2024-11-20
Dominic Kala,Female,28,Ujjain,Madhya Pradesh,2026-02-22
Raksha Bala,Female,66,Tezpur,Himachal Pradesh,2024-07-27
Chandresh Deol,Male,59,Kanpur,Haryana,2025-04-04
Amol Dewan,Male,53,Pondicherry,Tamil Nadu,2025-02-09
Atharv Dugal,Male,32,Tiruchirappalli,Tripura,2024-05-22
Zinal Mishra,Male,61,Ramagundam,Gujarat,2025-05-24
Nandini Thaker,Female,25,Begusarai,Nagaland,2022-06-26
Agastya Garde,Female,43,Mau,Bihar,2021-07-04
Lipika Sandhu,Male,35,Kharagpur,Kerala,2024-10-21
Ubika Kurian,Male,28,Karawal Nagar,Himachal Pradesh,2024-01-17
Anita Nath,Male,38,Gulbarga,Mizoram,2024-04-18
Manthan Ravi,Female,64,Deoghar,Arunachal Pradesh,2024-01-18
Udant Sharaf,Male,55,Guntur,Himachal Pradesh,2025-12-08
Zinal Pillai,Male,22,Davanagere,Karnataka,2024-10-26
Amol Dash,Female,26,Ghaziabad,Karnataka,2022-12-09
Neelima Hayer,Male,24,Panchkula,Gujarat,2025-05-20
Pratyush Raval,Female,59,Gaya,Goa,2022-09-14
Udarsh Tiwari,Male,42,Orai,Assam,2022-08-07
Yachana Mani,Male,40,Ghaziabad,Madhya Pradesh,2025-01-21
Jason Soman,Male,24,Ahmednagar,Odisha,2026-05-18
Wishi Deshmukh,Female,67,Bilaspur,Karnataka,2021-08-09
Lakshit Chaudhari,Male,62,Karawal Nagar,Punjab,2023-07-13
Frederick Chad,Female,32,Tezpur,Uttar Pradesh,2021-07-10
Yash Chad,Female,58,Dindigul,Bihar,2025-05-21
Manthan Walia,Male,61,Udupi,Bihar,2025-03-07
Charita Mitra,Male,41,Jalna,Odisha,2021-12-13
Faqid Hayer,Male,57,Vasai-Virar,Goa,2024-08-04
Harrison Savant,Female,57,Malegaon,Manipur,2022-09-27
Jagat Bobal,Male,32,Uluberia,Andhra Pradesh,2023-08-09
Luke Tank,Male,46,Guwahati,Karnataka,2021-07-11
Nitesh Barad,Female,67,Raiganj,Tripura,2023-01-31
Ranveer Tripathi,Male,61,Guwahati,Assam,2024-01-14
Thomas Dass,Male,56,Ramgarh,Tripura,2022-07-25
Kabir Vig,Male,31,Jaipur,Uttar Pradesh,2024-02-20
Anusha Tara,Male,70,Bharatpur,Uttar Pradesh,2024-12-01
Adweta Nanda,Female,31,Malda,Nagaland,2022-10-06
Upasna Bajaj,Female,65,Imphal,Kerala,2021-08-16
Lakshmi Saini,Male,64,Bhusawal,Maharashtra,2025-06-23
Fitan Kapadia,Female,31,Shivpuri,Arunachal Pradesh,2022-10-19
Ranbir Kar,Female,64,Nizamabad,Jharkhand,2023-07-15
Fitan Purohit,Male,60,Sambhal,Uttarakhand,2021-09-24
Tanmayi Bassi,Female,29,Chandrapur,Nagaland,2023-12-25
Dominic Sahni,Male,46,Nangloi Jat,Punjab,2023-12-11
Aarini Gole,Female,25,Guna,Arunachal Pradesh,2022-05-07
Vinaya Bala,Male,18,Bhiwandi,Gujarat,2024-04-11
Krishna Om,Male,34,Panihati,Andhra Pradesh,2025-12-09
Rajata Chawla,Female,32,Karaikudi,Jharkhand,2022-04-24
Yasti Narang,Male,29,Mirzapur,Meghalaya,2024-04-30
Darpan Rai,Male,28,Imphal,Mizoram,2021-07-29
Yashoda Jha,Male,40,Jaipur,Karnataka,2022-11-04
Oni Naik,Male,56,Ludhiana,Bihar,2023-09-20
Maanav Basak,Female,65,Tiruvottiyur,Bihar,2022-10-19
Riya Kapur,Female,46,Sri Ganganagar,Assam,2024-11-13
Jhalak Pal,Male,44,Berhampore,Tripura,2024-07-29
Lakshit Sidhu,Male,57,Guna,Uttarakhand,2021-08-25
Girik Arora,Male,31,Bhopal,Odisha,2022-12-04
Harita Kunda,Male,54,Bijapur,Haryana,2025-05-04
Aditya Lala,Male,35,Kolhapur,Kerala,2024-01-29
Charita Badami,Female,25,Thanjavur,Meghalaya,2026-01-31
Bhavika Bava,Male,26,Tirunelveli,Nagaland,2022-08-23
Lipika Swamy,Female,46,Rewa,Maharashtra,2022-01-01
Tanish Mani,Male,36,Kurnool,Kerala,2025-12-04
Shaurya Nagi,Male,48,Meerut,Kerala,2021-09-30
Om Bhardwaj,Female,21,Ambattur,Uttar Pradesh,2024-08-05
Aashi Dyal,Female,44,Jaipur,Haryana,2025-11-26
Lucky Bir,Male,36,Mysore,Madhya Pradesh,2025-11-01
Anirudh Kunda,Female,36,Malda,Meghalaya,2026-04-25
Darsh Tiwari,Female,30,Bongaigaon,Nagaland,2026-02-28
Abhiram Choudhry,Female,61,Bhubaneswar,Arunachal Pradesh,2022-11-25
Nathaniel Kota,Female,33,Kozhikode,Nagaland,2023-11-01
Garima Aurora,Female,69,Tezpur,Mizoram,2024-03-12
Upasna Saraf,Female,32,Durg,Goa,2022-04-25
Dhriti Nath,Female,32,Dharmavaram,Haryana,2024-10-06
Laksh Ramakrishnan,Male,44,Bhusawal,Bihar,2023-08-14
Yamini Singh,Male,61,Arrah,Uttarakhand,2024-01-10
Netra Deshmukh,Male,54,Kishanganj,Telangana,2024-07-13
Vedika Chaudhuri,Female,52,Latur,Rajasthan,2023-08-01
William Shroff,Male,68,Bongaigaon,Karnataka,2025-03-25
Nirja Kanda,Female,58,Nadiad,Odisha,2022-07-25
Nirja Nath,Male,38,Varanasi,Kerala,2024-10-16
Krishna Singh,Male,41,Durgapur,Nagaland,2022-06-02
Pallavi Raman,Female,63,Machilipatnam,Maharashtra,2023-10-01
Vedant Saraf,Female,37,Noida,Assam,2024-12-15
Zaid Saxena,Female,30,Srikakulam,Tripura,2021-10-08
Ekantika Koshy,Male,55,Raipur,Karnataka,2025-08-25
Luke Gokhale,Female,48,Secunderabad,Tripura,2023-07-17
Ikbal Sheth,Female,61,Mau,Gujarat,2025-01-09
Abha Sarin,Female,56,Udaipur,Karnataka,2022-11-08
Bishakha Kohli,Male,64,Kavali,Telangana,2026-05-12
Ekbal Parekh,Male,43,Tiruchirappalli,Madhya Pradesh,2022-05-16
Owen Kakar,Male,49,Bhagalpur,Haryana,2025-11-24
Charan Dutt,Male,40,Rajkot,Jharkhand,2023-01-04
Jatin Johal,Male,61,Gudivada,Mizoram,2025-07-21
Mason Mukherjee,Male,52,Raebareli,Andhra Pradesh,2021-10-27
Charan Nanda,Male,20,Kottayam,Arunachal Pradesh,2023-12-15
Chaman Char,Male,68,Muzaffarnagar,Tamil Nadu,2021-07-11
Jai Parmar,Male,34,Panihati,Odisha,2024-02-15
Nidhi Wali,Male,18,Gopalpur,Odisha,2026-04-29
Vincent Pandit,Female,60,Amaravati,Uttar Pradesh,2025-06-29
Tristan Bali,Female,30,Sri Ganganagar,Haryana,2023-12-28
Charita Sundaram,Female,30,Phagwara,Andhra Pradesh,2022-06-24
Rudra Buch,Female,62,Panvel,Nagaland,2022-01-09
Upadhriti Borah,Female,53,Aizawl,Maharashtra,2024-10-10
Bachittar Khare,Female,26,Gulbarga,Haryana,2024-12-25
Zansi Thaman,Male,36,Farrukhabad,Arunachal Pradesh,2023-09-18
Jagat Apte,Female,66,Bhiwani,Tamil Nadu,2024-06-23
Ria Dua,Male,20,Katihar,Madhya Pradesh,2023-04-27
Nathaniel Talwar,Female,43,Amroha,Sikkim,2021-12-17
Ekiya Banerjee,Male,49,Warangal,Punjab,2022-02-21
Lucky Varkey,Female,30,Latur,Bihar,2022-03-13
Shivansh Swaminathan,Female,70,Udupi,Mizoram,2021-11-20
Ojas Mani,Female,55,Shimoga,Punjab,2024-01-07
Rajeshri Sura,Male,50,Dharmavaram,Meghalaya,2025-12-06
Orinder Sundaram,Female,38,Karimnagar,Kerala,2022-12-01
Upkaar Koshy,Female,31,Surendranagar Dudhrej,Gujarat,2021-08-03
Bhavini Mistry,Male,70,Rohtak,Andhra Pradesh,2022-07-27
Pranit Mandal,Female,58,Chandigarh,Maharashtra,2024-10-16
Tanmayi Gola,Male,60,Bharatpur,Gujarat,2023-10-26
Gaurav Raja,Male,21,Bhatpara,Meghalaya,2023-10-04
Dakshesh Choudhry,Male,41,Bhilai,Mizoram,2026-04-29
Pranit Karpe,Male,31,Munger,Himachal Pradesh,2025-04-19
Meghana Walia,Female,29,Gudivada,Goa,2025-08-23
Anjali Sheth,Female,46,Kakinada,Tripura,2025-10-29
Nathan Raval,Female,61,Udaipur,Tripura,2025-12-14
Imaran Dey,Female,58,Ambarnath,Himachal Pradesh,2022-06-11
Jack Sawhney,Male,70,Bhatpara,Telangana,2022-06-30
Harish Varughese,Female,33,Ghaziabad,Telangana,2021-10-03
Oscar Basu,Male,35,Haridwar,Bihar,2021-08-27
Ladli Tella,Female,29,Saharanpur,Madhya Pradesh,2022-09-22
Tripti Shetty,Female,66,Kadapa,Sikkim,2023-04-26
Tanmayi Mammen,Male,22,Ujjain,Uttarakhand,2024-04-24
Sai Palla,Female,46,Kumbakonam,Telangana,2022-03-22
Chakradev Shanker,Male,60,Visakhapatnam,Bihar,2022-02-26
Bhavani Korpal,Female,37,Jorhat,Rajasthan,2024-06-26
Turvi Rana,Female,41,Bhiwandi,Nagaland,2026-03-22
Yauvani Chad,Male,29,Danapur,Haryana,2025-07-01
Banjeet Krishnamurthy,Male,51,Barasat,Nagaland,2024-11-15
Hitesh Morar,Male,57,Jaipur,Karnataka,2023-05-26
Jeet Mutti,Male,21,Hubli–Dharwad,Sikkim,2025-06-22
Raksha Pai,Male,53,Kottayam,Jharkhand,2024-03-31
Upasna Krishnan,Female,22,Latur,Punjab,2025-08-24
Saksham Shankar,Female,28,Satna,West Bengal,2024-11-22
Shravya Gola,Male,47,Kozhikode,Mizoram,2024-12-19
Logan Vora,Female,65,Bhagalpur,Punjab,2025-09-17
Tripti Lala,Female,43,Pallavaram,Bihar,2025-03-08
Robert Subramaniam,Female,59,Madurai,Andhra Pradesh,2025-11-17
Siya Kothari,Male,25,Kota,Sikkim,2025-08-20
Amruta Palla,Female,39,Mumbai,Himachal Pradesh,2022-05-29
Ekani Dalal,Male,39,Amroha,Jharkhand,2022-01-28
Zehaan Venkataraman,Female,59,Aligarh,Assam,2024-08-19
Hitesh Saini,Female,66,Rewa,Rajasthan,2022-08-24
Netra Buch,Male,53,Meerut,Madhya Pradesh,2024-02-15
Advaith Majumdar,Male,46,Shivpuri,Assam,2021-10-18
Devansh Mitter,Male,69,Erode,Maharashtra,2024-12-15
Wriddhish Mann,Female,25,Munger,Karnataka,2021-10-01
Rajeshri Shankar,Male,26,Bardhaman,West Bengal,2022-12-24
Christopher Nagarajan,Male,58,Jamshedpur,Mizoram,2023-10-24
Sathvik Bava,Female,45,Nandyal,Bihar,2022-10-12
Tanveer Padmanabhan,Male,35,Thrissur,Goa,2023-02-20
Rushil Deo,Female,26,Ambattur,Maharashtra,2026-05-04
Chandani Bose,Male,18,Agartala,Uttar Pradesh,2026-04-24
Ubika Dey,Male,70,Sri Ganganagar,Chhattisgarh,2023-06-17
Lakshmi Dua,Female,32,Bongaigaon,Kerala,2022-10-04
Gavin Rajagopalan,Female,66,Bulandshahr,Gujarat,2021-10-25
Nitara Naik,Male,38,Firozabad,Haryana,2021-10-29
Urvi Ganesan,Male,66,Thane,Gujarat,2022-07-13
Krishna Mishra,Male,56,Berhampur,Karnataka,2026-02-22
Wishi Balan,Female,39,Dharmavaram,Uttarakhand,2025-06-14
Rishi Baral,Male,43,Gaya,Rajasthan,2023-05-20
Liam Prashad,Female,42,Aligarh,Madhya Pradesh,2026-01-28
Rachit Bora,Male,53,Sambalpur,Punjab,2025-05-13
Rachana Bandi,Female,22,Mehsana,Karnataka,2023-11-06
Prisha Sharma,Female,27,Burhanpur,Jharkhand,2022-05-03
Akshay Merchant,Female,24,Mumbai,Rajasthan,2023-04-12
Peter Khalsa,Female,66,Tirunelveli,Gujarat,2024-11-14
Jacob Rege,Male,62,Lucknow,Andhra Pradesh,2022-08-16
Watika Brar,Female,48,Bhilai,Uttar Pradesh,2026-05-09
Urvi Ghose,Female,28,Haridwar,Kerala,2024-06-19
Gopal Jayaraman,Female,40,Malegaon,Odisha,2024-06-01
Adweta Nath,Female,34,Hindupur,Uttarakhand,2026-05-11
Chandresh Sridhar,Male,20,Amravati,Manipur,2024-05-22
Max Pal,Female,36,Serampore,Mizoram,2023-12-18
Harita De,Female,31,Delhi,Tamil Nadu,2025-04-13
Fariq Bumb,Female,39,Guntur,Manipur,2023-05-08
Bhavini Varma,Male,52,Katihar,Jharkhand,2026-01-28
Adya Majumdar,Female,21,Singrauli,Maharashtra,2023-09-01
Kamala Gupta,Male,20,Imphal,Nagaland,2023-01-20
Nikita Deo,Female,42,Kamarhati,Tamil Nadu,2023-07-09
Vamakshi Panchal,Male,38,Machilipatnam,Madhya Pradesh,2024-10-15
Ekiya Soman,Female,28,Siliguri,Madhya Pradesh,2021-12-30
Fiyaz Dasgupta,Male,60,Avadi,Sikkim,2022-08-21
Xiti Thaker,Female,34,Karawal Nagar,Himachal Pradesh,2021-06-27
Chandresh Vala,Female,43,Tadipatri,Sikkim,2025-11-26
Amaira Hari,Male,37,Davanagere,Tamil Nadu,2024-08-04
Janya Dasgupta,Male,42,Machilipatnam,Goa,2024-09-14
Gautami Aggarwal,Female,21,Anantapur,Jharkhand,2023-05-30
Priya Varkey,Female,62,Morbi,Goa,2021-08-13
Suhani Zachariah,Male,38,Ludhiana,Uttarakhand,2021-12-24
Kamala Dhawan,Male,40,Durg,Madhya Pradesh,2025-10-11
Balhaar Din,Female,35,Durgapur,Sikkim,2022-01-01
Naveen Pai,Female,62,Sasaram,Manipur,2024-10-17
Hema Narayanan,Male,30,Raichur,Uttar Pradesh,2025-05-24
Eesha Patla,Female,27,Bulandshahr,West Bengal,2021-07-27
Gauri Kalita,Male,39,Bathinda,Haryana,2022-08-04
Aditya Singh,Male,23,Tirupati,Tamil Nadu,2023-10-03
Banjeet Balakrishnan,Male,35,Eluru,Assam,2024-08-22
Adya Deshpande,Female,51,Guntakal,Rajasthan,2023-08-15
Reyansh Prashad,Female,64,Ambarnath,Goa,2024-07-31
Isaac Shukla,Female,51,Panchkula,Assam,2025-01-06
Garima Oak,Female,49,Siliguri,Rajasthan,2023-11-27
Sai Vig,Female,57,Bathinda,Chhattisgarh,2024-03-29
Sanya Koshy,Female,22,Motihari,Uttar Pradesh,2022-04-23
Anita Manda,Female,62,Ahmedabad,Punjab,2025-08-04
Jeet Arora,Female,23,Hindupur,Sikkim,2025-08-12
Rudra Varghese,Male,65,Jaipur,Uttar Pradesh,2024-11-02
Warjas Dyal,Male,28,New Delhi,Chhattisgarh,2024-05-21
Radha Lal,Female,24,Vijayawada,Goa,2022-11-30
Eesha Pingle,Male,47,Durg,Odisha,2023-11-12
Praneel Batra,Female,57,Barasat,Arunachal Pradesh,2021-10-27
Sudiksha Kota,Male,21,Sambalpur,Nagaland,2025-09-17
Hiral Kuruvilla,Female,30,Mumbai,Chhattisgarh,2021-06-24
Yahvi Sangha,Female,47,Bihar Sharif,Gujarat,2024-05-14
Wazir Sule,Male,45,Satara,Karnataka,2025-11-07
Bhavini Panchal,Female,32,Kozhikode,Goa,2024-10-15
Gopal Zachariah,Female,55,Salem,Tamil Nadu,2022-12-12
Jyoti Sen,Male,61,Vijayanagaram,Arunachal Pradesh,2024-10-26
Tamanna Bhatti,Male,40,Gandhidham,Chhattisgarh,2023-10-13
Abeer Varughese,Female,24,Hajipur,Karnataka,2023-10-01
Orinder Kumer,Female,61,Ludhiana,Tamil Nadu,2023-05-31
Gagan Nath,Male,55,Tadipatri,Tripura,2023-06-15
Pooja Sridhar,Male,29,Mysore,Chhattisgarh,2024-06-01
Veer Biswas,Male,68,Gandhidham,Tamil Nadu,2025-04-18
Lipika Lad,Male,39,Miryalaguda,Rajasthan,2024-04-24
Upkaar Balan,Female,63,Ulhasnagar,Rajasthan,2025-06-08
Maanas Nazareth,Male,66,North Dumdum,Haryana,2022-08-10
Girindra Kumar,Male,28,Jorhat,Tripura,2022-02-05
Jack Saxena,Female,39,Mangalore,Uttarakhand,2022-03-28
Azaan Devan,Female,24,Mysore,Nagaland,2024-10-18
Ayaan Misra,Male,46,Bidhannagar,West Bengal,2024-09-16
Gaurang Morar,Female,23,Vellore,Meghalaya,2025-02-07
Brinda Bal,Male,20,Thrissur,Punjab,2021-11-02
Zayyan Choudhury,Female,20,Ajmer,Karnataka,2024-03-15
Nitesh Garde,Female,47,Anantapur,Nagaland,2026-05-26
Jagat Chawla,Female,68,Chandigarh,Uttarakhand,2024-12-13
Chandran Nazareth,Male,55,Aligarh,Tripura,2026-04-17
Kalpit Viswanathan,Male,22,Durgapur,Uttar Pradesh,2026-02-27
Hritik Dalal,Female,63,Salem,Maharashtra,2024-08-29
Maanas Mohan,Male,24,Kolhapur,West Bengal,2023-10-05
Qadim Prabhu,Female,45,Ongole,Tamil Nadu,2025-10-22
Neha Sant,Male,50,Dehradun,Assam,2022-07-29
Jalsa De,Female,32,Sultan Pur Majra,Rajasthan,2021-08-20
Nandini Kibe,Female,65,Kulti,Kerala,2023-09-08
Sarthak Vig,Male,22,Kumbakonam,Sikkim,2021-11-15
Max Khatri,Female,42,Bilaspur,Mizoram,2022-02-15
Avi Rajagopal,Male,56,Siliguri,Haryana,2025-03-08
Lopa Magar,Male,29,Medininagar,Sikkim,2021-07-29
Bhavika Chacko,Female,53,Machilipatnam,Manipur,2022-04-28
Shivansh Parmer,Male,28,Shimoga,Haryana,2022-06-30
Ijaya Hans,Female,67,Sambhal,Rajasthan,2023-03-30
Hemani Mammen,Female,50,Etawah,Arunachal Pradesh,2026-06-02
Radha Raghavan,Female,32,Suryapet,Himachal Pradesh,2023-02-28
Dalaja Dixit,Female,49,Ramagundam,Assam,2022-09-06
Madhav Ratta,Female,29,Mangalore,Chhattisgarh,2025-07-17
Chakrika Varkey,Male,26,Srinagar,Madhya Pradesh,2022-12-17
Yatin Choudhury,Male,41,Vijayanagaram,Gujarat,2023-04-30
Indali Khosla,Male,69,Dharmavaram,Punjab,2023-04-04
Amruta Bir,Male,63,Moradabad,Karnataka,2023-02-05
Vyanjana Desai,Male,30,Hajipur,Telangana,2021-07-20
Gunbir Comar,Female,54,Sri Ganganagar,Manipur,2026-03-08
Advaith Venkatesh,Male,47,Jalgaon,Bihar,2021-12-16
Vritti Lad,Female,28,Satna,Jharkhand,2021-06-21
Abdul Ranganathan,Female,65,Dhule,Himachal Pradesh,2022-12-18
Fariq Chand,Male,19,Bally,Haryana,2022-02-28
Hemani Malhotra,Male,65,Guntur,Madhya Pradesh,2024-11-21
Varsha Chadha,Male,61,Jammu,Chhattisgarh,2021-12-14
Zayan Deshmukh,Female,42,Tirunelveli,Meghalaya,2021-09-17
Ranbir Jani,Male,60,Kulti,Telangana,2024-03-15
Zaid Mall,Male,45,Chittoor,Arunachal Pradesh,2025-12-27
Kevin Sharma,Male,37,Mehsana,Gujarat,2025-02-17
Rajeshri Seth,Female,67,Bhusawal,Nagaland,2026-03-31
Dhriti Chhabra,Male,22,Hubli–Dharwad,Tamil Nadu,2023-01-29
Atharv Dara,Male,29,Kolkata,Bihar,2024-09-14
Samesh Gill,Male,35,Shahjahanpur,Karnataka,2026-03-27
Ethan Boase,Female,59,Jalgaon,Goa,2024-02-13
Watika Chandran,Male,62,Orai,Sikkim,2025-05-06
Luke Nair,Male,65,Bareilly,Andhra Pradesh,2026-01-10
Ansh Das,Female,21,Amravati,Himachal Pradesh,2023-12-29
Triya Dora,Female,65,Chapra,Chhattisgarh,2022-08-09
Jhalak Karpe,Male,36,Bhubaneswar,Maharashtra,2022-01-28
Saumya Chauhan,Male,29,Karimnagar,Rajasthan,2023-09-03
Dominic Kari,Female,26,Karaikudi,Arunachal Pradesh,2025-01-02
Ekapad Sinha,Female,30,Tenali,Maharashtra,2026-01-08
Vedant Dar,Male,35,Gangtok,Nagaland,2022-12-19
Dipta Khalsa,Male,54,Amroha,Nagaland,2022-06-29
Tejas Tella,Female,52,Pondicherry,Assam,2023-03-29
Yutika Joshi,Female,40,Erode,Manipur,2022-05-20
Advik Sur,Male,50,Pune,Tamil Nadu,2026-01-20
Amaira Devi,Female,38,South Dumdum,Andhra Pradesh,2022-05-13
Sudiksha Agrawal,Female,42,Malda,Nagaland,2025-08-08
Amruta Loyal,Female,35,Medininagar,Kerala,2025-06-27
Wakeeta Pall,Female,64,Bharatpur,Kerala,2025-01-02
Girindra Kala,Female,44,Vadodara,Uttarakhand,2024-08-03
Ridhi Srivastava,Female,26,Pali,West Bengal,2025-02-28
Nitesh Grewal,Female,48,Aligarh,Tripura,2022-06-26
Chatresh Soman,Female,34,Bongaigaon,Odisha,2026-02-08
Nandini Sura,Male,56,Kadapa,Sikkim,2025-03-15
Arunima Tailor,Female,22,Ramagundam,Rajasthan,2023-08-04
Tripti Kibe,Male,22,South Dumdum,Odisha,2021-10-12
Reyansh Shere,Female,45,Kirari Suleman Nagar,Himachal Pradesh,2025-06-25
Xavier Guha,Female,37,Malegaon,West Bengal,2022-08-04
Upkaar Magar,Female,32,Unnao,Kerala,2022-04-06
Tristan Lala,Male,26,Ajmer,Odisha,2023-02-24
Gavin Nair,Male,46,Gangtok,Chhattisgarh,2024-07-29
Simon Kata,Female,57,Anantapur,Sikkim,2024-04-16
Gaurangi Narain,Female,28,Korba,Maharashtra,2025-04-04
Ekansh Mander,Female,58,Siwan,Mizoram,2024-06-12
Oliver Rana,Female,32,Jhansi,Mizoram,2023-09-01
Henry Date,Female,69,Munger,Chhattisgarh,2021-09-22
Rachit Vohra,Female,28,Khora ,Uttar Pradesh,2025-11-02
Pushti Saha,Male,51,Bhind,Telangana,2024-01-20
Geetika Nair,Male,22,Sirsa,Maharashtra,2021-08-13
Radhika Nagi,Female,48,Pudukkottai,Uttarakhand,2025-04-24
Daniel Shan,Male,65,Amroha,Sikkim,2023-11-30
Lipika Deep,Female,28,Nagercoil,Tripura,2021-07-10
Ronith Chana,Male,70,Haldia,Gujarat,2026-03-29
Ekantika Rastogi,Male,57,New Delhi,Mizoram,2022-03-04
Triya Gala,Male,67,Nagpur,Tamil Nadu,2025-10-03
Maya Narayan,Female,19,Suryapet,Arunachal Pradesh,2025-08-09
Leela Borah,Female,45,Moradabad,Mizoram,2024-02-02
Tristan Manda,Female,27,Nandyal,West Bengal,2021-09-10
Mahika Varkey,Female,36,Salem,Karnataka,2023-12-25
Aditya Bahl,Male,45,Nangloi Jat,Andhra Pradesh,2024-12-27
Aayush Swaminathan,Female,19,Tadipatri,Goa,2021-09-03
Avi Raval,Female,58,Asansol,Haryana,2026-04-14
Brinda Pau,Male,50,Warangal,Maharashtra,2024-07-06
Nachiket Ravi,Male,38,Bathinda,Mizoram,2025-04-02
Sai Tailor,Female,18,Vijayanagaram,Madhya Pradesh,2021-07-05
Ranveer Mann,Female,21,Raurkela Industrial Township,Goa,2022-08-21
Arin Kadakia,Female,62,Saharsa,West Bengal,2024-07-06
Chasmum Nanda,Male,18,Gandhidham,Odisha,2022-07-21
Pranav Yadav,Female,43,Vellore,Meghalaya,2021-07-09
Mason Dube,Female,56,Bahraich,Madhya Pradesh,2023-08-02
Liam Chaudhary,Male,21,Rourkela,Goa,2024-08-20
Jairaj Bandi,Female,26,Madhyamgram,Karnataka,2025-04-18
Indali Badami,Male,40,Ghaziabad,Chhattisgarh,2021-09-01
Lucky Ganguly,Female,64,Hubli–Dharwad,Meghalaya,2024-08-31
Raksha Som,Female,28,Ambala,Bihar,2021-12-29
Ati Naik,Female,63,Thanjavur,Madhya Pradesh,2025-07-29
Jagat Karnik,Male,67,Panipat,Tripura,2024-10-03
Aachal Pai,Female,41,Nagpur,Telangana,2025-11-08
Advay Kala,Female,41,Baranagar,Nagaland,2022-12-20
Aadhya Balasubramanian,Male,58,Ghaziabad,Arunachal Pradesh,2024-05-08
Ekantika Bhatia,Male,24,Karaikudi,Bihar,2023-01-16
Rachita Ramesh,Male,36,Muzaffarnagar,Tamil Nadu,2024-09-16
Noah Bala,Female,34,Tiruvottiyur,Bihar,2023-11-23
Yash Nagi,Female,42,Hubli–Dharwad,Uttar Pradesh,2025-02-07
Arunima Rama,Male,66,Etawah,Odisha,2023-04-27
Liam Venkatesh,Female,20,Coimbatore,Andhra Pradesh,2022-02-16
Yuvraj Warrior,Female,22,Avadi,Haryana,2022-10-27
Amara Tandon,Male,64,Nagaon,Odisha,2024-04-16
Tanish Maharaj,Male,48,Tezpur,Kerala,2026-05-25
Vidhi Nagi,Male,47,Srikakulam,Sikkim,2023-06-15
Nirja Issac,Female,25,Buxar,Goa,2024-07-07
Nirja Singhal,Male,45,Deoghar,Tripura,2025-05-09
Anjali Kamdar,Female,70,Bathinda,Sikkim,2024-01-13
Damyanti Halder,Female,56,Unnao,Maharashtra,2024-06-21
Advaith Sood,Male,24,Aurangabad,Punjab,2026-03-20
Sanya Mutti,Male,44,Belgaum,Haryana,2021-10-09
Shravya Sankar,Female,39,Singrauli,Sikkim,2021-08-11
Lipika Dixit,Male,37,Chapra,Gujarat,2025-11-22
Vidhi Shukla,Female,65,Kolkata,Himachal Pradesh,2026-03-08
Anya Mahajan,Female,48,Phagwara,Chhattisgarh,2025-02-19
Advay Dube,Female,59,Narasaraopet,Gujarat,2023-10-28
Zilmil Sinha,Female,45,Danapur,Sikkim,2021-12-11
Harini Anne,Female,61,Ichalkaranji,Sikkim,2022-04-11
Qabil Comar,Male,68,Anand,Gujarat,2025-02-25
Chandresh Nayak,Male,46,Alappuzha,Bihar,2023-10-11
George Keer,Male,30,Machilipatnam,Telangana,2025-02-03
Maanav Rajagopalan,Female,32,South Dumdum,Maharashtra,2026-03-17
Praneel Rana,Female,37,Khora ,Jharkhand,2023-02-13
Dominic Sood,Male,39,Anand,Nagaland,2022-06-17
Kavya Memon,Female,70,Sagar,Chhattisgarh,2024-11-29
Omya Munshi,Male,53,Katni,Tamil Nadu,2022-07-13
Azaan Randhawa,Female,60,Jorhat,Haryana,2026-04-30
Falguni Yogi,Female,69,Kochi,West Bengal,2022-03-17
Ati Chakraborty,Female,18,Tiruppur,Odisha,2021-07-11
Leena Cherian,Female,48,Shahjahanpur,Karnataka,2022-12-16
Ishwar Mittal,Female,39,Tadipatri,Arunachal Pradesh,2024-04-19
Daksh Karnik,Male,56,Bijapur,Tamil Nadu,2025-11-08
Unni Mital,Male,22,Patna,Sikkim,2024-03-06
Wishi Prakash,Male,49,Bongaigaon,Tripura,2022-01-10
Barkha Palan,Female,37,Ujjain,Madhya Pradesh,2024-12-10
Rachana Amble,Female,61,Pali,Goa,2025-04-02
Tripti Bir,Female,29,Asansol,Maharashtra,2022-06-22
Urmi Salvi,Female,49,Indore,Meghalaya,2022-08-16
Bakhshi Rai,Female,21,Amaravati,Kerala,2022-04-22
Dakshesh Sathe,Male,38,Sambhal,West Bengal,2023-06-13
Jack Memon,Male,62,Bhilai,Uttar Pradesh,2022-09-25
Robert Dave,Male,27,Agartala,Odisha,2022-12-21
Vinaya Kohli,Female,50,Jalandhar,Goa,2024-08-15
Isha Naik,Female,48,Kolkata,Punjab,2024-04-18
Forum Khatri,Male,27,Ozhukarai,Tamil Nadu,2022-03-19
Max Mitter,Male,54,Burhanpur,Assam,2022-12-18
Qabil Mangal,Female,49,Mumbai,Telangana,2024-05-05
Idika Bahl,Female,51,Singrauli,Meghalaya,2022-04-25
Ishita Dutta,Male,58,Orai,Goa,2024-05-24
Ishita Sahni,Female,70,Nagercoil,Rajasthan,2023-04-12
Praneel Goda,Female,63,Singrauli,West Bengal,2025-12-10
Geetika Andra,Female,18,Dehradun,Madhya Pradesh,2023-07-27
Unnati Bora,Male,33,Naihati,Punjab,2022-12-27
Samaksh Vasa,Female,40,Nizamabad,Uttar Pradesh,2022-02-25
Bishakha Prabhakar,Male,42,Amritsar,Uttar Pradesh,2024-10-31
Yashvi Banik,Female,68,Vasai-Virar,Karnataka,2024-11-01
Zaid Narula,Female,68,Farrukhabad,Uttar Pradesh,2024-02-02
Daniel Kamdar,Male,22,Meerut,Haryana,2026-02-18
Pahal Palla,Female,55,Silchar,Punjab,2022-04-01
Libni Toor,Female,64,Gopalpur,Tamil Nadu,2024-01-07
Om Yadav,Male,28,Guntur,Uttarakhand,2022-06-03
Naveen Lala,Male,60,Ahmednagar,Manipur,2023-12-02
Saumya Sachdev,Male,53,Nashik,Telangana,2022-01-29
Wyatt Korpal,Female,47,Hyderabad,Goa,2022-10-26
Charan Badal,Female,50,Berhampur,Punjab,2023-05-07
Warinder Som,Female,65,Warangal,Jharkhand,2022-04-18
Nathaniel Wagle,Male,61,Raichur,Karnataka,2022-02-19
Chavvi Soni,Male,61,Maheshtala,Tripura,2021-07-07
Abhiram Dutta,Female,43,Bareilly,Manipur,2022-09-16
Libni Bhandari,Female,25,Rampur,Assam,2022-01-26
Zilmil Jhaveri,Female,29,Farrukhabad,Punjab,2026-05-15
Aahana Chawla,Male,24,Siliguri,Karnataka,2024-04-10
Utkarsh Magar,Female,21,Etawah,Punjab,2024-11-18
Jagvi Garg,Male,39,Durg,Mizoram,2024-07-25
Arunima Chaudhari,Female,49,Shivpuri,Chhattisgarh,2024-08-04
Fitan Contractor,Male,36,Thiruvananthapuram,Karnataka,2025-11-11
Arjun Dash,Female,59,Nandyal,Bihar,2025-12-10
Darsh Kothari,Female,45,Kollam,Tamil Nadu,2026-06-20
Nakul Gour,Female,27,Shivpuri,West Bengal,2023-07-16
Yagnesh Barad,Female,59,North Dumdum,Himachal Pradesh,2023-10-01
Arunima Gour,Male,50,Ambattur,Bihar,2022-02-07
Daksha Bose,Male,34,Hajipur,Bihar,2025-07-20
Anya Dube,Male,38,Siliguri,Goa,2026-04-27
Chatura Chander,Male,28,South Dumdum,Tamil Nadu,2023-03-27
Falguni Joshi,Female,21,Ranchi,Himachal Pradesh,2022-10-28
Ganga Purohit,Male,69,Purnia,Rajasthan,2022-08-23
Gagan Arora,Female,49,Eluru,Manipur,2026-05-14
Rehaan Yogi,Male,50,Vadodara,Madhya Pradesh,2025-02-07
Indrajit Mammen,Female,47,Hapur,Punjab,2021-11-17
Neelima Suresh,Male,46,Kochi,Assam,2024-04-09
Brinda Sethi,Male,65,Mirzapur,Arunachal Pradesh,2024-07-08
Yachana Buch,Male,48,Bhatpara,Uttarakhand,2023-12-30
Ishani Wable,Female,66,Khandwa,Bihar,2026-02-14
Tanish Sandhu,Male,53,Ambattur,Tamil Nadu,2026-01-07
Oeshi Sahota,Female,20,Korba,Maharashtra,2023-01-09
Daniel Choudhury,Female,67,Mirzapur,Haryana,2022-04-24
Chakradev Ramachandran,Male,45,Panchkula,Haryana,2022-04-10
Aachal Varma,Female,38,Sasaram,Madhya Pradesh,2022-08-02
Nirja Rastogi,Male,20,Gandhinagar,Odisha,2025-04-25
Reyansh Boase,Female,53,Navi Mumbai,West Bengal,2025-11-05
Reyansh Sharma,Male,69,Faridabad,Assam,2025-10-19
Tamanna Mohan,Male,67,Latur,Manipur,2021-12-28
Madhav Mani,Female,18,Sasaram,Mizoram,2022-10-28
Hritik Rout,Male,29,Kulti,Tripura,2023-04-04
Yug Sarin,Female,56,Kalyan-Dombivli,West Bengal,2023-03-28
Rohan Kala,Female,42,Jaipur,West Bengal,2023-03-24
Joshua Choudhary,Female,32,Sagar,Sikkim,2025-10-10
Leena Tank,Female,34,Sri Ganganagar,Chhattisgarh,2025-04-05
Isaiah Kibe,Male,23,Hubli–Dharwad,Himachal Pradesh,2023-10-03
Ayush Prabhu,Female,56,Parbhani,Goa,2023-07-07
Aadi Rao,Female,68,Serampore,Goa,2021-11-27
Irya Verma,Female,18,Ulhasnagar,Sikkim,2025-03-16
Peter Gandhi,Male,67,Siliguri,Sikkim,2021-08-02
Turvi Kapadia,Female,37,Saharanpur,Rajasthan,2025-12-28
Joshua Sahota,Male,57,Dewas,Kerala,2026-01-29
Irya Bhakta,Female,32,Kolkata,Assam,2024-06-04
Ishwar Pathak,Female,53,Kota,Punjab,2023-09-03
Janya Ahluwalia,Male,58,Proddatur,Nagaland,2026-01-02
Frederick Doshi,Male,27,Vadodara,Jharkhand,2024-01-07
Siddharth Acharya,Male,57,Kavali,Nagaland,2022-07-26
Kai Modi,Male,50,Warangal,Jharkhand,2025-06-19
Indira Dubey,Female,33,Panchkula,Tamil Nadu,2022-09-20
Lajita Singhal,Male,44,Gorakhpur,Tripura,2024-06-29
Lakshit Parsa,Female,20,Kolkata,Chhattisgarh,2023-10-12
Ekaraj Mallick,Male,41,Fatehpur,Telangana,2026-03-23
Manan Bahl,Male,55,Hyderabad,Arunachal Pradesh,2023-12-24
Kavya Magar,Female,52,Tezpur,Gujarat,2023-10-08
Ekanta Gole,Female,58,Pallavaram,Assam,2022-04-30
Dakshesh Nayar,Male,35,Patna,Gujarat,2025-05-21
Vrinda Mital,Male,40,Gaya,Tamil Nadu,2026-05-04
Vrinda Wable,Female,18,Vijayawada,Bihar,2021-11-26
Ishita Vohra,Male,48,Sasaram,Rajasthan,2023-03-31
Anya Sheth,Male,38,Dindigul,Tripura,2023-01-07
Samaksh Ahuja,Female,41,Ludhiana,Sikkim,2024-11-25
Abdul Atwal,Female,68,Suryapet,Arunachal Pradesh,2023-03-15
Zayyan Agarwal,Female,47,Amravati,Chhattisgarh,2026-03-20
Rushil Kurian,Female,68,Maheshtala,Karnataka,2025-11-24
Siddharth Lanka,Female,49,Indore,Tamil Nadu,2021-12-27
Michael Dhingra,Female,62,Nangloi Jat,Andhra Pradesh,2021-12-24
Banjeet Loke,Male,38,Orai,Uttar Pradesh,2024-11-01
Neel Shroff,Male,57,Nagaon,West Bengal,2024-09-19
Priya Joshi,Male,45,Durgapur,Assam,2023-08-18
Baljiwan Ben,Male,58,Ichalkaranji,Nagaland,2022-07-28
Lekha Choudhury,Female,34,Miryalaguda,Manipur,2021-09-19
Mitesh Rastogi,Female,45,Bilaspur,Meghalaya,2025-03-27
Anita Pillai,Female,49,Surat,Manipur,2024-01-25
Harish Mitra,Female,41,Jamshedpur,Kerala,2022-04-29
Naveen Prakash,Male,37,Kharagpur,Bihar,2023-03-21
Yauvani Koshy,Male,63,Rampur,Mizoram,2022-10-31
Manya Dayal,Male,40,Etawah,Mizoram,2024-12-21
Bhavani Kapur,Female,68,Tirupati,Jharkhand,2022-07-23
Teerth Rajagopal,Female,36,Nellore,Madhya Pradesh,2025-05-12
Wyatt Joshi,Male,21,Shahjahanpur,Manipur,2024-05-11
Dipta Chopra,Male,26,Udaipur,Chhattisgarh,2025-04-04
Patrick Kurian,Male,48,Thane,Karnataka,2024-06-08
Upma Nigam,Female,44,Nadiad,Haryana,2021-07-04
Unnati Sachar,Female,64,Amravati,Haryana,2021-11-21
Nakul Patla,Female,59,Sasaram,Rajasthan,2023-07-15
Dakshesh Ben,Male,37,Mahbubnagar,Tamil Nadu,2024-08-13
Idika Wable,Male,66,Tirunelveli,Goa,2022-04-04
Geetika Raman,Female,54,Dewas,Telangana,2026-05-01
Anay Dani,Male,67,Rewa,Manipur,2024-09-06
Omaja Narayan,Male,64,Vijayanagaram,Sikkim,2024-12-01
Indira Kala,Male,54,Mehsana,Telangana,2022-04-01
Avni Buch,Female,47,Mysore,Manipur,2025-05-06
Wriddhish Cheema,Female,36,Mysore,Punjab,2022-09-05
Nisha Datta,Female,58,Berhampur,Madhya Pradesh,2021-08-03
Jeevika Uppal,Male,66,Bhusawal,Tripura,2024-03-26
Tamanna Mane,Male,67,Kishanganj,Himachal Pradesh,2025-05-15
Vansha Sharaf,Female,39,Jamshedpur,Telangana,2024-03-21
Wyatt Sarna,Female,42,Jaunpur,Tripura,2022-12-30
Reyansh Bedi,Female,47,Nagpur,Goa,2022-06-07
Gaurika Dua,Female,23,Singrauli,Arunachal Pradesh,2023-07-09
Fariq Kadakia,Male,29,Sultan Pur Majra,Haryana,2023-01-21
Abeer Gokhale,Female,23,Naihati,Gujarat,2023-06-15
Hemang Borra,Female,56,Jhansi,Andhra Pradesh,2024-08-24
Warjas Virk,Male,65,Hubli–Dharwad,Himachal Pradesh,2021-07-16
Aarav Divan,Female,64,Morena,Arunachal Pradesh,2025-05-06
Harinakshi Dugar,Female,32,Chinsurah,Goa,2021-12-13
Nitesh Aurora,Male,40,Madurai,Telangana,2024-11-11
Falak Mukhopadhyay,Female,43,Udaipur,Jharkhand,2025-10-25
Inaya Dugal,Female,50,Jamnagar,Uttarakhand,2022-05-14
Bhavani Mitter,Male,31,Anand,Gujarat,2021-06-25
Timothy Dixit,Female,30,Chennai,Himachal Pradesh,2024-07-25
Theodore Dhar,Female,36,Visakhapatnam,Manipur,2024-06-17
Aryan Chawla,Male,20,Varanasi,Andhra Pradesh,2022-08-09
Chanchal Kar,Male,68,Kanpur,Assam,2021-07-16
Max Kale,Female,64,Thiruvananthapuram,Karnataka,2026-01-10
Ucchal Shroff,Male,19,Udaipur,Odisha,2023-10-21
Devika Apte,Male,35,Tezpur,Punjab,2022-11-12
Chameli Pau,Male,54,Mirzapur,Rajasthan,2021-09-28
Vaishnavi Edwin,Female,39,Lucknow,Uttar Pradesh,2022-04-26
Nidra Palla,Male,44,Nagercoil,Kerala,2022-03-07
Akshay Banerjee,Male,21,Sambalpur,Himachal Pradesh,2023-04-23
Sai Hayre,Male,34,Gurgaon,Karnataka,2024-07-31
Siddharth Din,Female,55,Bhubaneswar,Haryana,2023-01-23
Ladli Dubey,Female,66,Rewa,Andhra Pradesh,2025-02-02
Isaiah Sankaran,Male,52,Kochi,Manipur,2023-07-26
Urishilla Patel,Male,31,Chittoor,Madhya Pradesh,2025-06-03
Krishna Buch,Male,62,Dharmavaram,Tamil Nadu,2024-11-02
Ayaan Butala,Male,18,Eluru,Tamil Nadu,2022-09-09
Osha Chakraborty,Male,29,Amroha,Telangana,2024-09-16
Praneel Oak,Male,28,Dewas,Uttarakhand,2024-12-20
Jai Pandey,Female,39,Visakhapatnam,Uttarakhand,2025-10-07
Finn Vyas,Female,33,Bhusawal,Uttar Pradesh,2025-06-06
Sanya Sagar,Female,54,Akola,West Bengal,2024-01-07
Ekavir Sule,Female,48,Buxar,Manipur,2026-05-15
Abhimanyu Saha,Female,52,Howrah,Assam,2026-02-19
Yug Golla,Female,21,Machilipatnam,Karnataka,2026-04-24
Jeet Sandhu,Male,20,Alwar,Bihar,2023-05-06
Saumya Choudhry,Female,65,Karimnagar,Karnataka,2023-02-04
Neel Sethi,Male,48,Faridabad,Uttar Pradesh,2025-08-14
Rudra Parmar,Female,52,Faridabad,Jharkhand,2022-10-05
Rajeshri Bhasin,Male,41,Vadodara,Kerala,2024-09-01
Ishani Gera,Female,19,Parbhani,Punjab,2023-12-10
Nilima Jani,Male,67,Kota,Haryana,2022-06-11
Nathaniel Kara,Male,67,Haridwar,Madhya Pradesh,2023-10-23
Mugdha Pingle,Female,57,Bhilwara,Sikkim,2026-03-16
Nakul Som,Male,39,Motihari,Maharashtra,2021-11-06
Agastya Som,Male,23,Amroha,Maharashtra,2022-12-03
Edhitha Prabhakar,Female,44,Bathinda,Rajasthan,2023-05-27
Ria Oommen,Female,37,Kavali,Mizoram,2024-08-01
Jagrati Panchal,Male,32,Sambhal,Karnataka,2021-07-20
Warhi Mangat,Male,41,Kanpur,Maharashtra,2026-04-07
Max Kanda,Female,60,Thanjavur,Nagaland,2023-11-26
Amaira Shetty,Female,21,Gorakhpur,Telangana,2024-05-17
Jairaj Bhasin,Female,52,Hapur,Bihar,2021-08-19
Geetika Saxena,Male,70,Gaya,Rajasthan,2023-08-16
Kevin Yogi,Male,29,Ramgarh,Karnataka,2022-03-24
Jonathan Bhakta,Female,23,Agra,Odisha,2024-07-05
Janya Kota,Male,57,Nadiad,Nagaland,2021-11-25
Turvi Seth,Male,51,Saharanpur,Haryana,2025-11-06
Ekani Shukla,Male,67,Tenali,Meghalaya,2021-12-20
Lavanya Sheth,Male,30,Pondicherry,Goa,2023-11-13
Sachi Thaman,Female,68,Rewa,Himachal Pradesh,2023-08-23
Mohini Iyer,Male,48,Jaipur,Manipur,2025-02-14
Ishanvi Peri,Female,69,Bathinda,Nagaland,2025-03-12
Amara Bose,Female,54,Durgapur,Assam,2021-10-05
Qadim Bhasin,Male,29,Vellore,Sikkim,2024-11-19
Udyati Rout,Female,53,Tumkur,Manipur,2022-05-28
Imaran Panchal,Male,50,Phagwara,Uttarakhand,2022-08-20
Chatura Rama,Male,42,Ranchi,Jharkhand,2023-01-16
Adweta Kala,Male,44,Anantapuram,Tripura,2023-01-01
Zinal Dave,Female,53,Sambalpur,Maharashtra,2021-12-09
Ridhi Bora,Female,42,Bathinda,Maharashtra,2024-07-19
Hredhaan Yohannan,Female,69,Maheshtala,Uttarakhand,2021-07-15
Xalak Dada,Female,43,Dibrugarh,Goa,2025-09-16
Faqid Kaur,Male,32,Ambattur,West Bengal,2023-07-19
Balendra Kashyap,Female,69,Surat,Odisha,2023-06-15
Arin Bhatti,Male,38,Bokaro,Tripura,2022-04-02
Veda Shankar,Male,58,Imphal,Telangana,2023-05-31
Yashvi Kota,Male,37,Aurangabad,Maharashtra,2022-02-18
Ekavir Narayan,Female,40,Bongaigaon,Meghalaya,2023-04-14
Thomas Mangat,Male,44,Udupi,Arunachal Pradesh,2023-05-02
Frederick Memon,Female,30,Malda,Goa,2024-12-30
Yauvani Sawhney,Female,56,Moradabad,Manipur,2024-09-14
Jalsa Tandon,Female,51,Sonipat,Madhya Pradesh,2023-11-20
Niharika Nath,Male,26,Surat,Haryana,2025-07-22
Neha Maharaj,Male,52,Mau,Madhya Pradesh,2026-03-09
Urvi Thaman,Male,48,Haldia,Chhattisgarh,2024-12-06
Maya Dara,Female,24,Tiruvottiyur,Meghalaya,2025-11-12
Faraj Memon,Female,55,Silchar,Arunachal Pradesh,2026-02-14
Ati Lala,Male,61,Bhilwara,Tamil Nadu,2023-10-03
Farhan Kumar,Male,69,Hazaribagh,Uttar Pradesh,2021-11-23
Elijah Rajagopal,Male,32,Danapur,Punjab,2025-03-24
Chandani Rajan,Male,29,Rajpur Sonarpur,Assam,2024-09-26
Logan Kalita,Male,34,Noida,Rajasthan,2023-08-30
Kalpit Chacko,Female,65,Muzaffarpur,Maharashtra,2023-01-11
Rishi Chaudhari,Female,25,Buxar,Telangana,2024-08-03
Niharika Roy,Male,21,Madanapalle,Arunachal Pradesh,2025-03-09
Alexander Chaudhary,Male,55,Madanapalle,Tamil Nadu,2023-07-25
Reyansh Viswanathan,Female,20,Kishanganj,Nagaland,2022-05-12
Mahika Bains,Female,42,Srikakulam,Karnataka,2025-02-21
Nicholas Devi,Male,31,Bidar,Karnataka,2024-02-08
Warinder Sarna,Female,62,Raurkela Industrial Township,Odisha,2025-12-05
Vrishti Lanka,Female,22,Motihari,Jharkhand,2023-05-19
Libni Bajaj,Female,44,Uluberia,Tamil Nadu,2024-09-30
Manbir Dugar,Male,27,Khandwa,Assam,2025-09-21
Zarna Mander,Male,36,Sambalpur,Tripura,2023-03-19
Lavanya Roy,Male,31,Fatehpur,Rajasthan,2021-12-21
Chaaya Mody,Female,68,Haridwar,Telangana,2022-12-28
Nitesh Arora,Male,52,Kharagpur,Goa,2021-10-22
Aarush Kannan,Female,38,Asansol,Gujarat,2024-10-05
Anya Ravi,Male,65,Firozabad,Mizoram,2023-01-05
Amaira Sani,Male,69,Tezpur,Kerala,2023-02-01
Pavani Sood,Male,27,Chennai,Karnataka,2025-09-30
Ekalinga Bandi,Female,40,Loni,Bihar,2023-04-24
Warda Chadha,Male,41,Akola,Telangana,2024-04-04
Kevin Srinivas,Male,37,Sambhal,Kerala,2022-03-28
Rohan Barman,Male,23,Alappuzha,Mizoram,2021-10-05
Bhavika Menon,Male,62,Raebareli,West Bengal,2021-10-15
Jason Sidhu,Male,32,Ghaziabad,Meghalaya,2023-03-18
Nathan Ravel,Male,64,Farrukhabad,Jharkhand,2021-08-12
Vedant Chauhan,Female,55,Ahmednagar,Uttar Pradesh,2022-09-01
Krish Goswami,Female,32,Sambalpur,Odisha,2023-11-07
Hiral Varma,Male,42,Arrah,Tamil Nadu,2021-06-29
Finn Tiwari,Female,47,Bareilly,Uttarakhand,2025-05-23
Chameli Borde,Female,28,Sambalpur,Tamil Nadu,2024-10-09
Aishani Bahl,Male,70,Farrukhabad,Tamil Nadu,2021-12-16
Adweta Raju,Male,34,Chandrapur,Goa,2024-07-31
Priya Sant,Male,39,Kishanganj,Meghalaya,2025-04-13
Pushti Kant,Female,47,Gorakhpur,Rajasthan,2022-08-01
Turvi Dara,Male,51,Ambattur,Mizoram,2025-10-25
Yachana Nagarajan,Male,27,Jaunpur,Assam,2022-06-14
Chaitanya Ganesh,Female,52,Motihari,Goa,2024-10-30
Pallavi Bhardwaj,Female,60,Raurkela Industrial Township,Punjab,2025-01-31
Daksh Khare,Male,51,Kharagpur,Assam,2021-11-03
Vyanjana Dalal,Female,42,Asansol,Uttarakhand,2022-08-05
Zaid Patil,Female,34,Nizamabad,Assam,2021-09-16
Umang Nadkarni,Female,19,Parbhani,Andhra Pradesh,2022-02-01
Gunbir Korpal,Female,28,Durg,Gujarat,2025-02-18
Triya Mahajan,Female,61,Panihati,Telangana,2023-09-14
Hamsini Madan,Female,30,Katihar,Punjab,2022-05-16
Veda Acharya,Male,60,Shimoga,Gujarat,2022-04-03
Bakhshi Bhalla,Female,36,Coimbatore,Punjab,2021-11-15
Charles Chowdhury,Male,51,Asansol,Manipur,2023-01-04
Warjas Narayanan,Male,40,Darbhanga,Odisha,2025-09-04
Banjeet Ratta,Female,66,Tiruvottiyur,Himachal Pradesh,2022-07-23
Aahana Narula,Male,28,Yamunanagar,Bihar,2022-10-03
Xiti Lata,Male,36,Serampore,West Bengal,2022-12-24
Hiral Mani,Male,60,Morbi,Tamil Nadu,2023-01-17
Vihaan Badami,Male,58,Ozhukarai,Himachal Pradesh,2022-05-28
Mahika Dua,Female,26,Davanagere,West Bengal,2022-03-19
Ranbir Wable,Male,51,Kanpur,Meghalaya,2022-05-13
Radhika Sandal,Female,43,Farrukhabad,Tamil Nadu,2024-08-10
Samar Dhar,Male,26,Gaya,Mizoram,2023-12-30
Ayush Seth,Female,56,Raebareli,Gujarat,2023-12-27
Oscar Mammen,Female,33,Kolkata,Chhattisgarh,2026-05-26
Elijah D’Alia,Male,57,Khora ,Manipur,2026-05-27
Zilmil Ben,Female,37,Ballia,Tripura,2025-08-09
Chanchal Vora,Male,20,Phagwara,Kerala,2021-07-26
Chakradev Arora,Male,22,Malda,Maharashtra,2022-06-04
Yachana Baral,Male,27,Rajpur Sonarpur,Manipur,2023-05-10
Tanish Dave,Female,49,Kumbakonam,Himachal Pradesh,2025-05-20
Chanakya Zacharia,Male,55,Panvel,Gujarat,2022-09-30
Samarth Pathak,Female,26,Berhampur,Gujarat,2022-07-10
Pavani More,Female,59,Nellore,Tripura,2021-08-17
Lakshmi Patil,Female,63,Thoothukudi,Gujarat,2025-04-26
Theodore Sen,Female,70,Ahmednagar,West Bengal,2022-01-27
Barkha Shukla,Male,28,Mahbubnagar,Goa,2023-04-26
Sneha Hora,Male,39,Buxar,Bihar,2024-06-12
Ikshita Natt,Male,22,Gopalpur,Himachal Pradesh,2023-07-21
Hiral Issac,Female,23,Vasai-Virar,Himachal Pradesh,2026-03-12
Nisha Barman,Male,52,Mangalore,Punjab,2023-06-27
Samarth Sharaf,Female,49,Dhanbad,Uttarakhand,2022-03-09
Zinal Sami,Female,48,Bally,Odisha,2023-09-16
Chakradhar Ratti,Female,70,Madurai,Jharkhand,2022-07-03
Wishi Rau,Female,41,Yamunanagar,Rajasthan,2026-06-07
Dominic Johal,Female,61,Mumbai,Himachal Pradesh,2025-04-20
Bhavna Gandhi,Male,21,Bhilwara,West Bengal,2024-09-13
Kamya Bal,Female,42,Kavali,Manipur,2022-03-09
Jai Deshpande,Female,34,Gwalior,Odisha,2024-04-27
Nakul Khare,Female,20,Moradabad,Punjab,2023-05-15
Bhavani Keer,Male,27,Sambalpur,Gujarat,2025-02-22
Mitesh Pai,Male,18,Dibrugarh,Arunachal Pradesh,2025-02-06
Upasna Garg,Female,54,Orai,Tamil Nadu,2022-03-23
Siya Raval,Male,58,Bathinda,Odisha,2024-07-27
Lohit Ramanathan,Female,69,Chittoor,Rajasthan,2024-04-19
Sathvik Mukherjee,Female,43,Shimoga,Karnataka,2022-01-13
Bishakha Saran,Male,29,Tiruppur,Telangana,2023-09-09
Gaurav Brar,Female,47,Madanapalle,Telangana,2023-10-31
Veer Kunda,Female,42,Jaunpur,Karnataka,2022-01-23
Arya Dada,Female,30,Amritsar,Haryana,2021-10-17
Girindra Kant,Male,25,Berhampore,Meghalaya,2024-12-05
Aradhana Chaudhary,Male,28,Naihati,Haryana,2024-03-07
Azaan Krishnamurthy,Male,39,Ambattur,Meghalaya,2025-07-22
Kritika Rai,Female,22,Nagpur,Maharashtra,2024-12-16
Rehaan Shah,Female,68,Tadepalligudem,Nagaland,2023-05-08
Vasudha Balan,Female,53,Tumkur,Karnataka,2023-09-11
Adya Agarwal,Male,57,Howrah,Manipur,2024-11-08
Waida Memon,Male,68,Bhiwandi,Meghalaya,2025-01-27
Arunima Sengupta,Female,18,Durgapur,Bihar,2024-07-08
Saumya Sagar,Female,26,Dewas,Tamil Nadu,2026-01-20
Kritika Talwar,Male,65,Bhiwandi,Rajasthan,2026-05-16
Hema Naidu,Female,69,Bhilai,Andhra Pradesh,2025-09-12
Sudiksha Oza,Female,56,Vellore,Jharkhand,2021-11-18
Logan Walia,Male,40,Kharagpur,Goa,2022-06-08
Ishita Tiwari,Female,67,Nangloi Jat,Karnataka,2023-08-12
Hema Chokshi,Male,61,Bhatpara,Sikkim,2023-06-28
Dipta Babu,Female,29,Pali,Tamil Nadu,2025-10-08
Aahana Brar,Male,58,Jalgaon,Goa,2024-12-29
Yachana Patla,Female,58,Mira-Bhayandar,Odisha,2021-07-16
Lajita Sharma,Female,47,Tirupati,Telangana,2022-01-29
Maanas Oza,Male,67,Bidhannagar,Maharashtra,2023-03-15
Orinder Mangal,Male,31,Delhi,Mizoram,2022-08-25
Vaishnavi Bhasin,Female,68,Jalna,Punjab,2022-04-14
Agastya Ravi,Female,39,Bongaigaon,Gujarat,2021-09-25
Lopa Madan,Male,28,Nagercoil,Rajasthan,2022-05-29
Amrita Chandran,Male,25,Thrissur,Punjab,2021-06-24
Onkar Kapur,Male,50,Belgaum,Haryana,2022-05-08
Neha Kala,Female,59,Secunderabad,Andhra Pradesh,2022-09-30
Aarini Rama,Female,62,Jalgaon,Kerala,2022-07-15
Faraj Cherian,Male,19,Aurangabad,Andhra Pradesh,2026-05-06
Zilmil Mitter,Female,18,Rajpur Sonarpur,Maharashtra,2022-06-03
Oliver Rajan,Male,29,Muzaffarnagar,Arunachal Pradesh,2022-01-20
Harsh Bhargava,Male,63,Sonipat,Meghalaya,2022-10-11
Dipta Tella,Female,50,Bhilwara,Haryana,2022-09-20
Omkaar Parmer,Male,69,Serampore,West Bengal,2024-02-01
Tanvi Pai,Female,23,Haldia,Mizoram,2025-09-07
Elijah Master,Female,59,Kishanganj,Nagaland,2023-12-23
Banjeet Lall,Male,28,Srikakulam,Andhra Pradesh,2024-07-11
Hemangini Sagar,Female,61,Bhavnagar,Tripura,2024-02-20
Pranav Dara,Female,35,Cuttack,Chhattisgarh,2021-12-08
Oviya Kant,Female,24,Rewa,Telangana,2024-04-04
Lila Ravi,Female,65,Bharatpur,Rajasthan,2024-08-19
Rachana Rau,Female,53,Rajahmundry,Sikkim,2024-11-04
Amara Patel,Female,52,Alwar,Gujarat,2025-04-27
Ucchal Munshi,Female,51,Erode,Nagaland,2021-08-11
Dayamai Kaur,Male,54,Bally,Uttar Pradesh,2023-06-09
Leela Kala,Male,45,Pali,West Bengal,2022-11-29
Kamya Mani,Male,37,Bhusawal,Nagaland,2024-04-08
Barkha Varughese,Female,50,Bilaspur,Meghalaya,2026-02-02
Arin Jaggi,Female,56,Nagercoil,Maharashtra,2023-02-04
Zarna Ranganathan,Female,18,Rewa,Meghalaya,2026-02-23
Aachal Uppal,Female,66,Panchkula,Kerala,2024-02-16
Kashvi Chatterjee,Male,27,Nangloi Jat,Uttarakhand,2023-07-25
Garima Patla,Female,28,Firozabad,Punjab,2024-09-23
Mohammed Hayer,Male,26,Vijayawada,Himachal Pradesh,2025-12-31
Yashica Kurian,Male,25,Surat,Himachal Pradesh,2025-04-18
Brijesh Subramaniam,Female,31,Nangloi Jat,Uttarakhand,2022-04-14
Mitesh Khosla,Male,66,Malda,Nagaland,2025-08-06
Shravya Natarajan,Female,58,Raebareli,Meghalaya,2025-10-09
Niharika Dhawan,Female,40,Nagercoil,Uttar Pradesh,2025-07-01
Aashi Sridhar,Female,22,Unnao,Telangana,2024-07-06
Eiravati Dhingra,Male,48,Ozhukarai,Uttar Pradesh,2026-06-16
Yutika Contractor,Female,65,Shahjahanpur,Rajasthan,2026-01-18
Meghana Hari,Female,39,North Dumdum,Sikkim,2021-09-29
Zarna Dyal,Male,68,Raurkela Industrial Township,Gujarat,2025-11-15
Rajata Batra,Male,54,Ongole,Tamil Nadu,2024-07-21
Rachana Ramaswamy,Female,70,Kota,Bihar,2025-04-20
Mitesh Upadhyay,Female,23,Hapur,Goa,2025-10-16
Jatin Murty,Male,34,Durg,Jharkhand,2025-10-31
Bachittar Mohanty,Female,39,Rampur,Manipur,2023-02-12
Nimrat Reddy,Female,53,Raiganj,Karnataka,2025-07-11
Yutika Kale,Female,36,Warangal,Andhra Pradesh,2025-07-07
Ria Wali,Male,68,Hubli–Dharwad,Tamil Nadu,2024-08-12
Aarnav Varma,Female,56,Tirunelveli,Kerala,2024-03-31
Chaitaly Bumb,Male,56,Sambhal,Maharashtra,2024-04-22
Nikita Shroff,Female,19,Dehri,Mizoram,2022-01-22
Aishani Rajagopalan,Male,35,Rajahmundry,Rajasthan,2022-12-17
Eiravati Suresh,Female,37,Panvel,Mizoram,2022-04-22
Dalbir Chander,Female,39,Nagpur,Tamil Nadu,2024-09-05
Tamanna Rau,Female,44,Sasaram,Punjab,2025-06-17
Nicholas Suresh,Female,52,Khammam,Assam,2023-02-01
Samar Bains,Female,32,Sambalpur,Himachal Pradesh,2024-11-08
Geetika Sampath,Male,32,Hajipur,Uttarakhand,2023-12-04
Ekanta Biswas,Female,53,Tadipatri,Himachal Pradesh,2025-02-19
Dalbir Dixit,Male,44,Aurangabad,Assam,2021-08-24
Samaksh Wagle,Male,62,Miryalaguda,Mizoram,2021-12-12
Urishilla Sastry,Female,22,Berhampur,Tamil Nadu,2022-11-24
Nachiket Khanna,Female,63,Amravati,Chhattisgarh,2022-04-26
Frado Kalita,Female,62,Nizamabad,Jharkhand,2021-09-14
Vaishnavi Parekh,Male,21,South Dumdum,West Bengal,2022-08-12
Dalaja Borra,Female,59,Gurgaon,Tripura,2021-07-24
Xiti Iyer,Female,54,Unnao,Maharashtra,2022-10-04
Samarth Bir,Female,67,Ghaziabad,Bihar,2022-11-29
Edhitha Ganesan,Female,48,Anantapur,Uttar Pradesh,2024-01-23
Dayamai Basak,Female,39,Solapur,Andhra Pradesh,2023-08-30
Ayush Som,Male,65,Vadodara,Kerala,2021-08-26
Onveer Krishna,Female,50,Tenali,Tamil Nadu,2023-09-17
Wakeeta Kalita,Male,26,Aligarh,Mizoram,2022-02-18
Falak Bir,Male,18,Jamalpur,Mizoram,2025-03-22
Dalbir Dixit,Female,46,Tumkur,Telangana,2023-05-11
George Nagi,Female,30,Kumbakonam,Bihar,2026-04-14
Girik Rout,Female,70,Ichalkaranji,West Bengal,2022-11-29
Chakradev Mistry,Male,26,Parbhani,Assam,2022-01-05
Azaan Ramesh,Male,60,Shahjahanpur,Uttar Pradesh,2023-12-24
Damini Krishna,Female,61,Vijayanagaram,Rajasthan,2025-05-08
Mohini Ganesan,Female,39,Haridwar,West Bengal,2026-01-01
Pushti Rastogi,Female,42,Hindupur,Maharashtra,2023-08-06
Yochana Nagar,Female,64,Durg,Uttarakhand,2022-05-17
Maanav Solanki,Male,43,Raurkela Industrial Township,Arunachal Pradesh,2024-11-29
Rushil Sood,Female,62,Silchar,West Bengal,2022-10-13
Charvi Hayer,Male,64,South Dumdum,Bihar,2022-08-19
Charles Mittal,Female,36,Panvel,Arunachal Pradesh,2022-04-06
Ria Chaudhry,Male,42,Ahmednagar,Assam,2025-02-06
Ayushman Arora,Female,52,Bhiwani,Rajasthan,2021-10-08
Sarthak Chand,Female,20,Udupi,Telangana,2022-05-03
Rayaan Borah,Female,35,Srikakulam,Maharashtra,2024-05-17
Dayamai Prashad,Female,27,Loni,Haryana,2021-12-24
Yashica Bhardwaj,Male,34,Raebareli,Sikkim,2025-04-02
Dipta Dave,Male,49,Jalandhar,Madhya Pradesh,2025-04-11
Amruta Tata,Male,68,Mango,Maharashtra,2026-04-12
Rachana Korpal,Male,49,Jehanabad,Uttar Pradesh,2024-05-04
Charvi Chaudhari,Female,34,Kulti,Andhra Pradesh,2021-12-26
David Savant,Female,18,Buxar,Punjab,2025-03-25
Ekaraj Choudhary,Female,50,Dhule,Andhra Pradesh,2024-03-02
Sudiksha Barad,Male,69,Ambarnath,Maharashtra,2023-05-09
Karan Chaudry,Male,29,Vasai-Virar,Punjab,2024-06-26
Yashvi Gulati,Male,68,Bhiwani,Mizoram,2024-01-29
Dakshesh Ramaswamy,Female,25,Gandhidham,Uttarakhand,2025-05-04
Charita Dyal,Female,42,Erode,Gujarat,2021-11-24
Eesha Dara,Male,48,Bhatpara,Kerala,2021-07-22
Samaksh Dhillon,Female,39,Varanasi,Haryana,2026-06-04
Lipika Muni,Female,38,Panchkula,Karnataka,2023-02-02
Chanakya Bava,Male,21,Saharanpur,Rajasthan,2023-12-03
Umang Dalal,Female,57,Durg,Bihar,2023-06-16
Anirudh Dalal,Male,25,Ambattur,Bihar,2025-05-02
Tanay Pai,Female,35,Haldia,Tripura,2026-04-12
Vasatika Dhar,Female,32,Gulbarga,Sikkim,2021-09-08
Urvashi Patel,Female,27,Bikaner,Sikkim,2021-12-22
Dipta Sodhi,Male,46,Ichalkaranji,Goa,2022-06-17
Ikshita Saraf,Male,65,Delhi,Uttar Pradesh,2025-06-20
Orinder Chhabra,Female,26,Hubli–Dharwad,Sikkim,2023-01-26
Prisha Tripathi,Male,59,Siliguri,Nagaland,2021-07-30
Ronith Lalla,Female,66,Solapur,Haryana,2021-10-31
Harish Dave,Female,39,Patna,Nagaland,2025-04-04
Ekbal Baria,Male,65,Unnao,Meghalaya,2022-11-09
Amara Sami,Male,38,Latur,Himachal Pradesh,2022-03-05
Dalbir Badal,Male,57,Hazaribagh,Himachal Pradesh,2022-08-26
Lila Kaur,Female,32,Bathinda,Bihar,2024-05-28
Reva Raj,Female,68,Kishanganj,Uttar Pradesh,2024-12-08
Chavvi Talwar,Male,66,Yamunanagar,Maharashtra,2023-09-23
Yash Padmanabhan,Female,56,Nizamabad,Telangana,2024-09-06
Vihaan Narang,Male,32,Silchar,Kerala,2025-02-15
Vedika Pal,Male,46,Gopalpur,Kerala,2024-10-08
Ucchal Pillay,Male,45,Allahabad,Madhya Pradesh,2025-04-20
Darpan Chaudry,Male,33,Chinsurah,Odisha,2025-04-09
Dhruv Saran,Male,29,Ramagundam,Mizoram,2023-10-15
Girik Rege,Male,69,Shimla,Goa,2024-06-26
Januja Pillay,Female,35,Rajahmundry,Himachal Pradesh,2021-06-27
Fariq Mohan,Female,21,Alwar,Odisha,2026-03-09
Yatan Nayar,Male,38,Motihari,Manipur,2022-04-21
Logan Sant,Female,51,Rohtak,Sikkim,2021-08-09
Tristan Dani,Female,36,Sirsa,Gujarat,2023-06-10
Aishani Bhattacharyya,Female,35,Pimpri-Chinchwad,Sikkim,2025-01-15
Nitesh Sinha,Female,40,Haldia,Sikkim,2025-12-18
Dalbir Sura,Female,29,Ongole,Uttarakhand,2026-04-29
Vasudha Sundaram,Female,50,Karimnagar,Sikkim,2023-05-24
Nathaniel Naidu,Male,48,Proddatur,Andhra Pradesh,2021-08-18
Anita Nair,Male,27,Durg,Manipur,2022-08-23
Xiti Bhatt,Male,38,Thane,Gujarat,2023-12-09
Victor Pant,Male,65,Khammam,Himachal Pradesh,2024-11-15
Warjas Varghese,Female,44,Mira-Bhayandar,Gujarat,2025-06-14
Leela Sodhi,Male,28,Ludhiana,Bihar,2025-03-03
Jagrati Dasgupta,Male,58,Chinsurah,West Bengal,2026-04-02
Balendra Deshpande,Male,62,Rajkot,Sikkim,2022-06-07
Gabriel Pillay,Female,28,Jamnagar,Goa,2025-04-16
Wazir Subramaniam,Male,45,Hubli–Dharwad,Himachal Pradesh,2022-03-31
Gautam Krishna,Female,49,Hubli–Dharwad,Andhra Pradesh,2021-10-02
Jalsa Ram,Male,38,Tezpur,Assam,2025-06-20
Nandini Dutt,Male,22,Nashik,Andhra Pradesh,2022-08-18
Abeer Savant,Male,20,Kharagpur,Sikkim,2024-02-08
Naksh Ravi,Male,63,Raurkela Industrial Township,Gujarat,2025-07-15
Sara Chad,Female,30,Indore,Nagaland,2026-04-29
Siddharth Vaidya,Male,50,Karnal,Odisha,2025-10-29
Urishilla Balasubramanian,Male,48,Amritsar,Uttar Pradesh,2024-01-11
Ekbal Ahuja,Female,27,Aurangabad,Kerala,2022-04-05
Bachittar Vaidya,Female,20,Jhansi,Kerala,2023-09-17
Sudiksha Chandran,Male,38,Kurnool,Goa,2021-09-14
Advika Tara,Female,26,Kumbakonam,Telangana,2024-02-14
Bishakha Sawhney,Male,40,Loni,Maharashtra,2024-09-06
Vinaya Raju,Female,39,Dehri,Bihar,2024-12-22
Krishna Yohannan,Male,48,Karimnagar,Nagaland,2022-06-28
Thomas Sane,Female,25,Rampur,Mizoram,2022-08-25
Ekantika Comar,Male,19,Anand,Karnataka,2023-11-22
Jalsa Shankar,Male,25,Jorhat,Andhra Pradesh,2023-08-08
Geetika Seshadri,Female,41,Delhi,Tripura,2022-06-20
Dayita Kara,Male,47,Motihari,Bihar,2023-12-23
Hemal Vyas,Female,65,Bhalswa Jahangir Pur,Kerala,2026-05-25
Jeremiah Pandit,Male,62,Burhanpur,Assam,2025-11-30
Mohini Patel,Male,69,Vijayawada,Gujarat,2024-01-14
Balhaar Barad,Male,59,Ahmednagar,Andhra Pradesh,2021-08-11
Owen Bajaj,Male,23,Nashik,Haryana,2025-08-06
Vrinda Nori,Female,44,Yamunanagar,Tripura,2022-08-26
Niharika Hari,Female,48,Bhilwara,Mizoram,2024-03-08
Daniel Mishra,Male,59,Shimoga,Bihar,2022-07-29
Peter Ghosh,Female,70,Dibrugarh,Andhra Pradesh,2021-08-22
Simon Natt,Male,44,Imphal,Manipur,2024-04-06
Osha Varkey,Male,25,Aurangabad,Goa,2024-03-19
Anika Ranganathan,Male,40,Kharagpur,Odisha,2025-11-08
Darsh Nayak,Male,23,Mirzapur,Haryana,2023-02-23
Kiaan Kant,Male,53,Cuttack,Sikkim,2022-12-06
Zansi Krishnan,Female,52,Bhind,Andhra Pradesh,2022-12-20
Pallavi Varughese,Male,55,Ulhasnagar,Rajasthan,2022-08-07
Jackson Chokshi,Male,58,Tadepalligudem,Bihar,2023-12-05
Zaid Jani,Female,26,Uluberia,Rajasthan,2025-06-30
Charvi Manne,Female,28,Karawal Nagar,Goa,2026-06-14
Luke Sarin,Male,28,Buxar,Rajasthan,2024-07-22
Farhan Chauhan,Female,68,Korba,Punjab,2022-05-28
Sara Behl,Male,28,Bathinda,Manipur,2022-11-11
Chaitanya Zacharia,Male,31,Katihar,Mizoram,2022-12-11
Neha Mann,Female,54,Kalyan-Dombivli,Assam,2025-07-13
Amara Varkey,Female,38,Mathura,Manipur,2025-07-08
Frado Shah,Male,39,Ghaziabad,Rajasthan,2026-01-16
Geetika Wali,Female,53,Tumkur,Uttar Pradesh,2023-12-31
Caleb Soni,Male,45,Gwalior,Jharkhand,2023-09-04
Urmi Datta,Female,21,Panipat,Gujarat,2021-10-05
Dalaja Hari,Male,37,Ujjain,Kerala,2023-02-25
Arjun Dugal,Female,18,Panihati,Sikkim,2025-09-08
Girindra Pal,Male,46,Saharanpur,Madhya Pradesh,2021-10-12
Pallavi Dhawan,Female,37,Kollam,Bihar,2022-03-26
Urvi Luthra,Male,55,Bettiah,Gujarat,2025-12-22
Vritti Narain,Female,70,Karimnagar,Meghalaya,2026-02-07
Karan Chandra,Female,38,Aurangabad,Bihar,2021-08-24
Wyatt Luthra,Male,33,Gopalpur,Mizoram,2022-07-15
Anusha Modi,Male,41,Madanapalle,Rajasthan,2022-04-30
Yashica Chakraborty,Female,49,Ramgarh,Assam,2023-11-11
Suhani Sarma,Male,64,Maheshtala,Tamil Nadu,2025-10-20
Vyanjana Singhal,Female,60,Mirzapur,Tamil Nadu,2024-09-12
Vincent Pradhan,Female,68,Muzaffarpur,Haryana,2021-12-06
Champak Dave,Female,32,Surat,Tripura,2026-05-26
Arunima Sami,Female,54,Tinsukia,Maharashtra,2025-09-01
Bhavini Krish,Female,69,Bhopal,Tripura,2026-05-15
Xiti Andra,Female,24,Anantapur,Karnataka,2025-05-10
Umang Dewan,Female,62,Kalyan-Dombivli,Bihar,2022-04-21
Anay Garg,Male,60,Sasaram,Tamil Nadu,2023-06-07
Bakhshi Prabhakar,Male,27,Aurangabad,Jharkhand,2023-02-09
Vamakshi Nagar,Female,34,Allahabad,Telangana,2023-04-27
Zayan Karnik,Female,32,Tiruchirappalli,Meghalaya,2023-06-11
Fitan Mohan,Male,28,Madurai,Kerala,2023-07-28
Inaya Issac,Female,68,Sultan Pur Majra,Mizoram,2025-05-02
Jackson Sathe,Male,56,Panchkula,Madhya Pradesh,2024-11-19
Wridesh Anand,Male,64,Jamshedpur,Sikkim,2025-05-06
Kritika Mangat,Male,29,Bokaro,Assam,2025-06-27
Anita Dar,Female,51,Surendranagar Dudhrej,Mizoram,2023-02-18
Alexander Ramachandran,Male,34,Sasaram,Kerala,2023-08-10
Victor Lall,Female,45,Jhansi,Bihar,2025-04-12
Vyanjana Chandran,Male,30,Pali,Arunachal Pradesh,2024-08-08
Libni Krishnamurthy,Female,29,Arrah,Madhya Pradesh,2024-04-14
Jai Nadig,Male,19,Panchkula,Tamil Nadu,2023-04-26
Ekalinga Krish,Female,51,Jamalpur,Goa,2025-05-15
Aashi Barad,Male,30,New Delhi,Uttarakhand,2024-01-23
Thomas Tella,Male,34,Muzaffarpur,Andhra Pradesh,2026-04-29
Upasna Karan,Female,58,Kavali,Meghalaya,2025-03-26
Joshua Shukla,Male,64,Loni,Karnataka,2024-05-08
Nidra Narula,Male,45,Machilipatnam,West Bengal,2023-01-09
Kamya Sachdeva,Male,65,Kozhikode,Assam,2022-01-25
Edhitha Sankar,Male,40,Dewas,Himachal Pradesh,2025-12-03
Falak Guha,Female,34,Dibrugarh,Bihar,2025-09-14
Isaac Ram,Female,20,Delhi,Odisha,2023-03-28
Varenya Balasubramanian,Female,46,Sagar,Chhattisgarh,2023-06-29
Chakradhar Varughese,Female,27,Akola,West Bengal,2023-10-05
Sanaya Chakrabarti,Female,30,Kalyan-Dombivli,Andhra Pradesh,2026-02-14
Chandran Merchant,Female,56,Navi Mumbai,Manipur,2024-05-11
Upkaar Pillai,Male,23,Munger,Goa,2025-04-02
Dhruv Misra,Female,70,Pudukkottai,Haryana,2026-06-21
Eshana Malhotra,Male,44,Madurai,Andhra Pradesh,2025-01-25
Champak Chacko,Male,63,Bhimavaram,Himachal Pradesh,2021-07-06
Frederick Atwal,Male,70,Agartala,Chhattisgarh,2022-08-21
Urvi Rau,Female,34,Tenali,Nagaland,2021-09-23
Kritika Bhatia,Male,62,Indore,Tripura,2021-09-26
Manan Sheth,Female,20,Erode,Gujarat,2026-04-29
Utkarsh Borra,Male,47,Bhavnagar,Meghalaya,2026-01-28
Neelima Prasad,Male,67,Bhopal,Uttarakhand,2023-11-03
Sudiksha Vala,Female,57,Allahabad,Mizoram,2024-11-13
Harini Bajaj,Male,66,Haldia,Odisha,2022-03-05
Timothy Datta,Female,19,Muzaffarpur,Tripura,2023-10-20
Jasmit Warrior,Male,30,Bikaner,Uttarakhand,2025-08-10
Nathaniel Morar,Male,21,Sasaram,Arunachal Pradesh,2024-10-28
Meera Bali,Male,33,Kishanganj,Gujarat,2023-09-02
Quincy Krishnamurthy,Female,44,Ghaziabad,Punjab,2025-02-08
Meera Sood,Male,43,Raipur,Telangana,2024-09-21
Kamya Bajaj,Male,42,Bhopal,Andhra Pradesh,2023-04-22
Yashica Baral,Male,69,Agra,Maharashtra,2026-02-17
Aarini Mallick,Female,41,Kadapa,Odisha,2023-03-19
Balendra Sule,Female,64,Bhilwara,Madhya Pradesh,2024-02-21
Mohini Dash,Female,57,Siliguri,Nagaland,2021-10-22
Shivani Jhaveri,Male,49,Chinsurah,Meghalaya,2024-12-18
Nidra Mannan,Male,58,Tenali,Chhattisgarh,2021-08-21
Ubika Vyas,Male,67,Chittoor,Uttar Pradesh,2024-06-27
Damyanti Sahni,Male,60,Kharagpur,Andhra Pradesh,2022-10-01
Tara Keer,Female,38,Ambattur,Chhattisgarh,2022-11-04
Darsh Chanda,Female,63,Panvel,Karnataka,2024-11-27
Laban Pandit,Male,36,Eluru,Rajasthan,2025-08-11
Ekansh Pandey,Male,21,Orai,Meghalaya,2024-06-01
Faris Doshi,Female,37,Bhilwara,Bihar,2023-11-29
Azad Bora,Female,40,Morena,Punjab,2023-12-29
Bhavya Keer,Female,25,Panihati,Goa,2021-06-27
Baghyawati Oommen,Male,23,Lucknow,Chhattisgarh,2026-03-22
Lakshmi Dhillon,Male,50,Rajpur Sonarpur,Jharkhand,2024-12-24
Laksh Nazareth,Female,49,Srikakulam,Himachal Pradesh,2024-09-10
Sneha Zacharia,Female,57,Anand,Andhra Pradesh,2026-04-09
Ranveer Bali,Male,70,Rajahmundry,Kerala,2023-04-04
Mugdha Chandran,Male,44,Udupi,Punjab,2024-04-16
Jeevika Vala,Male,57,Jaipur,West Bengal,2024-01-22
Neel Tak,Male,25,Jodhpur,Manipur,2024-09-25
Unni Bala,Male,70,Lucknow,Karnataka,2022-05-10
Sudiksha Chahal,Male,27,Kota,West Bengal,2025-02-24
Upma Chowdhury,Female,25,Purnia,Assam,2025-05-16
Radhika Nagar,Female,42,Kharagpur,Madhya Pradesh,2024-08-19
Vasana Doctor,Male,39,Alwar,Uttarakhand,2023-05-24
Ranbir Dyal,Male,58,Raurkela Industrial Township,Manipur,2021-11-23
Eiravati Soni,Male,66,Mangalore,Sikkim,2022-04-17
Yahvi Sathe,Male,69,Allahabad,Odisha,2025-07-10
Balendra Jha,Male,28,Jabalpur,West Bengal,2025-04-03
Odika Ahuja,Female,63,Bhimavaram,Uttarakhand,2023-07-11
Kalpit Nayak,Male,45,Bulandshahr,Rajasthan,2024-09-04
Urmi Sura,Male,65,Orai,Odisha,2025-09-17
Omaja Nayar,Male,42,Ramgarh,Manipur,2023-01-05
Anya Dube,Male,53,Khammam,Uttar Pradesh,2024-09-17
Shivani Wagle,Male,25,Katihar,Uttar Pradesh,2025-08-08
Kevin Mishra,Male,44,Durg,Sikkim,2026-02-10
Samuel Hayre,Female,70,Raichur,West Bengal,2026-04-02
Aachal Bal,Male,58,Aurangabad,Odisha,2023-08-24
Kashish Hayer,Female,59,Sambalpur,Nagaland,2026-04-25
Raagini Parmar,Male,27,Navi Mumbai,Maharashtra,2023-05-23
Vamakshi Walia,Male,59,Gudivada,Andhra Pradesh,2025-09-05
Amruta Venkataraman,Male,63,Miryalaguda,Karnataka,2023-05-18
Bhavya Golla,Male,19,Nadiad,Goa,2023-08-12
Wakeeta Bala,Male,47,Dewas,Gujarat,2024-03-10
Tanish Kurian,Female,24,Kozhikode,Jharkhand,2022-12-28
Avni Batra,Male,49,Khandwa,Mizoram,2021-09-29
Viraj Manne,Male,31,Pallavaram,Manipur,2025-01-21
Daksh Ratti,Male,68,Udupi,Kerala,2022-08-31
Turvi Bal,Female,34,Hosur,Maharashtra,2023-02-14
Timothy Vohra,Male,60,Madhyamgram,Odisha,2021-07-02
Viraj Agarwal,Female,55,Shimoga,Uttar Pradesh,2025-04-28
Anita Chhabra,Female,27,Secunderabad,Gujarat,2023-05-15
Jagrati Chandran,Female,30,Nandyal,Rajasthan,2025-12-20
Krisha Seth,Female,47,Malda,West Bengal,2022-03-23
Adweta Viswanathan,Male,28,Aurangabad,Bihar,2024-07-08
Owen Saran,Female,51,Loni,Mizoram,2025-05-28
Ishaan Desai,Male,44,Ballia,Bihar,2024-11-29
Frederick Bhavsar,Male,49,Mangalore,Gujarat,2023-02-28
Yutika Chaudhuri,Male,55,Ramgarh,Assam,2024-02-12
Qushi Patla,Female,20,Arrah,Telangana,2024-04-20
Udarsh Parmer,Female,60,Vijayawada,Arunachal Pradesh,2023-02-11
Saumya Mannan,Male,69,Aizawl,Arunachal Pradesh,2023-10-04
Abeer Warrior,Female,67,Surat,Arunachal Pradesh,2024-01-27
Alexander Gour,Male,41,Rajpur Sonarpur,Assam,2024-02-26
Sanya Mahajan,Female,64,Proddatur,Rajasthan,2023-06-15
Kavya Khanna,Female,47,Kharagpur,Arunachal Pradesh,2023-05-24
Ronith Date,Male,46,Ichalkaranji,Assam,2021-11-04
Gagan Balasubramanian,Female,36,Hospet,Gujarat,2021-12-03
Unnati Mutti,Male,23,Danapur,Arunachal Pradesh,2022-11-01
Pushti Sheth,Male,49,Ahmednagar,Gujarat,2023-04-14
Ati Cheema,Female,22,Panihati,Madhya Pradesh,2021-11-09
Faras Srinivasan,Female,42,Bhavnagar,Meghalaya,2023-10-05
Leena Natt,Male,43,Bhusawal,Meghalaya,2025-10-28
Meghana Bandi,Male,30,Gulbarga,Uttarakhand,2024-08-30
Theodore Venkataraman,Female,67,Purnia,Goa,2022-09-20
Aayush Taneja,Male,48,Berhampore,Jharkhand,2025-08-05
Agastya Sane,Female,30,Kottayam,Chhattisgarh,2026-04-01
Champak Wagle,Male,35,Madanapalle,Tamil Nadu,2025-10-23
Vaishnavi Biswas,Female,33,Kolhapur,Karnataka,2023-07-01
Isaac Bose,Male,55,New Delhi,Bihar,2022-10-04
Siddharth Babu,Male,36,Gurgaon,Nagaland,2025-09-24
Udarsh Ravi,Female,39,Shivpuri,Meghalaya,2024-06-06
Reva Kalla,Female,25,Mirzapur,Uttarakhand,2024-07-26
Fiyaz Narayan,Female,19,Thane,Punjab,2026-03-30
Aishani Peri,Female,49,Proddatur,Punjab,2025-02-10
Jasmit Kar,Male,66,Berhampur,Bihar,2026-02-08
Adweta Lall,Female,60,Bhiwandi,Rajasthan,2026-05-02
Kashish Dubey,Female,57,Solapur,Goa,2021-10-22
Vihaan Venkatesh,Female,28,Chapra,Tamil Nadu,2025-02-11
Jalsa Narasimhan,Female,31,Pallavaram,Uttar Pradesh,2026-05-13
Ayushman Saha,Female,54,Dibrugarh,Andhra Pradesh,2021-10-19
Alka Kakar,Female,19,Farrukhabad,Kerala,2026-04-04
Chaaya Sridhar,Female,51,Allahabad,Himachal Pradesh,2023-04-23
Ansh Atwal,Male,48,Nanded,Jharkhand,2022-11-28
Rachit Gill,Female,57,Kirari Suleman Nagar,Rajasthan,2022-09-06
Mugdha Sridhar,Female,60,Nadiad,Chhattisgarh,2023-10-09
Mugdha Anne,Female,35,Udaipur,Kerala,2021-08-05
Krishna Sachdeva,Female,67,Pallavaram,Himachal Pradesh,2023-08-31
Chameli Sagar,Female,55,Navi Mumbai,Punjab,2023-07-22
Tripti Thakur,Male,57,Hazaribagh,Odisha,2023-08-27
Ganga Lanka,Male,66,Agra,Kerala,2025-04-03
Anay Mukhopadhyay,Female,51,Varanasi,Arunachal Pradesh,2024-01-22
Ekiya Sarin,Female,37,Bhimavaram,Odisha,2025-02-11
Advika Bala,Male,59,Kirari Suleman Nagar,Nagaland,2025-06-26
Lavanya Chauhan,Female,34,Aurangabad,Rajasthan,2021-08-27
Nilima Chanda,Male,27,Howrah,Nagaland,2025-09-26
Parth Sridhar,Male,60,Madanapalle,Uttar Pradesh,2023-12-15
Om Rajan,Female,66,Purnia,Gujarat,2025-03-16
Damini Mani,Female,51,Kochi,West Bengal,2022-12-21
Abdul Chowdhury,Male,38,Ulhasnagar,Goa,2024-11-03
Hemangini Patla,Female,45,Mango,Meghalaya,2026-06-01
Januja Mitter,Male,25,Bhimavaram,Chhattisgarh,2025-11-21
Sai Batta,Male,45,Cuttack,Gujarat,2026-03-22
Unni Merchant,Female,51,Kozhikode,Madhya Pradesh,2025-02-18
Damini Srinivas,Female,40,Kadapa,Madhya Pradesh,2025-12-03
Ria Varghese,Female,22,Chandigarh,Mizoram,2026-05-13
Garima Patel,Male,35,Phagwara,Chhattisgarh,2025-08-21
Oliver Nagar,Female,42,Sambhal,Chhattisgarh,2025-07-18
Anirudh Naidu,Male,32,Eluru,Tamil Nadu,2023-01-23
Jatin Roy,Male,31,Sonipat,Himachal Pradesh,2021-06-24
Hemal Bhatnagar,Female,35,Kota,Chhattisgarh,2022-06-16
Vritti Nair,Male,20,Ranchi,West Bengal,2025-03-14
Jatin Patil,Male,24,Avadi,Uttarakhand,2025-12-26
Azad Ramakrishnan,Male,65,Ozhukarai,Madhya Pradesh,2025-09-07
Xavier Ramesh,Male,35,Sonipat,Mizoram,2022-01-22
Gopal Bhasin,Male,70,Bhind,Andhra Pradesh,2025-01-13
Elijah Vyas,Female,65,Karaikudi,Tripura,2021-07-14
Anmol Khanna,Female,66,Shahjahanpur,Punjab,2022-07-25
David Gill,Male,57,South Dumdum,Jharkhand,2022-07-02
Ekbal Raman,Female,24,Giridih,Odisha,2025-10-07
Neel Khanna,Female,31,Morbi,Tamil Nadu,2026-01-06
Vritti Jaggi,Male,66,Amritsar,Karnataka,2023-01-31
Geetika Kata,Male,58,Cuttack,West Bengal,2022-08-01
Vaishnavi Chandra,Male,34,Rohtak,Haryana,2023-03-27
Ikbal Bera,Male,63,Jamshedpur,Kerala,2023-06-17
Karan Dalal,Male,44,Buxar,Bihar,2024-10-04
Triya Prashad,Female,48,Firozabad,Madhya Pradesh,2025-06-14
Maanas Om,Female,61,Machilipatnam,Kerala,2025-01-27
Oviya Kari,Male,51,Tadipatri,Rajasthan,2025-09-20
Dakshesh Mand,Female,38,Barasat,Meghalaya,2025-09-28
Vyanjana Saha,Male,24,Chittoor,Haryana,2022-05-22
Kamya Jaggi,Female,24,Surendranagar Dudhrej,Chhattisgarh,2025-01-08
Ojas Deshpande,Female,20,Rajpur Sonarpur,Himachal Pradesh,2025-05-26
Ridhi Jaggi,Female,38,Bilaspur,West Bengal,2024-09-24
Pratyush Thakkar,Female,59,Bellary,West Bengal,2023-08-24
Saksham Suri,Male,30,Surat,Bihar,2022-06-20
Ekavir Chowdhury,Male,69,Navi Mumbai,Bihar,2026-02-03
Anamika Andra,Male,35,Jorhat,Andhra Pradesh,2022-06-13
Jagat Sengupta,Male,51,Shahjahanpur,Uttar Pradesh,2025-03-29
Hiral Merchant,Male,35,Dibrugarh,Karnataka,2025-09-06
Abhimanyu Tara,Female,58,Guntakal,Jharkhand,2021-10-28
Panini Vala,Male,36,Danapur,Madhya Pradesh,2025-10-03
Ranbir Gopal,Female,29,Kirari Suleman Nagar,Karnataka,2026-06-13
Avni Shankar,Female,30,Udupi,West Bengal,2022-02-28
Vinaya Arya,Female,41,Dehradun,Mizoram,2024-12-03
Chakradev Vora,Female,42,Kharagpur,Manipur,2023-04-08
Zehaan Grewal,Female,68,Gandhidham,Chhattisgarh,2025-03-01
Lajita Sastry,Male,23,Sikar,Uttarakhand,2025-05-28
Nikita Gade,Male,60,Pallavaram,Gujarat,2026-06-02
Warda Nayar,Male,64,Lucknow,Punjab,2025-12-01
Wishi Shankar,Female,35,Bhagalpur,Telangana,2024-03-27
Gavin Narayan,Female,66,Tezpur,Himachal Pradesh,2022-09-26
Faris Pal,Female,68,Hosur,Assam,2024-07-17
Quincy Varkey,Female,64,Kottayam,Meghalaya,2024-04-21
Thomas Sundaram,Male,65,Dhule,Nagaland,2022-06-05
Utkarsh Kumar,Male,63,Bongaigaon,Mizoram,2023-02-22
Tanvi Buch,Female,34,Ambala,Sikkim,2026-03-03
Ishwar Cherian,Female,35,Maheshtala,Jharkhand,2023-08-26
Raagini Rajagopalan,Female,39,Hosur,Gujarat,2024-11-28
Bhavya Krishnan,Male,58,Satna,Tamil Nadu,2025-09-10
Chandani Sangha,Male,43,Eluru,Tripura,2024-09-18
Azaan Khurana,Female,52,Karimnagar,Maharashtra,2021-11-19
Yatin Salvi,Male,54,Sambhal,Assam,2025-06-11
Gunbir Chatterjee,Female,68,Aurangabad,Haryana,2025-10-02
Aadi Raj,Female,48,Serampore,Karnataka,2022-04-12
Isaac Ravel,Male,20,Ozhukarai,Odisha,2023-06-09
Suhani Soni,Male,27,Suryapet,Manipur,2022-06-07
Akshay Sankaran,Female,39,Kolhapur,West Bengal,2023-02-01
Zehaan Varma,Female,54,Pudukkottai,Odisha,2025-07-05
Balhaar Srinivasan,Male,61,Hazaribagh,Sikkim,2022-11-01
Wazir Manne,Male,31,Khammam,Kerala,2024-07-07
Matthew Badami,Male,67,Imphal,Telangana,2022-02-09
Pushti More,Male,62,Jammu,Goa,2025-11-09
Siddharth Morar,Male,28,Gangtok,West Bengal,2025-10-29
Maanav Parmar,Female,49,Hyderabad,Jharkhand,2025-01-02
Mahika Issac,Male,58,Lucknow,Bihar,2022-06-10
Idika Sem,Female,55,Raebareli,Andhra Pradesh,2023-05-01
Chaitaly Ratti,Male,56,Aurangabad,Maharashtra,2025-05-30
Brijesh Soman,Male,49,Salem,Manipur,2024-07-25
Ati Rama,Female,54,Hospet,Rajasthan,2021-12-05
Vaishnavi Gandhi,Male,64,Tiruchirappalli,Madhya Pradesh,2022-07-28
Kavya Sabharwal,Female,22,Karawal Nagar,Arunachal Pradesh,2024-08-03
Chandran Srinivasan,Female,57,Ulhasnagar,Chhattisgarh,2023-08-26
Saumya Gill,Male,40,Bally,Tripura,2024-08-03
Nisha Kant,Female,39,Pune,Uttarakhand,2023-08-23
Devika Nadig,Male,21,Rampur,Mizoram,2025-11-09
Charvi Gupta,Female,57,Loni,West Bengal,2025-05-05
Isaiah Kakar,Male,40,Avadi,Rajasthan,2026-04-05
Tamanna Rege,Female,32,Pali,Assam,2022-03-24
Pallavi Rama,Female,61,Danapur,Andhra Pradesh,2023-12-22
George Vyas,Female,21,Rohtak,Madhya Pradesh,2022-05-05
Siya Sastry,Male,23,Bidhannagar,Haryana,2023-04-12
Balhaar Kumer,Female,24,Miryalaguda,Bihar,2024-11-12
Jagdish Vala,Female,63,Karimnagar,West Bengal,2025-09-15
Aarush Ramaswamy,Female,51,Chinsurah,Rajasthan,2021-10-31
Girindra Dhawan,Male,65,Jodhpur,Andhra Pradesh,2025-01-10
Harrison Prashad,Female,51,Jamnagar,Jharkhand,2025-05-24
Tejas Atwal,Male,62,Dhanbad,Uttar Pradesh,2021-07-27
Nathan Wali,Female,18,Bidar,Himachal Pradesh,2023-10-10
Utkarsh Korpal,Male,53,Jhansi,Chhattisgarh,2025-08-03
Jai Mukherjee,Female,33,Lucknow,West Bengal,2026-06-07
Megha Ahluwalia,Male,42,Ajmer,Gujarat,2021-11-06
Varenya Bakshi,Female,35,Jalandhar,Nagaland,2023-10-10
Hredhaan Dewan,Male,53,Guwahati,Uttar Pradesh,2026-03-22
Charita Mohanty,Female,28,Jamnagar,Uttarakhand,2024-11-26
Wridesh Nagar,Female,32,Dibrugarh,Assam,2023-02-12
Chameli Comar,Female,37,Karawal Nagar,Maharashtra,2025-10-27
Vanya Dhaliwal,Female,62,Chandrapur,Odisha,2026-01-20
Naksh Upadhyay,Male,41,Shimla,Tamil Nadu,2021-11-28
Fariq Gole,Female,31,Buxar,Assam,2022-01-24
Chasmum Menon,Female,28,Rajahmundry,Meghalaya,2024-09-10
Panini Dixit,Female,24,Chennai,Karnataka,2026-03-05
Vivaan Ranganathan,Male,62,Gangtok,Arunachal Pradesh,2026-03-03
Megha Bhatia,Female,70,Mau,Jharkhand,2021-09-28
Riya Uppal,Female,22,Mangalore,Himachal Pradesh,2024-07-14
Charvi Bala,Female,62,Fatehpur,Uttarakhand,2022-11-25
Vivaan Nagarajan,Male,32,Berhampore,Mizoram,2025-11-05
Sathvik Babu,Female,70,Thane,Madhya Pradesh,2022-06-06
Lajita Ravel,Male,42,Dibrugarh,Odisha,2024-12-16
Advika Khatri,Male,35,Rampur,Madhya Pradesh,2022-10-22
Alka Savant,Female,36,Nellore,Rajasthan,2022-11-23
Rachita Sagar,Male,36,Navi Mumbai,Bihar,2021-09-25
Suhani Shenoy,Female,69,Bhubaneswar,Rajasthan,2021-10-09
Omisha Ranganathan,Male,32,Kolkata,Mizoram,2024-10-05
Falan Anne,Male,59,Farrukhabad,Rajasthan,2025-07-16
Sai Narayanan,Female,51,Ujjain,West Bengal,2024-06-07
Indrajit Pradhan,Female,32,Meerut,Madhya Pradesh,2021-09-18
Theodore Malhotra,Female,30,Pudukkottai,Haryana,2023-06-21
Lila Sule,Female,57,Faridabad,Kerala,2023-11-24
Siddharth Madan,Male,67,Dhule,Manipur,2024-03-27
Jai Cheema,Female,26,Khora ,Manipur,2023-07-15
Frederick Butala,Male,55,Mysore,Haryana,2021-09-13
Dalaja Badal,Male,34,Bhusawal,Telangana,2024-11-19
Abha Dua,Female,63,Serampore,Maharashtra,2023-06-25
Alka Nazareth,Female,32,Katni,Jharkhand,2023-06-04
Ayaan Chaudhry,Female,19,Kavali,West Bengal,2026-04-12
Urvashi Rana,Female,19,Malegaon,Gujarat,2024-03-20
Anusha Bobal,Female,52,Cuttack,Nagaland,2023-06-04
Lakshmi Ramesh,Male,26,Hubli–Dharwad,Punjab,2025-07-06
Kritika Naik,Female,61,Chapra,Uttar Pradesh,2022-12-29
Rachit Ravi,Female,58,Mehsana,West Bengal,2021-07-02
Rishi Dube,Female,47,Alwar,Punjab,2023-02-21
Raksha Gera,Female,21,Buxar,Gujarat,2022-09-01
Daksha Devi,Female,63,Chinsurah,Tamil Nadu,2023-04-30
Yahvi Balakrishnan,Male,56,Berhampur,Maharashtra,2024-12-31
Joshua Dasgupta,Female,51,Amaravati,West Bengal,2022-01-03
Dominic Sahni,Female,68,Guwahati,Tamil Nadu,2024-03-28
Wyatt Thaman,Female,34,Kamarhati,Goa,2023-01-04
Advaith Chandran,Male,51,Jalandhar,Gujarat,2023-09-30
Ekalinga Kakar,Male,67,Jorhat,Goa,2023-01-22
Damini Dhar,Male,18,Dehri,Meghalaya,2024-12-04
Thomas Natarajan,Female,35,Dehradun,Rajasthan,2024-09-15
Maya Bassi,Male,64,Bangalore,Madhya Pradesh,2024-01-14
William Lad,Female,27,Amaravati,Bihar,2023-11-15
Gaurangi Radhakrishnan,Female,43,Haridwar,Mizoram,2022-02-15
Libni Raman,Female,60,Jammu,West Bengal,2025-07-04
Nilima Konda,Male,44,Bikaner,Uttarakhand,2023-05-17
Henry Balan,Female,40,Raebareli,Haryana,2026-02-17
Niharika Karan,Male,56,Guna,Karnataka,2022-08-11
Hemani Raja,Male,60,Sambalpur,Rajasthan,2026-01-12
Theodore Divan,Male,56,Satara,Arunachal Pradesh,2021-10-12
Lucky Vig,Female,19,Amritsar,Mizoram,2025-02-23
Leela Memon,Female,36,Panchkula,Goa,2025-01-31
Anusha Sarin,Male,36,Navi Mumbai,Kerala,2023-10-24
Aarnav Goyal,Male,33,Sagar,Uttarakhand,2026-04-12
Jagdish Vaidya,Male,62,Madanapalle,Chhattisgarh,2021-08-30
Ethan Sawhney,Female,44,Nagaon,Telangana,2023-07-18
Kai Mahal,Female,67,Berhampore,Haryana,2025-12-01
Ryan Bassi,Female,37,Bikaner,Arunachal Pradesh,2025-05-12
Krishna Nadkarni,Male,53,Tirunelveli,Telangana,2025-04-02
Pahal Sahni,Female,38,Bongaigaon,Kerala,2025-07-05
David Ranganathan,Female,44,Lucknow,Madhya Pradesh,2025-11-25
Lucky Kumar,Female,66,Ujjain,Kerala,2025-05-26
Nidhi Warrior,Female,68,Lucknow,Manipur,2024-09-18
Nirja Mody,Female,61,Morbi,Himachal Pradesh,2023-03-31
Ganga Nair,Male,45,Amaravati,Goa,2023-11-26
Samesh Borra,Female,68,Rampur,Telangana,2026-06-01
Ekansh Dewan,Female,61,Pallavaram,Maharashtra,2024-07-12
Neel Pandya,Male,66,Loni,Nagaland,2023-07-01
Sara Dewan,Female,41,Surendranagar Dudhrej,Nagaland,2023-06-03
Warjas Patil,Female,25,Mirzapur,West Bengal,2024-08-21
Advaith Bala,Male,46,Nangloi Jat,Karnataka,2026-02-03
Thomas Borra,Male,24,Faridabad,Uttar Pradesh,2022-10-18
Yashvi Mitter,Male,55,Mangalore,Haryana,2021-08-22
Theodore Badal,Female,42,Karimnagar,Uttarakhand,2025-01-17
Abdul Bahri,Male,56,Ujjain,Arunachal Pradesh,2023-05-24
Gabriel Din,Female,46,Malda,Uttar Pradesh,2023-02-10
Amara Kala,Female,30,Ranchi,Sikkim,2025-02-02
Chakradhar Bal,Male,50,Hindupur,Chhattisgarh,2023-01-23
Lipika Dhingra,Female,37,Jalgaon,Arunachal Pradesh,2023-10-19
Yahvi Vyas,Female,52,Thane,Karnataka,2024-05-15
Pooja Gulati,Female,55,Kadapa,Meghalaya,2023-11-12
Dominic Khosla,Female,21,Pali,Rajasthan,2022-04-13
Christopher Gopal,Male,62,Tadipatri,West Bengal,2026-01-19
Ikbal Gupta,Female,66,Srinagar,Haryana,2024-07-22
Niharika Sabharwal,Male,20,Ramgarh,Goa,2024-08-31
Chaman Mannan,Female,26,Medininagar,Arunachal Pradesh,2025-03-22
Chakradhar Chhabra,Female,46,Serampore,Tripura,2024-12-13
Bhavini Magar,Female,61,Patiala,Arunachal Pradesh,2022-10-26
Jagvi Sidhu,Male,37,Kirari Suleman Nagar,Tripura,2024-09-07
Harinakshi Pandya,Female,40,Raebareli,Jharkhand,2022-04-30
Tanveer Randhawa,Female,33,Davanagere,Chhattisgarh,2025-06-02
Charan Reddy,Female,40,Malda,Andhra Pradesh,2024-09-27
Jyoti Gala,Male,51,Saharanpur,Assam,2023-07-30
Abeer Sule,Female,48,Warangal,Uttar Pradesh,2025-12-01
Yug Deo,Female,29,Bulandshahr,Odisha,2022-02-02
Rohan Karnik,Female,40,Kirari Suleman Nagar,Sikkim,2021-08-12
Gopal Shetty,Female,40,Karnal,Karnataka,2025-08-25
Nathaniel Kara,Female,23,Singrauli,Manipur,2022-10-04
Baghyawati Rege,Female,43,Udaipur,Punjab,2025-09-27
Umang Pillai,Male,32,Mehsana,Nagaland,2025-06-06
Aahana Sandhu,Male,37,Thane,Odisha,2023-03-31
Urishilla Krishnan,Male,48,Mangalore,Assam,2022-02-03
Vamakshi Jha,Female,62,Raipur,Sikkim,2024-07-07
Nilima Banik,Male,30,Bihar Sharif,Uttarakhand,2026-04-20
Advik Keer,Female,60,Nanded,Arunachal Pradesh,2024-12-12
Hredhaan Sharaf,Male,42,Chandrapur,Odisha,2023-07-16
Yoshita Balay,Female,46,Nagercoil,Telangana,2022-05-06
Falguni Nagar,Female,39,Ghaziabad,Punjab,2022-01-11
Devansh Dar,Male,34,Rajpur Sonarpur,Kerala,2023-03-15
Charvi Goel,Male,27,Malegaon,Maharashtra,2025-07-06
Advik Bajwa,Male,33,Suryapet,Bihar,2025-07-22
Yuvraj Prabhu,Male,67,Bongaigaon,Maharashtra,2022-02-24
Teerth Ganesh,Female,46,Munger,Kerala,2022-03-16
Nirja Kakar,Male,41,Salem,Odisha,2021-10-19
Azaan Pandya,Male,60,Hazaribagh,Andhra Pradesh,2021-09-30
Tristan Narula,Male,62,New Delhi,Odisha,2022-07-03
Dominic Shah,Female,64,Chittoor,Assam,2023-02-21
Gautam Raj,Female,35,Ulhasnagar,Kerala,2022-10-04
Chaaya Deo,Female,18,Faridabad,Tamil Nadu,2023-01-02
Yochana Shroff,Male,35,Jorhat,Kerala,2026-03-29
George Sampath,Male,68,Navi Mumbai,Gujarat,2023-04-19
Nirja Thaman,Female,29,Hazaribagh,Sikkim,2025-03-24
Yatin Bhatt,Male,34,Kakinada,Bihar,2022-04-24
Balveer Dara,Female,61,Burhanpur,Nagaland,2025-05-26
Anusha Korpal,Female,52,Pudukkottai,Punjab,2024-05-07
Gauri Kaur,Female,57,Ichalkaranji,Uttar Pradesh,2022-06-25
Yagnesh Kalla,Female,51,Tadipatri,Gujarat,2022-07-03
Kevin Bhatti,Female,53,Ramgarh,Mizoram,2021-12-02
Nathaniel Sant,Female,68,Jammu,Assam,2024-12-12
Chameli Dash,Male,27,Sagar,Rajasthan,2023-05-20
Hardik Atwal,Female,69,Ambattur,Rajasthan,2023-10-17
Charita Ratta,Male,38,Bardhaman,Manipur,2025-07-13
Raghav Lata,Female,62,Latur,Telangana,2023-03-16
Charles Dugar,Female,26,Malegaon,Jharkhand,2021-11-19
Keya Modi,Female,47,Navi Mumbai,Bihar,2026-04-22
Jackson Dubey,Male,46,Allahabad,Meghalaya,2022-07-12
Jhalak Dugar,Male,44,Thoothukudi,Tamil Nadu,2024-02-24
Advaith Kaur,Female,43,Hajipur,Rajasthan,2021-10-13
Isaiah Barad,Female,25,Rampur,Haryana,2026-01-08
Bhavini Ravel,Female,43,Chinsurah,Madhya Pradesh,2025-08-02
Sachi Choudhury,Male,36,Raebareli,Mizoram,2026-05-26
Rachana Minhas,Female,36,Thoothukudi,Odisha,2024-08-17
Anusha Lal,Female,18,Junagadh,Meghalaya,2022-12-01
Anthony Sem,Male,32,Nadiad,Goa,2022-12-23
Janaki Kapadia,Male,60,Bathinda,Sikkim,2023-09-01
Zilmil Muni,Female,50,Vellore,Arunachal Pradesh,2026-03-27
Girik Solanki,Female,48,Madanapalle,Jharkhand,2022-01-28
Ekiya Das,Female,43,Visakhapatnam,Manipur,2025-05-19
Kavya Sem,Female,19,Ranchi,Madhya Pradesh,2024-05-23
Jairaj Varughese,Male,37,Karnal,Mizoram,2025-10-27
Avni Sachar,Female,55,Jhansi,Telangana,2026-01-09
Jhalak Cherian,Male,33,Fatehpur,Haryana,2021-07-12
Qabil Sarna,Male,61,Faridabad,Gujarat,2025-02-08
Kamala Venkataraman,Female,51,Deoghar,Sikkim,2024-06-06
Anthony Trivedi,Female,68,Gwalior,Goa,2023-02-19
Ikshita Bhavsar,Male,26,Kavali,Uttarakhand,2024-05-13
Jagat Kurian,Male,46,Hospet,West Bengal,2023-12-03
Anjali Bhargava,Male,37,Motihari,Tamil Nadu,2023-09-02
Warhi Dhingra,Male,35,Gandhinagar,Himachal Pradesh,2026-01-11
Hema Nath,Female,29,Amravati,Himachal Pradesh,2022-05-02
Aishani Purohit,Male,44,Bareilly,Odisha,2022-08-08
George Jha,Female,65,Mathura,Goa,2025-05-20
Pranav Prabhakar,Female,58,Thoothukudi,Rajasthan,2025-02-08
Utkarsh Kothari,Female,36,Nagercoil,Odisha,2026-03-29
Jackson Nagy,Female,31,Junagadh,Uttar Pradesh,2021-08-19
Jhalak Divan,Male,60,Patna,Gujarat,2024-04-11
Irya Ghose,Female,58,Nadiad,Madhya Pradesh,2022-04-03
Omaja Rao,Male,70,Kirari Suleman Nagar,Haryana,2023-12-01
Tarak Choudhary,Male,56,Ranchi,Kerala,2022-11-23
Qadim Dixit,Female,65,Ghaziabad,Sikkim,2021-10-10
Gaurang Mitra,Male,29,Bhubaneswar,Nagaland,2022-08-28
Jeevika Deo,Male,35,Davanagere,Arunachal Pradesh,2023-11-21
Turvi Sastry,Male,62,Phusro,Rajasthan,2023-06-15
Veer Prakash,Female,36,Loni,Madhya Pradesh,2024-08-28
Henry Pathak,Male,56,Warangal,Bihar,2025-08-05
Henry Nagarajan,Female,61,Muzaffarpur,Uttarakhand,2024-09-08
Kamya Dhar,Male,42,Jalgaon,Manipur,2023-03-31
Arin Bandi,Male,52,Khandwa,Madhya Pradesh,2025-08-11
Nisha Lad,Male,24,Madhyamgram,Chhattisgarh,2021-07-13
Ayaan Dhaliwal,Female,18,Allahabad,West Bengal,2023-05-02
Ekta Chauhan,Female,31,Jorhat,Assam,2021-11-11
Yauvani Chakraborty,Male,67,Cuttack,Assam,2023-02-09
Jalsa Nath,Male,48,Lucknow,Gujarat,2025-12-06
Oviya Ram,Male,22,Raebareli,Nagaland,2025-01-25
Jagat Bhavsar,Female,41,Guntur,Madhya Pradesh,2022-10-12
Eshana Srinivasan,Male,33,Muzaffarpur,Tamil Nadu,2023-09-13
Sathvik Bhalla,Female,39,Panchkula,West Bengal,2022-01-19
Upasna Magar,Male,33,Sangli-Miraj & Kupwad,Karnataka,2023-04-09
Isha Kannan,Female,41,Kozhikode,Uttar Pradesh,2022-04-01
Praneel Iyer,Male,58,Kollam,Rajasthan,2023-08-03
Saumya Gokhale,Male,46,Aizawl,Odisha,2023-04-18
Jonathan Bail,Female,24,Purnia,Mizoram,2024-11-09
Anusha Rattan,Male,27,Morbi,Assam,2024-12-20
Aachal Dewan,Female,23,Kolkata,Tripura,2022-02-26
Arunima Pingle,Female,47,Bihar Sharif,Meghalaya,2024-09-07
Jeremiah Buch,Female,55,Bidar,Tamil Nadu,2026-02-15
Avni Kakar,Female,60,Amroha,Tripura,2023-11-15
Lopa Narula,Female,40,Amaravati,Haryana,2024-06-24
Raagini Suri,Female,57,Jodhpur,Tamil Nadu,2023-04-17
Eesha Dhar,Male,18,Shimoga,Himachal Pradesh,2026-02-01
Yahvi Yogi,Female,40,Solapur,Tamil Nadu,2024-09-15
Libni Hegde,Male,21,Solapur,Assam,2024-01-10
Kritika Butala,Female,56,Kolhapur,Tamil Nadu,2024-02-19
Wakeeta Keer,Male,61,Ichalkaranji,Haryana,2021-12-01
Sai Prasad,Female,23,Surendranagar Dudhrej,West Bengal,2025-08-23
Kritika Kata,Male,34,Parbhani,Madhya Pradesh,2025-06-21
Bhavani Ray,Female,30,Tiruvottiyur,Punjab,2021-08-21
Charvi Baral,Female,44,Haldia,Tamil Nadu,2025-07-08
Zaid Sathe,Female,27,Avadi,Kerala,2022-01-25
Krisha Choudhary,Female,54,Hyderabad,Madhya Pradesh,2021-12-13
Zaid Tiwari,Female,25,Bilaspur,Telangana,2023-04-21
Maanas Mahal,Male,41,Jalna,Haryana,2022-07-19
Ishani Pai,Male,44,Guntakal,Kerala,2022-04-28
Hemal Sunder,Male,30,Bhalswa Jahangir Pur,Jharkhand,2025-11-21
Tanay Yogi,Female,26,Ambala,Nagaland,2024-04-20
Dakshesh Kade,Female,52,Deoghar,Meghalaya,2026-02-21
Vansha Khurana,Male,62,New Delhi,Madhya Pradesh,2024-08-22
Ekaja Behl,Female,70,Srinagar,Maharashtra,2025-08-05
Jacob Choudhary,Female,41,Agartala,Kerala,2021-11-15
Balvan Tank,Male,53,Ichalkaranji,Uttar Pradesh,2025-09-19
Yug Dass,Male,55,Bhilwara,Rajasthan,2023-12-09
Chatresh Sarraf,Male,68,Noida,Maharashtra,2023-03-15
Mugdha Hora,Male,37,Udaipur,Odisha,2023-06-25
Bina Bal,Female,40,Guna,Kerala,2022-12-17
Gaurangi Upadhyay,Female,22,Asansol,Karnataka,2025-10-03
Indrajit Madan,Female,35,Phusro,Tripura,2024-09-05
Dev Singh,Male,35,Pune,West Bengal,2021-08-18
Ekapad Gulati,Male,64,Vijayanagaram,Tamil Nadu,2022-01-20
George Venkatesh,Female,65,Nagpur,Tamil Nadu,2023-05-02
Yasti Patil,Male,20,Medininagar,Mizoram,2022-11-27
Aachal Goyal,Female,33,Chapra,Manipur,2025-09-08
Fariq Mani,Male,69,Akola,Nagaland,2025-03-15
Sai Chaudry,Male,54,Ongole,Himachal Pradesh,2026-03-18
Aayush Bala,Female,20,Bihar Sharif,Uttarakhand,2024-02-23
Chandresh Yohannan,Male,68,Jalna,Gujarat,2023-09-27
Avni Sahni,Female,46,Nandyal,Chhattisgarh,2025-02-03
Rishi Kamdar,Female,58,Tirupati,West Bengal,2022-07-01
Gunbir Krish,Female,41,Parbhani,Andhra Pradesh,2021-08-16
Bhavini Bains,Female,50,Mangalore,Odisha,2024-11-10
Ishaan Radhakrishnan,Male,26,Varanasi,Telangana,2021-12-17
Orinder Vyas,Male,20,Hazaribagh,Gujarat,2026-01-09
Sai Minhas,Female,18,Parbhani,Chhattisgarh,2021-08-27
Om Wable,Female,60,Bhiwandi,Mizoram,2025-11-10
Darika Bhatia,Male,50,Ulhasnagar,Nagaland,2024-08-21
Vedhika Pillay,Female,52,Gopalpur,Himachal Pradesh,2023-12-21
Theodore Hora,Female,58,Burhanpur,Mizoram,2023-12-03
Onveer Parekh,Male,35,Shahjahanpur,Nagaland,2023-03-15
Rajeshri Wable,Female,65,Jehanabad,Telangana,2022-10-07
Yatin Sarraf,Male,44,Dharmavaram,Tamil Nadu,2024-12-02
Ekiya Tandon,Female,25,Jabalpur,Karnataka,2023-10-11
Ayush Pau,Female,34,Dhanbad,Jharkhand,2025-11-10
Kiaan Srinivas,Male,56,Ballia,Chhattisgarh,2022-10-12
Kalpit Arora,Female,28,Hajipur,Meghalaya,2023-07-08
Ronith Dora,Male,27,Nizamabad,Goa,2021-11-15
Oliver Narayan,Female,44,Agartala,Meghalaya,2024-06-08
Pallavi Bhatia,Male,22,Yamunanagar,Jharkhand,2023-11-13
Arjun Mangat,Male,27,Sultan Pur Majra,Mizoram,2023-09-25
Utkarsh Palla,Female,69,Nizamabad,Haryana,2025-08-13
Mekhala Padmanabhan,Female,65,Sikar,West Bengal,2022-09-18
Gauri Dhillon,Female,37,Narasaraopet,Tripura,2022-01-04
Krishna Gopal,Female,64,Darbhanga,Maharashtra,2021-09-06
Aarav Chaudry,Female,33,Kanpur,Arunachal Pradesh,2023-01-15
Unnati Cherian,Female,52,Gudivada,Goa,2025-08-21
Amaira Goel,Male,53,Kollam,Punjab,2021-10-11
Sanaya Karpe,Male,65,Nagpur,Assam,2022-11-07
Urishilla Kara,Female,62,Dindigul,Meghalaya,2023-09-28
Shravya Batra,Female,68,Medininagar,Punjab,2022-06-16
Suhani Tata,Female,38,Mehsana,Maharashtra,2023-04-06
Eesha Setty,Female,29,Thoothukudi,Telangana,2024-12-31
Yuvraj Garde,Female,70,Ambarnath,West Bengal,2021-12-21
Darika Tiwari,Female,20,Hazaribagh,Chhattisgarh,2022-08-20
Praneel Shanker,Male,18,Khammam,Uttarakhand,2023-09-13
Watika Din,Male,37,Jamalpur,Tamil Nadu,2022-03-07
Wishi Grewal,Female,44,Katni,Chhattisgarh,2021-08-19
Vincent Majumdar,Female,58,Sikar,Himachal Pradesh,2023-03-05
Darsh Chadha,Male,41,Raebareli,Mizoram,2021-11-30
Chaman Bhat,Female,25,Shahjahanpur,West Bengal,2026-05-16
Liam Khosla,Female,57,Naihati,Karnataka,2025-12-25
Gaurang Kari,Male,38,Thoothukudi,Manipur,2023-02-01
Rishi Deo,Male,32,Ichalkaranji,Telangana,2024-11-19
Aarini Dugal,Male,28,Dharmavaram,Tamil Nadu,2025-04-25
Gabriel Vala,Female,21,Kakinada,Tamil Nadu,2025-05-28
Ayushman Sodhi,Male,43,Amaravati,Assam,2023-07-11
Utkarsh Das,Male,30,Jhansi,Uttar Pradesh,2024-11-23
Anvi Srinivasan,Male,46,Ramagundam,Sikkim,2022-01-12
Christopher Din,Male,57,Munger,Manipur,2024-02-15
Brijesh Sehgal,Female,21,Ballia,Odisha,2024-02-22
Dominic Datta,Female,24,Chandrapur,Chhattisgarh,2025-05-12
Oviya Tella,Female,47,Bhalswa Jahangir Pur,Tamil Nadu,2023-08-12
Widisha Salvi,Female,49,Begusarai,Karnataka,2025-09-17
Bina Bedi,Male,21,Kirari Suleman Nagar,Telangana,2022-10-03
Ekbal Borde,Male,46,Satna,Bihar,2024-08-03
Hredhaan Vaidya,Male,20,Chandigarh,Madhya Pradesh,2021-12-22
Chanchal Dora,Female,39,Anantapur,Maharashtra,2021-09-18
Aarush Sahni,Male,35,Darbhanga,Madhya Pradesh,2024-03-31
Ayushman Mishra,Female,68,Bhiwandi,Madhya Pradesh,2023-03-21
Ayaan Biswas,Male,41,Silchar,Arunachal Pradesh,2024-02-04
Anmol Vasa,Male,28,Shimla,Tripura,2021-09-28
Orinder Palla,Female,63,Thanjavur,Assam,2022-11-05
Yatin Choudhary,Male,68,Shahjahanpur,Arunachal Pradesh,2025-07-28
Aashi Balasubramanian,Male,58,North Dumdum,Tamil Nadu,2022-10-20
Naksh Nadkarni,Female,36,Yamunanagar,Madhya Pradesh,2025-06-09
Logan Mahajan,Male,32,Hyderabad,Kerala,2023-08-18
Gunbir Dhar,Male,51,Saharanpur,Uttar Pradesh,2023-04-20
Divya Pandya,Male,22,Ozhukarai,Mizoram,2023-09-29
Rajeshri Saran,Female,52,Kanpur,Maharashtra,2023-06-20
Rachana Ben,Male,46,Latur,Nagaland,2021-08-16
Vritti Om,Female,47,Shahjahanpur,Bihar,2022-10-21
Lucky Khatri,Female,63,Pimpri-Chinchwad,West Bengal,2022-08-26
Veda Sule,Male,70,Agra,Uttarakhand,2026-02-26
Aadhya Dara,Male,65,Dibrugarh,Haryana,2023-01-15
Patrick Sundaram,Female,27,Pondicherry,Rajasthan,2023-11-12
Ekavir Sha,Female,65,Bilaspur,Mizoram,2021-12-09
Nilima Vig,Female,26,Bhiwandi,Chhattisgarh,2022-05-05
Amol Ramachandran,Male,70,Asansol,Telangana,2024-11-07
Adya Khalsa,Female,24,Kozhikode,Maharashtra,2021-11-21
Zaitra Palla,Male,52,Karawal Nagar,Nagaland,2022-10-22
Oviya Samra,Female,20,Parbhani,West Bengal,2022-08-15
Eshana Trivedi,Male,59,Jaipur,Andhra Pradesh,2024-05-16
Osha Narain,Male,44,Gaya,Karnataka,2022-01-17
Isha Gara,Female,67,Vellore,Himachal Pradesh,2021-08-18
Ekapad Raj,Male,60,Phusro,Gujarat,2024-01-06
Raagini Zachariah,Female,37,Gopalpur,Uttarakhand,2022-05-27
Niharika Apte,Female,65,Muzaffarnagar,Gujarat,2023-11-06
Varsha Oommen,Male,37,Uluberia,Gujarat,2025-12-21
Bhanumati Sarna,Male,25,Bhusawal,Tamil Nadu,2024-02-13
Noah Barad,Male,19,Aligarh,Maharashtra,2023-08-15
Anay Pandit,Male,28,Durgapur,Mizoram,2023-08-14
Zayyan Shroff,Male,19,Amroha,Assam,2021-10-01
Devika Varghese,Male,68,Karaikudi,Telangana,2021-09-10
Unni Morar,Male,51,Ongole,Uttarakhand,2024-04-29
Max Narang,Female,35,Nangloi Jat,Madhya Pradesh,2024-09-29
Yochana Bhalla,Female,61,Tezpur,Jharkhand,2022-07-11
Chaitanya Deep,Male,33,Thoothukudi,Sikkim,2026-05-12
Devansh Jayaraman,Male,56,Firozabad,Uttarakhand,2025-05-19
Lipika Goswami,Female,59,Medininagar,Gujarat,2025-06-28
Udyati Ravi,Male,49,Meerut,Tamil Nadu,2023-12-17
Yashasvi Vora,Female,45,Ghaziabad,Meghalaya,2022-01-04
Jagat Puri,Male,28,Mumbai,Tripura,2025-10-07
Ekiya Gupta,Male,67,Gorakhpur,Himachal Pradesh,2024-10-03
Yatan Kapadia,Female,27,Ozhukarai,Manipur,2026-04-01
Mohammed Raj,Female,47,Sonipat,Uttarakhand,2023-05-10
Advay Pau,Female,37,Karnal,Assam,2022-12-12
Urvashi Chaudhuri,Female,45,Munger,Assam,2022-11-19
Ekansh Batta,Male,38,Jammu,Uttarakhand,2025-04-21
Reyansh Sagar,Male,39,Raichur,Tripura,2023-04-02
Varsha Chaudhry,Female,42,Sagar,Madhya Pradesh,2022-07-31
Madhavi Boase,Male,34,Thoothukudi,Assam,2025-08-12
Maanas Kota,Male,56,Aurangabad,Tripura,2026-03-16
Dev Dhar,Male,29,Thoothukudi,Odisha,2023-02-27
Rehaan Bhardwaj,Male,29,Mau,West Bengal,2024-09-25
Kavya Bawa,Female,40,Bharatpur,Jharkhand,2025-12-15
Urvi Hegde,Male,38,Raurkela Industrial Township,Mizoram,2022-12-12
Jagat Soni,Female,54,Davanagere,Chhattisgarh,2022-01-19
Nachiket Tailor,Male,58,Guna,Meghalaya,2026-01-24
Vivaan Chhabra,Female,26,Mehsana,Punjab,2022-02-02
Tanveer Naik,Male,32,Malegaon,Goa,2025-10-01
Girik Sarraf,Female,40,Surendranagar Dudhrej,Jharkhand,2022-10-08
Yashodhara Batra,Male,22,Phagwara,Goa,2023-03-16
Chaman Zachariah,Female,33,Tenali,Assam,2022-08-07
Ria Tripathi,Male,21,Bidar,Uttar Pradesh,2025-08-18
Chatresh Pingle,Female,21,Buxar,Arunachal Pradesh,2023-09-01
Max Banerjee,Male,62,Anantapuram,Haryana,2023-03-09
Jeet Chaudhari,Male,18,Faridabad,Uttarakhand,2021-12-04
Nidhi Parmar,Female,36,Mysore,Kerala,2021-08-31
Ekta Khanna,Male,32,Warangal,Odisha,2026-04-22
Upma Reddy,Male,60,Kishanganj,Goa,2023-04-29
Siya Swaminathan,Male,57,Jorhat,West Bengal,2022-12-02
Wyatt Chander,Female,43,Nanded,Rajasthan,2022-07-04
Vritti Bhat,Female,61,Allahabad,Uttarakhand,2025-11-10
Banjeet Rao,Female,51,Mango,Andhra Pradesh,2024-12-14
Tarak Brar,Male,62,Loni,Manipur,2026-06-13
Yug Mukhopadhyay,Female,34,Haridwar,Madhya Pradesh,2023-07-21
Samarth Mody,Male,32,Sonipat,Mizoram,2021-08-01
Vasatika Barad,Male,66,Tiruvottiyur,Punjab,2023-07-25
Azaan Nadkarni,Female,56,Sambhal,Jharkhand,2023-03-27
Vrishti Trivedi,Female,22,Jodhpur,Punjab,2024-03-04
Udant Peri,Female,39,Kulti,Telangana,2021-07-11
Krishna Shankar,Female,35,Jorhat,Bihar,2021-12-09
Madhavi Srinivas,Female,36,Raiganj,Bihar,2026-01-01
Michael Merchant,Male,26,Bhagalpur,Maharashtra,2024-12-14
Yatin Setty,Male,29,Vijayawada,Haryana,2024-10-04
Yashawini Andra,Female,66,Kochi,Bihar,2024-06-27
Sai Mane,Male,35,Khandwa,Madhya Pradesh,2026-02-19
Hardik Mall,Male,48,Khammam,Mizoram,2024-11-18
Aryan Bansal,Male,67,Miryalaguda,Chhattisgarh,2022-06-02
Andrew Bakshi,Male,34,Patna,Punjab,2025-02-02
Omya Sankaran,Male,38,Phagwara,Karnataka,2023-10-29
Sudiksha Bhandari,Female,59,Anand,Arunachal Pradesh,2024-08-26
Veda Purohit,Male,25,Miryalaguda,Rajasthan,2022-05-12
Diya Sarin,Male,46,Jamshedpur,Uttar Pradesh,2024-12-22
Vamakshi Gade,Male,40,Shimoga,Uttar Pradesh,2023-11-20
Xavier Barad,Female,67,Parbhani,Uttarakhand,2023-03-19
Aditya Gara,Male,42,Danapur,Gujarat,2026-03-02
Anjali Sant,Female,27,Jamalpur,Arunachal Pradesh,2023-08-11
Gaurang Konda,Female,57,Bahraich,Gujarat,2025-04-07
Sneha Anne,Male,67,Phagwara,Telangana,2025-10-10
Wyatt Dalal,Male,43,Tadepalligudem,Maharashtra,2023-11-05
Kamya Chand,Female,62,Parbhani,Punjab,2022-03-24
Hitesh Ratti,Female,32,Muzaffarnagar,Odisha,2024-08-30
Kiaan Banik,Female,42,Rewa,Uttarakhand,2025-04-28
Xalak Mistry,Female,38,Kishanganj,Haryana,2021-12-12
Alka Manda,Female,30,Meerut,Uttar Pradesh,2026-01-04
Bhavika Chatterjee,Female,68,Kavali,Maharashtra,2024-12-31
Rishi Lalla,Male,70,Jamalpur,Meghalaya,2022-01-08
Rachita Buch,Female,66,Karimnagar,Karnataka,2023-09-22
Hritik Dasgupta,Male,68,Coimbatore,Bihar,2026-04-24
Lucky Basu,Male,30,Tirunelveli,Mizoram,2021-12-13
Ojasvi Bhatti,Male,55,Bihar Sharif,Karnataka,2024-05-28
Janya Om,Male,27,Proddatur,Karnataka,2023-02-10
Arunima Luthra,Female,49,Gaya,Gujarat,2022-02-10
Aarush Chauhan,Female,50,Kurnool,Arunachal Pradesh,2025-05-07
Upadhriti Dar,Female,30,Serampore,Jharkhand,2023-07-03
Yoshita Ramaswamy,Female,62,Agartala,Odisha,2023-08-08
Ikbal Jayaraman,Female,69,Tiruvottiyur,Jharkhand,2026-02-16
Manbir Radhakrishnan,Female,32,Secunderabad,Manipur,2021-07-06
Laksh Rau,Male,21,Buxar,Maharashtra,2023-10-17
Rachit Hegde,Male,34,Panvel,Mizoram,2025-06-05
Ayushman Dhar,Male,70,Pondicherry,Assam,2023-03-30
Zayyan Raghavan,Male,22,Amritsar,Manipur,2024-09-29
Mugdha Johal,Female,68,Berhampore,Assam,2022-03-21
Karan Arya,Male,34,Vijayanagaram,Kerala,2022-01-05
Veda Sen,Female,33,Bhilwara,Assam,2021-08-08
Girik Dhar,Female,70,Bally,Tripura,2024-09-02
Oscar Zacharia,Female,35,Adoni,Rajasthan,2023-08-14
Charles Ray,Female,48,Raiganj,Karnataka,2021-09-14
Zilmil Bala,Male,50,Srinagar,Karnataka,2025-03-04
Sanya Bala,Male,60,Erode,Maharashtra,2025-10-23
Hredhaan Acharya,Female,68,Davanagere,Manipur,2024-06-08
Vaishnavi Ravi,Female,39,Medininagar,Uttarakhand,2025-02-21
Aadi Kata,Female,35,Khandwa,Maharashtra,2021-07-25
Kritika Krish,Female,51,Farrukhabad,Goa,2023-10-04
Rehaan Chatterjee,Male,47,Arrah,Jharkhand,2023-08-12
Aarnav Kalla,Female,41,Thanjavur,Odisha,2025-03-07
Isaiah Datta,Female,26,Ghaziabad,Madhya Pradesh,2026-01-07
Yadavi Bhakta,Male,58,Malegaon,Andhra Pradesh,2022-07-01
Rajeshri Jaggi,Female,62,Cuttack,Himachal Pradesh,2023-12-25
Faras Warrior,Female,42,Kanpur,Himachal Pradesh,2023-10-05
Ridhi Chad,Male,32,Thane,Kerala,2025-03-30
Raksha Rout,Female,68,Warangal,Sikkim,2024-06-16
Zayan Sundaram,Female,28,Gwalior,Goa,2024-07-22
Chasmum Sant,Male,23,Adoni,Chhattisgarh,2024-06-21
Gopal Johal,Male,19,Surat,Meghalaya,2024-11-07
Sudiksha Minhas,Female,60,Ozhukarai,Punjab,2025-02-08
Abeer Oak,Male,46,Ahmednagar,Himachal Pradesh,2025-12-23
Naksh Behl,Female,46,Hajipur,Himachal Pradesh,2022-04-05
Upma Lanka,Female,35,Jamalpur,Gujarat,2024-07-01
Darsh Randhawa,Male,69,Bidhannagar,Tripura,2025-12-26
Garima Bhattacharyya,Female,68,Danapur,Kerala,2025-04-06
Akshay Lal,Female,51,Nashik,Jharkhand,2025-02-15
Aashi Prabhu,Female,43,Agra,Mizoram,2024-01-15
Noah Kibe,Male,46,Bellary,Gujarat,2021-07-16
Zashil Din,Female,52,Begusarai,Karnataka,2026-06-17
Nandini Nanda,Female,44,Mysore,Bihar,2022-08-27
Jackson Mangal,Female,61,Patna,Odisha,2026-04-12
Rohan Taneja,Male,52,Sikar,Jharkhand,2026-05-08
Laksh Khosla,Female,50,Ambattur,Andhra Pradesh,2026-06-02
Dayamai Chand,Male,54,Delhi,Haryana,2023-09-23
Chavvi Borde,Male,46,Thanjavur,Himachal Pradesh,2022-10-19
Gaurika Keer,Female,37,Unnao,Maharashtra,2025-09-28
Yuvraj Khanna,Female,22,Srikakulam,Punjab,2023-07-19
Omya Dua,Male,35,Amritsar,Arunachal Pradesh,2021-07-04
Yahvi Goswami,Male,57,Bhilwara,Kerala,2024-01-21
Kai Grewal,Male,58,Chinsurah,Uttar Pradesh,2025-04-08
Yadavi Virk,Male,59,Anantapuram,Meghalaya,2023-07-17
David Chad,Male,48,Mehsana,Goa,2021-12-24
Maya Kalita,Male,25,Panihati,Goa,2024-07-11
Aahana Parsa,Female,59,Gandhidham,Nagaland,2022-05-21
Gautam Gera,Male,18,Bathinda,Assam,2025-07-25
Harini Randhawa,Female,35,Ghaziabad,Goa,2023-08-16
Ranbir Prabhu,Female,60,Purnia,Maharashtra,2024-02-10
Rishi Gaba,Male,60,Surat,Chhattisgarh,2025-08-13
Ekavir Warrior,Female,60,Kulti,Telangana,2022-07-02
Dev Venkataraman,Female,59,Bongaigaon,Gujarat,2024-03-20
Advay Bakshi,Female,31,Jorhat,Nagaland,2023-07-05
Aarini Sule,Male,34,Kurnool,Assam,2024-06-13
Triya Oak,Male,18,Muzaffarnagar,Chhattisgarh,2023-12-31
Ikbal Mannan,Female,30,Jaipur,Maharashtra,2023-07-05
Niharika Sani,Male,42,Nagpur,West Bengal,2024-12-07
Noah Dutt,Female,28,Amritsar,Tripura,2025-08-27
Gaurav Shenoy,Female,41,Thane,Nagaland,2022-04-21
Rajeshri Krishna,Female,23,Bellary,Sikkim,2024-05-01
Chaitanya Kata,Male,66,Vellore,Telangana,2026-02-10
Balveer Ramachandran,Male,47,Medininagar,Uttar Pradesh,2024-01-15
Nikita Gara,Male,66,Mysore,Jharkhand,2023-01-22
Jacob Arora,Female,70,South Dumdum,Karnataka,2023-04-14
Aayush Dasgupta,Male,58,Ramgarh,Gujarat,2025-06-22
Isha Nazareth,Male,22,Katihar,Andhra Pradesh,2022-02-24
Krish Bandi,Female,56,Yamunanagar,Jharkhand,2023-06-07
Pooja Sha,Male,30,Jalna,Kerala,2025-12-23
Ikbal Pandya,Male,66,Maheshtala,Bihar,2025-06-14
Warjas Murty,Male,59,Dharmavaram,Arunachal Pradesh,2025-01-01
Xavier Sharma,Male,46,Surat,Manipur,2023-04-27
Ubika Merchant,Female,28,Tiruvottiyur,Chhattisgarh,2023-12-22
Dayita Hegde,Female,31,Hapur,Odisha,2026-05-11
Hemani Tripathi,Female,64,Srinagar,Nagaland,2026-05-10
Timothy Oommen,Male,23,Agartala,Karnataka,2022-07-25
Watika Chaudhari,Female,49,Dhanbad,Haryana,2024-04-28
Falguni Dass,Female,63,Aurangabad,Tripura,2022-06-01
Ranveer Raja,Female,42,Hosur,Karnataka,2024-12-24
Aryan Sem,Female,33,Bhagalpur,Karnataka,2025-09-19
Ganga Dar,Male,62,Aligarh,Punjab,2024-07-16
Rachit Chaudhuri,Female,58,Saharanpur,Arunachal Pradesh,2022-04-17
Zarna Varughese,Female,47,Jabalpur,Assam,2024-09-23
Varenya Oommen,Male,56,Orai,Rajasthan,2022-05-19
Fitan Batta,Female,22,Ahmednagar,Karnataka,2026-01-09
Ethan Sahota,Male,18,Ajmer,Karnataka,2025-05-31
Zehaan Mammen,Female,32,Imphal,Mizoram,2023-07-23
Agastya Edwin,Male,23,Jorhat,Maharashtra,2021-07-26
Saumya Kakar,Male,48,Hapur,Madhya Pradesh,2022-12-31
Maya Garg,Female,56,Kalyan-Dombivli,Madhya Pradesh,2025-02-16
Dakshesh Panchal,Male,44,Motihari,Odisha,2023-06-06
Jagdish Nayak,Male,39,Lucknow,Manipur,2026-05-29
Pooja Sampath,Female,50,Pune,Goa,2023-02-17
Brinda Patla,Male,41,Belgaum,Nagaland,2022-10-06
Gaurang Shan,Male,45,Korba,Maharashtra,2024-01-22
Kalpit Karan,Female,38,Patiala,Sikkim,2026-04-23
Zaid Sundaram,Male,37,Nizamabad,Haryana,2023-09-03
Krish Muni,Male,49,Guntakal,Telangana,2025-02-05
Vasudha Konda,Female,36,Pune,Manipur,2023-04-22
Udyati Tak,Female,31,Raichur,Chhattisgarh,2025-07-14
Garima Loyal,Female,42,Khora ,Bihar,2025-07-08
Jagdish Reddy,Female,24,Haldia,Uttarakhand,2026-04-02
Osha Bir,Male,61,Karnal,Manipur,2026-03-26
Wridesh Memon,Male,70,Madurai,Punjab,2025-07-30
Pavani Yadav,Female,45,North Dumdum,West Bengal,2022-04-25
Onveer Bava,Female,49,Kirari Suleman Nagar,Andhra Pradesh,2021-07-15
Harsh Kata,Female,41,Kozhikode,Arunachal Pradesh,2026-06-03
Ekantika Saxena,Female,55,Singrauli,Nagaland,2022-12-09
Nandini Grewal,Male,50,Madanapalle,Manipur,2022-11-13
Azad Dani,Male,22,Surat,Jharkhand,2024-04-28
Baghyawati Halder,Female,21,Gangtok,Rajasthan,2024-05-12
Ijaya Ganesan,Female,21,Jaipur,Chhattisgarh,2025-09-08
Yochana Loke,Male,26,Dhule,Telangana,2024-05-20
Aadhya Bhagat,Male,60,Erode,Andhra Pradesh,2021-08-28
Zarna Dhillon,Male,31,Bhiwani,Odisha,2024-06-18
Chandran Gaba,Female,29,Secunderabad,Nagaland,2022-12-23
Indrajit Goel,Female,44,Bulandshahr,Goa,2021-06-27
Zansi Mital,Female,69,Parbhani,Bihar,2024-03-20
Harsh Mani,Female,70,Sirsa,Nagaland,2021-10-28
Chandran Bhardwaj,Male,21,Purnia,West Bengal,2022-03-14
Chatura Bhatti,Male,44,Bijapur,Assam,2025-01-22
Nitara Upadhyay,Male,57,Vijayawada,Mizoram,2022-02-06
Indira Chaudhari,Male,47,Amroha,Telangana,2026-05-13
Yatin Dugar,Female,68,Bhagalpur,Karnataka,2021-12-03
Leena Raja,Female,22,Ulhasnagar,Bihar,2024-12-08
Fariq Varty,Female,50,Nellore,Sikkim,2025-03-04
Ishanvi Shere,Female,53,Solapur,Uttar Pradesh,2024-10-12
Janaki Sehgal,Male,33,Fatehpur,West Bengal,2025-03-21
Charles Sankaran,Female,37,Sagar,Arunachal Pradesh,2026-05-09
Krishna Virk,Female,51,Alwar,Gujarat,2023-06-29
Parth Chatterjee,Female,47,Belgaum,Tamil Nadu,2025-09-25
Ekapad Nagy,Male,63,Berhampur,Uttar Pradesh,2024-07-03
Yasti Jayaraman,Female,49,Jalandhar,Andhra Pradesh,2025-04-20
Ridhi Chahal,Female,33,Chennai,Karnataka,2023-09-27
Jairaj Kothari,Female,23,Jaunpur,Mizoram,2024-09-06
Patrick Tailor,Female,50,Suryapet,Sikkim,2024-11-05
Qushi Mannan,Female,70,Saharsa,Manipur,2025-08-20
Maya Pant,Male,20,Munger,Karnataka,2022-07-03
Varenya Sethi,Male,37,Hindupur,Rajasthan,2026-05-03
Yagnesh Chana,Female,69,Kalyan-Dombivli,Assam,2021-06-29
Vidhi Varughese,Male,38,Gulbarga,West Bengal,2022-10-03
Arunima Dhar,Female,32,Satna,Meghalaya,2025-07-26
Yochana Som,Female,41,Ichalkaranji,Chhattisgarh,2021-11-27
Anya Srinivas,Female,46,Jorhat,Goa,2024-02-03
Ikbal Chakraborty,Male,69,Muzaffarnagar,Chhattisgarh,2022-05-18
Ijaya Mital,Male,66,Coimbatore,Uttar Pradesh,2022-04-25
Aarna Parikh,Female,31,Sagar,Rajasthan,2025-03-02
Isha Deo,Female,31,Nellore,Rajasthan,2024-10-15
Hiral Om,Male,57,Kirari Suleman Nagar,Meghalaya,2026-05-15
Bahadurjit Rout,Female,31,Amroha,Uttarakhand,2022-11-29
Krishna Mand,Female,44,Surat,Bihar,2021-10-17
Ishita Rao,Female,66,Kavali,Bihar,2026-06-12
Sanya Batta,Male,32,South Dumdum,Maharashtra,2023-03-17
Chameli Nagarajan,Male,37,Nashik,Tripura,2024-10-03
Joshua Wagle,Female,70,Eluru,Mizoram,2022-09-11
Yoshita Khatri,Male,49,Dewas,Uttar Pradesh,2024-07-09
Triya Bhatti,Male,39,Dibrugarh,Manipur,2022-03-28
Chavvi Singhal,Female,21,Sri Ganganagar,Tamil Nadu,2024-10-15
Manbir Saxena,Male,52,Tiruvottiyur,Arunachal Pradesh,2024-11-23
Timothy Vasa,Male,67,Mysore,Tripura,2025-10-22
Ridhi Chakraborty,Female,29,Jalna,Tripura,2026-03-24
Urvi Solanki,Female,50,Mysore,Haryana,2022-09-04
Charan Shenoy,Female,43,Kottayam,Andhra Pradesh,2023-06-01
Yutika Patla,Female,64,Gandhinagar,Karnataka,2024-10-19
Nakul Gupta,Female,48,Arrah,Rajasthan,2024-05-02
Priya Krish,Female,57,Munger,Tamil Nadu,2025-05-24
Krish Gaba,Female,27,Adoni,Sikkim,2026-06-15
Urvashi Setty,Female,51,Raipur,Tripura,2026-06-06
Alexander Wali,Male,34,Ghaziabad,Manipur,2026-05-11
Max Yohannan,Female,20,Kirari Suleman Nagar,Rajasthan,2023-05-04
Siddharth Parmer,Female,46,Bharatpur,Madhya Pradesh,2026-04-19
Gaurang Balakrishnan,Male,45,Khandwa,Kerala,2023-11-08
Yashodhara Morar,Male,61,Khora ,West Bengal,2025-08-03
Anika Guha,Female,60,Ghaziabad,Assam,2025-01-07
Fariq Devan,Female,36,Solapur,Haryana,2022-03-16
Janya Sundaram,Female,41,Begusarai,Uttarakhand,2022-08-08
Finn Varghese,Male,26,Gudivada,Odisha,2023-07-24
Mahika Shankar,Male,58,Ghaziabad,Tamil Nadu,2022-05-17
Gagan Ramaswamy,Male,55,Deoghar,Odisha,2022-02-09
Ladli D’Alia,Female,70,Jodhpur,Uttarakhand,2024-12-13
Gunbir Zachariah,Female,38,Shimla,Andhra Pradesh,2021-09-03
Priya Sami,Female,56,North Dumdum,Haryana,2024-07-01
Harinakshi Kulkarni,Female,38,Malda,Assam,2025-12-11
Amruta Kurian,Female,24,Miryalaguda,Madhya Pradesh,2025-07-27
Aashi Kapoor,Female,21,Hospet,Andhra Pradesh,2022-12-02
Rohan Roy,Male,61,Hubli–Dharwad,Karnataka,2025-12-08
Nilima Keer,Male,60,Jammu,Goa,2024-06-02
Ekani Din,Female,23,Ramagundam,Kerala,2025-04-01
Anay Bali,Male,50,Avadi,Arunachal Pradesh,2025-12-31
Leela Chaudhry,Female,44,Baranagar,Meghalaya,2023-04-21
Chakradev Mall,Male,44,Gulbarga,Punjab,2026-05-22
Ijaya Swamy,Male,52,Anand,Assam,2023-12-06
Hitesh Bhargava,Female,24,Gaya,Goa,2026-03-06
Janya Solanki,Female,48,Purnia,Meghalaya,2024-07-04
Chandresh Johal,Male,46,Purnia,Nagaland,2026-05-15
Quincy Bhagat,Female,34,Proddatur,Nagaland,2022-08-13
Rehaan Narasimhan,Male,50,Kota,Uttarakhand,2024-03-12
Kai Chaudhary,Male,69,Tadepalligudem,Chhattisgarh,2025-11-27
Sneha Manda,Male,32,Jamnagar,Telangana,2021-07-07
Qadim Wason,Male,46,Raipur,Odisha,2025-12-17
Turvi Wadhwa,Male,33,Imphal,Maharashtra,2026-01-30
Ronith Kothari,Male,55,Chennai,Bihar,2025-09-20
Zehaan Sridhar,Male,47,Nandyal,Nagaland,2021-10-19
Yash Ganesan,Female,37,Dhanbad,Arunachal Pradesh,2024-05-03
Maanav Viswanathan,Female,50,Tadipatri,Mizoram,2024-10-21
Omya Sarraf,Male,27,Aurangabad,Bihar,2022-05-26
Manya Bhattacharyya,Male,19,Howrah,Odisha,2021-06-27
Ekalinga Munshi,Female,69,Chandrapur,Chhattisgarh,2021-11-04
Sanya Gill,Male,18,Fatehpur,Bihar,2023-09-06
Krishna Bali,Female,29,Jalgaon,Arunachal Pradesh,2025-08-21
Ekani Kata,Male,43,Ahmednagar,Maharashtra,2025-09-28
Adweta Dugal,Male,65,Mirzapur,Uttarakhand,2021-12-09
Yashawini Mistry,Male,49,Howrah,Manipur,2021-08-31
Ubika Handa,Female,25,Junagadh,Himachal Pradesh,2022-06-27
Avni Saran,Male,25,Gwalior,Haryana,2022-11-28
Yashawini Sagar,Female,59,Varanasi,Telangana,2022-10-26
Hitesh Guha,Male,18,Raiganj,Odisha,2026-02-04
Arin Narasimhan,Male,35,Sirsa,Jharkhand,2023-09-07
Aarini Brar,Male,19,Kulti,Jharkhand,2024-08-26
Mekhala Karan,Male,34,Darbhanga,Mizoram,2021-09-11
Max Oommen,Female,63,Dhule,Telangana,2025-07-26
Bachittar Nori,Male,63,Latur,Uttarakhand,2023-06-13
Daniel Behl,Female,43,Rajkot,Punjab,2023-05-12
Frederick Ramanathan,Female,46,Nanded,Gujarat,2022-01-20
Nidhi Khatri,Male,20,Tinsukia,Madhya Pradesh,2023-10-28
Divya Bahri,Female,62,Jehanabad,Punjab,2025-07-21
Xiti Majumdar,Female,40,Panvel,Goa,2024-04-10
Lakshmi Din,Male,41,Dehradun,Karnataka,2024-04-26
Edhitha Ravel,Female,70,Tinsukia,Haryana,2024-10-10
Timothy Varkey,Male,41,Mirzapur,Himachal Pradesh,2025-01-12
Warjas Patla,Female,56,Ahmednagar,Gujarat,2021-07-11
Dalbir Baral,Female,64,Hajipur,Nagaland,2022-01-25
Ira Arora,Female,28,Firozabad,West Bengal,2023-07-04
Wahab Luthra,Female,44,Morbi,Karnataka,2023-02-13
Parth Chandra,Male,19,Faridabad,Chhattisgarh,2022-12-27
Rayaan Muni,Male,29,Vadodara,Himachal Pradesh,2022-07-03
Lekha Balakrishnan,Male,53,Narasaraopet,Odisha,2024-11-23
Naksh Karan,Male,65,Bhubaneswar,Bihar,2026-06-18
Ishanvi Srinivasan,Male,69,Rampur,Madhya Pradesh,2023-11-17
Advaith Gandhi,Female,37,Morena,Madhya Pradesh,2024-12-01
Rachana Nath,Female,38,Aligarh,Assam,2021-07-16
Umang Hora,Female,48,Lucknow,Karnataka,2024-08-23
Amruta Kapadia,Male,51,Nagpur,Meghalaya,2022-07-16
Luke Dugar,Male,57,Jamnagar,Sikkim,2025-08-16
Lipika Padmanabhan,Female,32,Saharsa,Sikkim,2023-11-30
Kavya Dhingra,Male,49,Suryapet,Madhya Pradesh,2022-06-29
Yahvi Maharaj,Male,31,Ranchi,Assam,2024-06-03
Ekapad Guha,Female,45,Kollam,Arunachal Pradesh,2024-03-15
Zayan Sharaf,Male,57,Tirupati,Madhya Pradesh,2024-09-16
Harsh Kothari,Male,23,Salem,Odisha,2024-07-14
Bahadurjit Bassi,Female,62,Ongole,Assam,2024-12-22
Geetika Halder,Female,29,Raurkela Industrial Township,Chhattisgarh,2026-03-20
Riya Balasubramanian,Female,65,Anantapuram,Tamil Nadu,2026-01-02
Ridhi Bandi,Male,57,Ichalkaranji,Kerala,2026-01-03
Veer Bhasin,Male,69,Ratlam,Haryana,2023-04-20
Warjas Pau,Female,36,Nanded,Arunachal Pradesh,2023-05-04
Advaith Karan,Female,69,Bhubaneswar,Manipur,2022-11-12
Varenya Shanker,Female,22,Adoni,Rajasthan,2025-11-11
Kamala Bassi,Male,43,Mangalore,Gujarat,2026-01-12
Sai Kata,Male,68,Dehradun,Jharkhand,2025-01-13
Charles Date,Female,35,Ahmedabad,Uttar Pradesh,2022-05-25
Fariq Naik,Male,45,Sasaram,Meghalaya,2024-02-13
Yuvraj Mittal,Female,39,Haldia,Goa,2022-04-04
Upma Mane,Male,50,Ambarnath,Goa,2025-03-05
Bishakha Mangal,Female,22,Proddatur,Jharkhand,2023-05-08
Nimrat Goyal,Male,36,Bhopal,Maharashtra,2025-08-26
William Bains,Female,47,Kanpur,Karnataka,2022-06-06
Bhanumati Palan,Male,69,Nangloi Jat,Arunachal Pradesh,2022-12-18
Finn Krishna,Male,25,Bhilai,Sikkim,2022-09-01
Amruta Lata,Male,22,Eluru,Tripura,2021-10-22
Theodore Krishna,Female,63,Lucknow,Manipur,2024-03-14
Vamakshi Dasgupta,Female,21,Gaya,Himachal Pradesh,2025-01-23
Vasudha Thaman,Female,50,Karawal Nagar,Tripura,2024-03-20
Ridhi Suresh,Female,58,Karimnagar,Madhya Pradesh,2022-02-04
Warhi Kale,Male,56,Panchkula,Himachal Pradesh,2021-12-17
Dayita Bali,Female,57,Agartala,West Bengal,2025-01-30
Ekiya Dewan,Female,28,Deoghar,Karnataka,2021-09-10
Garima Thakur,Male,59,Nandyal,Uttar Pradesh,2025-09-30
Ronith Puri,Male,51,Mau,Meghalaya,2026-03-21
Tanish Bhardwaj,Female,34,Nagercoil,Uttarakhand,2021-12-04
Neelima Ganguly,Female,47,Dhanbad,Tripura,2023-01-19
Ojasvi Sani,Male,69,Anand,Andhra Pradesh,2025-08-30
Wazir Sachar,Male,23,Jorhat,Karnataka,2025-11-19
Maanav Kapur,Male,57,Chittoor,Assam,2025-05-07
Madhav Bhatti,Male,53,Kolkata,Chhattisgarh,2021-06-23
Raghav Prasad,Male,40,Anand,Madhya Pradesh,2023-04-08
Finn Parmer,Male,26,Tumkur,Kerala,2024-08-02
Jeremiah Sane,Female,24,Dehri,West Bengal,2024-07-09
Laban Narasimhan,Male,62,Karnal,Tamil Nadu,2024-04-11
Eta Ben,Female,44,Sri Ganganagar,Uttarakhand,2023-05-02
Girindra Anand,Female,20,Anantapur,Tamil Nadu,2021-07-28
Vihaan Kata,Male,28,Srinagar,Madhya Pradesh,2022-07-20
Ikbal Soman,Male,49,Proddatur,Gujarat,2021-10-31
Reyansh Mangat,Male,19,Ozhukarai,Kerala,2025-01-04
Tanay Bandi,Male,31,Raipur,Goa,2023-03-28
Aadhya Saran,Male,39,Burhanpur,Arunachal Pradesh,2022-04-26
Gaurang Ratta,Female,64,New Delhi,Assam,2024-06-18
Brinda Viswanathan,Female,60,Faridabad,Himachal Pradesh,2024-11-17
Saksham Mital,Male,61,Kavali,Rajasthan,2023-04-19
Wridesh Rai,Female,34,Nadiad,Sikkim,2021-07-12
Banjeet Sur,Male,40,Sultan Pur Majra,Haryana,2025-01-29
Advika Chhabra,Female,38,Dharmavaram,Tripura,2024-10-12
Ijaya Hari,Male,60,Gandhinagar,Telangana,2024-03-24
Jeevika Dube,Female,24,Kolhapur,Himachal Pradesh,2021-08-09
Upasna Dubey,Male,49,Dehri,Mizoram,2025-01-26
Vrishti Kohli,Male,51,Hyderabad,Arunachal Pradesh,2022-02-09
Harrison Varma,Female,70,Ratlam,Jharkhand,2025-04-03
Ekiya Bala,Female,65,Mysore,Sikkim,2021-07-31
Parth Verma,Female,54,Arrah,Maharashtra,2022-09-14
Ekalinga Mital,Male,25,Latur,West Bengal,2022-12-20
Nakul Barman,Female,69,Rajpur Sonarpur,Tripura,2022-03-06
Barkha Deshpande,Female,70,Katihar,Goa,2024-04-20
Panini Mohan,Male,34,Srikakulam,Arunachal Pradesh,2022-10-26
Dhriti Bava,Female,19,Meerut,Bihar,2025-06-01
Maanav Kata,Male,57,Purnia,Goa,2021-11-10
Noah Rajan,Male,50,South Dumdum,Meghalaya,2025-05-20
Kiaan Vala,Male,27,Srinagar,Punjab,2025-05-06
Onveer Minhas,Male,41,Nadiad,Telangana,2026-03-30
Pooja Ray,Female,41,Gudivada,Uttarakhand,2022-08-12
Balvan Bhavsar,Male,27,Sangli-Miraj & Kupwad,Madhya Pradesh,2024-09-29
Vinaya Parmar,Male,65,Kharagpur,Sikkim,2025-09-15
Advay Basu,Male,31,Jorhat,Rajasthan,2022-03-01
Balhaar Mitter,Female,20,Mirzapur,Sikkim,2023-12-23
Mugdha Borah,Male,43,Begusarai,Kerala,2022-03-21
Champak Sethi,Female,37,Munger,Punjab,2023-07-04
Christopher Patla,Female,25,Delhi,Assam,2024-12-21
Yash Rastogi,Female,40,Phusro,Uttarakhand,2023-04-07
Ijaya Bedi,Male,48,Bijapur,Bihar,2023-01-18
Chavvi Jayaraman,Male,18,Jabalpur,Tripura,2024-12-20
Jagrati Ramesh,Male,27,Ratlam,Himachal Pradesh,2025-10-08
Timothy Sidhu,Female,27,Giridih,Uttar Pradesh,2025-11-09
Tanay Badami,Female,20,Davanagere,Tamil Nadu,2022-10-17
Rajata Tella,Female,23,Raipur,Bihar,2022-03-04
Nilima Narang,Female,63,Phusro,Goa,2026-03-02
Manbir Rau,Male,44,Panipat,Rajasthan,2025-05-05
Warinder Banik,Female,42,Adoni,Manipur,2024-06-29
Laksh Lall,Female,28,Tadipatri,Odisha,2023-04-02
Zashil Misra,Female,20,Tirupati,Telangana,2022-09-22
Maanav Merchant,Female,23,Howrah,Karnataka,2025-07-28
Alka Zachariah,Male,65,Guna,West Bengal,2024-10-15
Waida Mammen,Male,39,Kharagpur,Mizoram,2023-05-01
Sachi Parmar,Female,42,Shahjahanpur,Uttarakhand,2024-03-13
Indrajit Bajwa,Female,49,Delhi,Karnataka,2022-01-07
Pranit Srinivas,Male,22,Sri Ganganagar,Bihar,2023-08-01
Ikshita Kibe,Male,30,Bongaigaon,Odisha,2022-05-24
Pranav Lal,Female,69,Tiruppur,Haryana,2022-11-30
Ronith Madan,Female,27,Salem,Tamil Nadu,2025-08-31
Rayaan Bhavsar,Male,38,Katni,Tripura,2025-01-09
Anusha Goda,Female,26,Allahabad,Himachal Pradesh,2023-10-17
Gauri Uppal,Male,66,Howrah,Manipur,2023-08-01
Urishilla Lal,Female,30,Serampore,Tripura,2021-10-28
Nandini Sankaran,Male,27,Giridih,Telangana,2025-03-22
Vyanjana Puri,Female,43,Ramagundam,Gujarat,2024-11-18
Bina Sem,Female,29,Alwar,Meghalaya,2026-04-10
Upasna Wadhwa,Female,52,Loni,Goa,2026-04-13
Owen Hora,Female,64,Ramagundam,Arunachal Pradesh,2021-08-02
Daniel Thaker,Male,25,Thane,Tripura,2025-10-11
Alexander Bawa,Male,52,Hapur,Uttar Pradesh,2025-04-06
Krishna Bahl,Female,45,Ludhiana,Karnataka,2021-08-06
Vrinda Chahal,Female,61,Shimla,Assam,2024-04-14
Hemang Borde,Male,62,Saharsa,Meghalaya,2022-01-31
Nathan Choudhary,Female,40,Shimla,Madhya Pradesh,2025-01-21
Forum Bhardwaj,Male,28,Gangtok,Bihar,2023-12-08
Megha Kar,Female,42,Pondicherry,Gujarat,2023-08-21
Jack Mann,Male,54,Buxar,Punjab,2025-02-25
Rudra Desai,Female,25,Surendranagar Dudhrej,Uttarakhand,2025-05-16
Advaith Comar,Male,60,Ichalkaranji,Tamil Nadu,2022-06-16
Guneet Bora,Female,33,Moradabad,Bihar,2023-11-19
Abhiram Rajagopalan,Female,35,Kulti,Mizoram,2023-11-03
Ria Devi,Male,59,Bhopal,Punjab,2024-10-16
Gaurangi Shere,Female,65,South Dumdum,Goa,2023-04-17
Atharv Ghose,Male,27,Sri Ganganagar,Kerala,2022-06-03
Tanish Cheema,Male,59,Berhampur,Nagaland,2021-11-07
Noah Ganesan,Male,40,Sagar,Uttar Pradesh,2023-04-15
Falak Zacharia,Female,33,Sambalpur,Tamil Nadu,2021-12-13
Upma Gopal,Female,38,Bhusawal,Odisha,2023-11-14
Rayaan Borde,Female,51,Ballia,West Bengal,2022-08-11
Isaiah Goyal,Female,31,Sultan Pur Majra,Andhra Pradesh,2025-04-09
Ekapad Bains,Male,55,Jalna,Assam,2023-01-16
Amrita Kade,Female,21,Guna,Karnataka,2022-03-18
Eshana Chada,Female,46,Phagwara,Goa,2025-06-27
Upadhriti Talwar,Male,37,Singrauli,Arunachal Pradesh,2023-03-25
Xiti Deep,Female,58,Ambarnath,Himachal Pradesh,2021-11-22
Ekanta Khalsa,Female,39,Guntakal,Madhya Pradesh,2025-04-28
Darsh Kota,Male,43,Silchar,Karnataka,2022-01-15
Jagrati Oak,Female,59,Mango,Tripura,2022-02-21
Lipika Krishna,Female,22,Ambattur,Meghalaya,2022-05-23
Ijaya Bedi,Female,44,Nizamabad,Manipur,2022-01-10
Sai Sathe,Female,26,Gangtok,Tripura,2022-10-18
Jyoti Raghavan,Female,51,Thanjavur,Himachal Pradesh,2023-12-16
Zansi Vyas,Female,63,Anantapur,Gujarat,2023-01-07
Shivani Wadhwa,Female,54,Bardhaman,Manipur,2023-08-07
Hamsini Kanda,Male,34,Proddatur,Himachal Pradesh,2022-02-13
Daksh Kadakia,Female,34,Akola,Assam,2022-07-26
Harrison Bakshi,Male,29,Silchar,West Bengal,2021-07-12
Abhimanyu Bajaj,Female,42,Dhule,Arunachal Pradesh,2021-12-29
Yatan Rajagopal,Female,44,Buxar,Mizoram,2023-03-02
Vasudha Cheema,Male,25,Naihati,Rajasthan,2025-08-30
Lipika Ramachandran,Female,42,Jalgaon,Odisha,2022-11-25
Aayush Koshy,Male,67,Gangtok,Telangana,2021-10-27
Tarak Lall,Male,35,Srikakulam,Karnataka,2024-08-10
Aditya Bhat,Male,18,Khammam,Kerala,2023-10-23
Caleb Dass,Male,31,Kakinada,Chhattisgarh,2024-01-05
Jagdish Borra,Female,69,Aizawl,Manipur,2024-09-28
Yahvi Sekhon,Female,35,Giridih,Tripura,2021-10-17
Barkha Loke,Male,25,Sikar,Manipur,2023-02-26
Indali Loke,Female,62,Indore,Mizoram,2025-02-10
Girish Manne,Female,69,Khammam,Maharashtra,2021-11-23
Guneet Palla,Male,18,Silchar,Mizoram,2024-07-01
Michael Om,Female,64,Vijayanagaram,Odisha,2025-11-26
Niharika Kumer,Female,55,Karimnagar,Odisha,2021-09-05
Gaurang Barad,Male,33,Ahmedabad,Meghalaya,2022-04-03
Patrick Nagy,Male,59,Mira-Bhayandar,Jharkhand,2023-04-27
Jatin Banerjee,Male,24,New Delhi,Uttar Pradesh,2025-09-28
Tanay Prasad,Male,26,Bhiwani,Gujarat,2023-04-30
Gautami Bath,Female,45,Alwar,Bihar,2024-11-25
Samesh Nigam,Male,44,Bidhannagar,Odisha,2023-02-13
Aadi Bose,Female,50,Kurnool,Tamil Nadu,2023-06-02
Siddharth Lal,Male,36,Nadiad,Andhra Pradesh,2024-03-07
Andrew Rao,Male,33,Kolkata,Manipur,2023-01-28
Gaurangi Panchal,Male,62,Suryapet,Maharashtra,2024-12-03
Dalaja Bath,Male,30,Sonipat,Uttar Pradesh,2021-08-04
Sneha Ganesan,Female,43,Korba,Tripura,2022-10-12
Netra Bhatt,Female,63,Bhopal,Telangana,2025-01-20
Netra Zachariah,Male,51,Kulti,Chhattisgarh,2024-12-18
Ikbal Anne,Male,47,Gopalpur,Punjab,2025-05-27
Tejas Chada,Male,19,Amaravati,Tripura,2026-03-26
Azaan Rai,Female,22,Mira-Bhayandar,Sikkim,2024-05-18
Ekbal Mangal,Female,34,Saharanpur,Goa,2025-09-16
Chasmum Pandey,Male,61,Tirunelveli,Rajasthan,2022-06-13
Jhalak Shere,Female,30,Dharmavaram,Manipur,2024-09-30
Gayathri Sood,Female,65,Amroha,Chhattisgarh,2025-08-16
Gaurangi Lata,Male,32,Pune,Manipur,2023-08-29
Bishakha Goyal,Male,53,Thrissur,Chhattisgarh,2024-05-14
Unnati Ram,Female,30,Sambhal,Mizoram,2023-01-07
Rehaan Saran,Female,47,Bhusawal,Telangana,2021-11-09
Dhruv Dhar,Male,51,Vadodara,Arunachal Pradesh,2024-12-14
Geetika Palla,Male,31,Kalyan-Dombivli,Goa,2026-03-16
Veer Bhargava,Female,54,Giridih,Odisha,2021-11-08
Harshil Balasubramanian,Male,66,Ambattur,Bihar,2026-01-08
Ekapad Tailor,Female,26,Ajmer,Telangana,2023-01-03
Jeremiah Choudhary,Male,24,Mirzapur,Punjab,2022-09-26
Atharv Walia,Female,56,Karaikudi,Bihar,2021-10-04
Hredhaan Sen,Male,38,Maheshtala,Haryana,2026-05-29
Ira Rastogi,Female,30,Amroha,Uttarakhand,2025-07-16
Eta Shanker,Female,27,Raiganj,Uttar Pradesh,2022-03-23
Jalsa Tandon,Female,63,Mehsana,Manipur,2021-09-18
Saanvi Rajan,Female,36,Visakhapatnam,Manipur,2022-08-13
Kritika Wagle,Female,46,Kirari Suleman Nagar,Rajasthan,2025-11-03
Thomas Yohannan,Female,48,Bahraich,Sikkim,2025-01-11
Kritika Kari,Female,69,Maheshtala,Sikkim,2025-02-12
Ayushman Cherian,Male,32,Shivpuri,Madhya Pradesh,2026-02-10
Mitesh Vaidya,Male,49,Khandwa,Uttar Pradesh,2025-04-28
Anya Ravel,Male,56,Bhatpara,Assam,2025-12-11
Meghana Varghese,Female,37,Pondicherry,Haryana,2023-05-10
Faris Yogi,Male,62,Hajipur,Himachal Pradesh,2023-02-01
Ekiya Parikh,Male,58,Kamarhati,Rajasthan,2025-02-03
Manbir Sani,Male,65,Jalna,Andhra Pradesh,2023-01-01
Azad Mand,Male,28,Darbhanga,Gujarat,2022-06-15
Hemani Nath,Male,54,Begusarai,Jharkhand,2025-03-21
Pratyush Dar,Female,27,Proddatur,Andhra Pradesh,2025-05-26
Krishna Sarna,Male,47,Tenali,West Bengal,2023-01-24
Aarna Uppal,Female,33,Amritsar,Uttar Pradesh,2023-02-20
Lakshmi Bhatti,Female,68,Guna,Kerala,2021-12-04
William Srinivas,Female,50,Hosur,Chhattisgarh,2022-08-18
Qabil Sharma,Male,59,Kozhikode,Kerala,2025-11-24
Logan Nadig,Female,46,New Delhi,Haryana,2024-03-08
Lekha Taneja,Female,61,Giridih,Assam,2024-02-26
Onveer Naik,Male,56,Ghaziabad,Punjab,2025-03-23
Onveer Dhillon,Female,22,Agra,Madhya Pradesh,2023-11-27
Fariq Karnik,Female,44,Bhavnagar,Goa,2023-12-11
Jonathan Raghavan,Male,18,Barasat,Kerala,2026-05-20
Rachana Gupta,Female,34,Adoni,Gujarat,2023-06-24
Tanveer Tailor,Female,61,Miryalaguda,Odisha,2024-07-15
Qushi Hora,Female,36,Bijapur,Chhattisgarh,2021-09-03
Jacob Swamy,Male,39,Dharmavaram,Maharashtra,2023-01-12
Pushti Prabhakar,Male,62,Lucknow,Andhra Pradesh,2022-10-01
Azad Subramaniam,Male,52,Warangal,Meghalaya,2022-01-11
Megha Wadhwa,Female,31,Khora ,Nagaland,2025-08-02
Saksham Bala,Male,65,Solapur,Meghalaya,2022-08-13
Sai Bains,Female,36,Chapra,Karnataka,2024-07-10
Chatresh Chatterjee,Female,26,Udupi,Bihar,2021-11-21
Sathvik Maharaj,Male,66,Chandrapur,Karnataka,2025-10-16
Aachal Mukherjee,Male,52,Bahraich,Tripura,2024-09-28
Isha Venkatesh,Female,22,Dewas,Jharkhand,2022-11-05
Nihal Basak,Female,69,Delhi,Himachal Pradesh,2021-07-28
Dayita Lala,Male,68,Kolhapur,Himachal Pradesh,2023-02-19
Sanaya Saran,Male,63,Panihati,Bihar,2024-05-14
Ekapad Seth,Male,27,Jodhpur,Assam,2024-05-20
Janaki Wagle,Male,70,Saharsa,Telangana,2022-09-01
Omkaar Natarajan,Female,60,Karawal Nagar,Tripura,2024-04-22
Victor Bail,Female,31,Buxar,Assam,2023-03-27
Luke Zacharia,Male,58,Bhalswa Jahangir Pur,Mizoram,2022-06-16
Azaan More,Female,26,Ludhiana,Mizoram,2026-03-21
Kalpit Mitra,Male,30,Berhampore,Jharkhand,2023-05-02
Avni Tella,Male,19,Malegaon,Uttar Pradesh,2024-04-14
Advaith Bhatti,Female,36,Mango,Tripura,2023-08-27
Vasudha Dara,Male,30,Berhampur,Chhattisgarh,2025-05-19
Mekhala Ram,Male,40,Jamshedpur,Telangana,2022-12-05
Logan Raj,Female,37,Mehsana,Chhattisgarh,2023-03-23
Chaaya Jha,Female,41,Haridwar,Arunachal Pradesh,2024-09-10
Ayushman Deshmukh,Female,45,Bhagalpur,Odisha,2026-02-02
Quincy Oommen,Female,42,Tenali,Kerala,2025-11-10
Siddharth Viswanathan,Female,54,Ghaziabad,Odisha,2025-11-19
Faris Chandra,Female,26,Firozabad,Kerala,2021-07-19
Aarnav Devan,Female,49,Phusro,Jharkhand,2024-11-14
Radhika Kalla,Female,33,Varanasi,Mizoram,2022-10-03
Luke Seshadri,Male,40,Asansol,Goa,2022-09-13
Fitan Madan,Male,25,Bikaner,Kerala,2024-10-17
Jeevika Ramachandran,Male,47,Faridabad,Uttar Pradesh,2021-11-01
Nakul Wagle,Male,50,Dhule,Nagaland,2021-12-16
Yamini Kanda,Female,24,Sasaram,Goa,2023-10-31
Prisha Ramaswamy,Female,43,Dehradun,Odisha,2023-08-10
Kalpit Halder,Female,63,Gangtok,Gujarat,2026-01-11
Meera Sant,Male,42,Aligarh,Maharashtra,2021-10-17
Omya Palla,Female,51,Bhiwandi,Andhra Pradesh,2024-01-30
Vamakshi Mital,Male,41,Hapur,Himachal Pradesh,2026-04-02
Oni Shankar,Male,39,Kirari Suleman Nagar,Sikkim,2026-05-07
Chatura Mohan,Male,53,Moradabad,Manipur,2025-02-12
Faraj Bajaj,Male,70,Nandyal,Maharashtra,2022-12-07
Lila Lad,Male,60,Guntur,Uttar Pradesh,2024-10-10
Devika Gupta,Female,20,Kumbakonam,Kerala,2023-03-17
Sathvik Goyal,Male,48,Buxar,Nagaland,2025-03-25
Omisha Golla,Male,56,Lucknow,Karnataka,2024-10-07
Rajata Venkataraman,Female,55,Bilaspur,Tripura,2022-03-23
Hitesh Andra,Female,34,Korba,Sikkim,2024-11-10
Anamika Ray,Male,49,Dindigul,Uttar Pradesh,2025-07-10
Watika Ahuja,Female,65,Arrah,Nagaland,2021-10-23
Yashvi Ghosh,Male,24,Jehanabad,Manipur,2023-10-02
Zilmil Borra,Male,56,Singrauli,Madhya Pradesh,2021-12-10
Nicholas Dugar,Female,45,Bhilwara,Assam,2024-11-11
Faras Amble,Female,34,Nandyal,Jharkhand,2025-05-12
Upma Tailor,Female,49,Sri Ganganagar,Maharashtra,2024-10-19
Aditya Guha,Female,46,Bhimavaram,Rajasthan,2025-03-16
Qushi Majumdar,Female,69,Nangloi Jat,Haryana,2023-02-06
Owen Cheema,Female,38,Parbhani,Andhra Pradesh,2024-12-10
Xiti Divan,Female,40,Kulti,Haryana,2024-08-10
Ishaan Murthy,Male,45,Chittoor,Manipur,2021-08-25
Lila Chanda,Female,31,Khandwa,Assam,2022-11-29
Wishi Pingle,Female,21,Ghaziabad,West Bengal,2023-12-28
Yachana Sarkar,Female,45,Warangal,Manipur,2026-05-30
Rohan Rajan,Female,44,Anantapuram,Bihar,2024-12-09
Darika Chada,Male,20,Nadiad,Uttar Pradesh,2022-03-22
Dominic Madan,Male,57,Mumbai,Karnataka,2024-07-24
Charan Kala,Male,54,Bikaner,Odisha,2023-01-26
Anusha Kamdar,Male,45,Tadipatri,Rajasthan,2023-11-27
Urvashi Bose,Female,55,Bongaigaon,Maharashtra,2025-04-25
Ishwar Randhawa,Female,56,Chandrapur,Arunachal Pradesh,2023-12-28
Qabil Sinha,Male,47,Chittoor,Chhattisgarh,2024-05-07
Qushi Sangha,Female,61,Kulti,Assam,2023-11-06
Harini Das,Female,20,Burhanpur,Arunachal Pradesh,2023-10-05
Vamakshi Singh,Female,64,Ratlam,Gujarat,2023-05-02
Eiravati Patil,Male,44,Nagpur,Assam,2022-08-19
Kai Parekh,Female,65,Ramgarh,Uttar Pradesh,2023-09-13
Barkha Malhotra,Male,26,Ahmedabad,Uttar Pradesh,2024-09-10
Bhavani Johal,Male,55,Jhansi,Haryana,2023-07-25
Idika Suresh,Female,59,Machilipatnam,Himachal Pradesh,2023-04-05
Yashasvi Parikh,Female,48,Sangli-Miraj & Kupwad,Arunachal Pradesh,2026-02-08
Aarini Saini,Male,47,Yamunanagar,Manipur,2024-10-09
Frado Barad,Male,31,Ludhiana,Rajasthan,2021-09-11
Udarsh Iyengar,Male,23,Kalyan-Dombivli,Uttar Pradesh,2024-08-25
Libni Narain,Male,58,Silchar,Himachal Pradesh,2025-11-28
Bhavna Sura,Female,49,Munger,Bihar,2026-02-01
Ekaraj Tara,Female,35,Suryapet,Mizoram,2022-04-01
Diya Dyal,Female,51,Rohtak,Maharashtra,2024-10-13
Thomas Ramanathan,Male,26,Gulbarga,Karnataka,2025-07-18
Arya Bhandari,Male,43,Rourkela,Jharkhand,2021-06-26
Yahvi Gupta,Male,23,Gandhidham,Uttar Pradesh,2025-03-22
Patrick Sarin,Male,30,Purnia,Arunachal Pradesh,2022-03-30
Gautami Soni,Female,52,Sirsa,Goa,2026-05-10
Yuvraj Baral,Male,28,Dehri,Punjab,2024-11-28
Abeer Tara,Male,23,Mira-Bhayandar,Madhya Pradesh,2026-03-07
Pratyush Sheth,Male,35,Rajkot,Tripura,2023-03-06
Orinder Doshi,Female,37,Bulandshahr,Maharashtra,2025-09-23
Hemani Raval,Male,49,Guntur,Uttar Pradesh,2022-10-14
Bhavya Kumer,Female,61,Erode,Rajasthan,2024-10-07
Girish Bhasin,Male,58,Dehradun,Uttarakhand,2021-10-20
Lucky Murty,Female,55,Ghaziabad,Uttarakhand,2021-08-24
Divya Prakash,Male,50,Chapra,Uttar Pradesh,2025-04-05
Faraj Pall,Male,27,Panihati,Maharashtra,2024-01-31
Ishani Chatterjee,Male,63,Siliguri,Bihar,2026-03-20
Gagan Dhillon,Female,29,Erode,Andhra Pradesh,2025-03-09
Chaman Sampath,Male,38,Haldia,Manipur,2024-06-15
Dakshesh Peri,Female,34,Sambalpur,Rajasthan,2023-11-20
Yuvraj Mannan,Female,18,Hyderabad,Arunachal Pradesh,2026-04-12
Meghana Srinivasan,Male,56,Chinsurah,Nagaland,2022-12-11
Zarna Walla,Male,64,Kurnool,Uttarakhand,2026-04-12
Oliver Sathe,Female,69,Mango,Nagaland,2025-04-08
Dominic Padmanabhan,Male,20,Amravati,Manipur,2023-01-08
Ganga Upadhyay,Female,24,Ratlam,Punjab,2023-01-21
Jai Chaudhary,Male,51,Ichalkaranji,Himachal Pradesh,2025-11-14
Zaitra Jha,Female,19,Bidar,Tamil Nadu,2022-06-05
Vasana Bains,Male,49,Howrah,Nagaland,2022-04-16
Manbir Doctor,Male,25,Giridih,Assam,2025-07-24
Dominic Dara,Female,47,Madurai,Manipur,2022-06-18
Zayyan Dasgupta,Female,36,Bhind,Odisha,2024-02-06
Chanchal Kunda,Female,37,Nagpur,Mizoram,2024-01-24
Barkha Patla,Male,67,Mira-Bhayandar,Arunachal Pradesh,2023-02-03
Sanya Setty,Female,36,Orai,Telangana,2023-10-17
Chavvi Pant,Male,59,Raipur,Punjab,2024-03-20
Zayan Deshmukh,Male,65,Kochi,Mizoram,2024-11-24
Bhavani Acharya,Female,57,Firozabad,Punjab,2026-06-19
Panini Chaudhary,Female,61,Ghaziabad,Goa,2022-08-03
Pratyush Kar,Female,69,Chennai,Punjab,2023-12-24
Varsha Cheema,Female,62,Khandwa,Punjab,2022-08-16
George Sawhney,Female,62,Purnia,Madhya Pradesh,2024-05-24
Harrison Mohan,Male,34,Amritsar,Haryana,2024-11-23
Upasna Sem,Male,49,Pimpri-Chinchwad,Odisha,2022-10-26
Rushil Madan,Male,67,Kottayam,Chhattisgarh,2024-10-20
Yauvani Prabhu,Male,47,Berhampore,Goa,2024-01-05
Qasim Jayaraman,Female,49,Jalna,Mizoram,2024-10-17
Jatin Sura,Male,56,Secunderabad,Telangana,2024-05-21
Sanaya Singhal,Female,19,Aligarh,Bihar,2021-08-25
Naksh Chandra,Female,63,Bharatpur,Jharkhand,2026-04-08
Bhavani Sundaram,Male,63,Raebareli,Himachal Pradesh,2024-04-27
Meera Mohanty,Female,63,Burhanpur,Tripura,2021-12-11
Anvi Doctor,Male,70,Gandhinagar,Jharkhand,2025-10-13
Hardik Dutt,Female,39,Chinsurah,Haryana,2025-07-17
Daksha Bobal,Male,68,Tiruvottiyur,Tamil Nadu,2024-07-02
Qabil Koshy,Female,47,Danapur,Goa,2024-05-02
Kavya Raj,Female,65,Tiruppur,Maharashtra,2021-10-18
Ekani Ramachandran,Female,31,Pondicherry,Manipur,2025-11-16
Balveer Deshmukh,Male,23,Bhind,Karnataka,2026-01-09
Faraj Boase,Female,30,Kozhikode,Mizoram,2022-06-11
Xiti Brahmbhatt,Female,25,Jalna,Manipur,2021-12-02
Samuel Vig,Male,63,Haldia,Andhra Pradesh,2022-11-11
Tejas Handa,Female,37,Tirunelveli,Arunachal Pradesh,2022-07-04
Zehaan Misra,Male,22,Nagpur,Gujarat,2022-07-18
Falak Patla,Female,69,Ghaziabad,Chhattisgarh,2022-02-02
Hemani Chaudhari,Male,30,Ambala,Meghalaya,2023-10-21
Karan Banik,Female,35,North Dumdum,Chhattisgarh,2023-05-19
Faraj Banik,Female,61,Madurai,Sikkim,2023-05-12
Arjun Anand,Male,38,Suryapet,Madhya Pradesh,2022-03-17
Meera Bahl,Female,50,Jalgaon,Bihar,2025-03-23
Falguni Khatri,Male,65,Aizawl,Manipur,2021-09-27
Urmi Choudhury,Female,53,Ahmedabad,Uttarakhand,2023-12-24
Ryan Dua,Male,38,Alappuzha,Madhya Pradesh,2023-09-29
Anmol Nadkarni,Male,46,Nandyal,Arunachal Pradesh,2022-04-09
Saanvi Ravel,Female,44,Gopalpur,Karnataka,2022-08-06
Faqid Mishra,Male,40,Proddatur,Sikkim,2022-10-17
Anita Koshy,Female,44,Ichalkaranji,Nagaland,2023-11-30
Kai Radhakrishnan,Male,28,Ghaziabad,Bihar,2024-10-23
Faris Divan,Male,60,Varanasi,Goa,2021-08-31
Lakshit Sood,Male,57,Aurangabad,Arunachal Pradesh,2024-03-10
Falan Taneja,Female,22,Dehradun,Jharkhand,2022-02-25
Kashvi Doshi,Male,41,Mirzapur,Madhya Pradesh,2026-04-08
Bachittar Khanna,Male,18,Ambala,Rajasthan,2023-10-30
Aarnav Sarraf,Male,24,Moradabad,Manipur,2024-01-29
Jagvi Konda,Female,55,Belgaum,Madhya Pradesh,2023-11-11
Rajata Thaker,Male,19,Khammam,Maharashtra,2022-05-17
Dalaja Dhawan,Female,38,Ramgarh,Chhattisgarh,2022-07-12
Nihal Shankar,Male,64,Thrissur,Uttarakhand,2023-06-07
Chatresh Lanka,Male,45,Bareilly,Uttar Pradesh,2024-10-28
Onveer Shah,Female,64,Bhusawal,Maharashtra,2022-07-19
Ryan Solanki,Male,70,Ghaziabad,Telangana,2026-06-08
Frederick Radhakrishnan,Female,20,Guwahati,Arunachal Pradesh,2025-04-11
Eta Anne,Female,20,Guna,Nagaland,2024-09-08
Aishani Sandhu,Female,65,Aurangabad,Uttarakhand,2024-10-21
Zayyan Rana,Male,42,Loni,Tamil Nadu,2022-09-26
Rayaan Mahajan,Female,68,Naihati,Assam,2022-04-05
Krishna Misra,Female,32,Lucknow,Andhra Pradesh,2026-04-18
Akshay Upadhyay,Male,57,Kakinada,Uttar Pradesh,2025-01-14
Geetika Hari,Male,21,Siliguri,Meghalaya,2026-01-16
Gautami Mani,Female,33,Madhyamgram,Assam,2025-06-21
Saksham Kadakia,Male,33,Kochi,Sikkim,2024-04-30
Kala Talwar,Male,62,Kochi,Andhra Pradesh,2023-07-19
Chatura Yadav,Female,42,Dhanbad,Arunachal Pradesh,2023-06-11
Devansh Sarraf,Female,53,Mysore,Madhya Pradesh,2024-06-25
Chaman Raman,Male,51,Anantapuram,Manipur,2021-09-06
Gautami Vaidya,Female,64,Dibrugarh,Meghalaya,2024-10-06
Chakradev Jaggi,Male,43,Proddatur,Rajasthan,2024-08-26
Krisha Pathak,Male,61,Pali,Madhya Pradesh,2023-06-11
Harish Tandon,Male,19,Maheshtala,Jharkhand,2026-05-27
Wazir Khurana,Female,41,Bhilwara,Tripura,2026-05-17
Yashasvi Oak,Male,62,Jehanabad,Bihar,2024-01-17
Nihal Walia,Female,69,Ulhasnagar,Mizoram,2026-04-22
Tripti Dhar,Male,41,Gandhinagar,West Bengal,2024-04-27
Zayyan Bhandari,Female,19,Ulhasnagar,Arunachal Pradesh,2024-04-17
Jasmit Nadig,Female,54,Alwar,Tripura,2021-07-17
Benjamin Nayak,Female,30,Asansol,Tamil Nadu,2022-12-11
Vamakshi Iyengar,Female,68,Kolkata,Haryana,2022-03-18
Raghav Magar,Female,60,Nandyal,Haryana,2025-09-05
Tamanna Som,Female,49,Vijayanagaram,Manipur,2021-10-24
Yauvani Dugar,Female,62,Mira-Bhayandar,Arunachal Pradesh,2021-12-25
Zinal Kara,Female,35,Satara,Karnataka,2022-02-04
Zayan Balasubramanian,Male,18,Karawal Nagar,Uttarakhand,2025-12-17
Liam Suri,Male,52,Hospet,Telangana,2021-07-13
Bhavini Lalla,Male,23,Nanded,Jharkhand,2022-05-07
Chaman More,Male,38,Bahraich,Nagaland,2023-11-09
Kiaan Buch,Male,39,Gurgaon,Gujarat,2023-09-11
Zilmil Som,Female,29,Srikakulam,Madhya Pradesh,2022-04-09
Tanveer Dhingra,Female,27,Gangtok,Chhattisgarh,2024-10-20
Ranveer Ramachandran,Male,63,Mahbubnagar,Jharkhand,2022-04-16
Luke Bhagat,Male,53,Hosur,Madhya Pradesh,2024-09-22
Barkha Magar,Female,35,Nashik,Arunachal Pradesh,2023-12-19
Raksha Kata,Male,22,Mangalore,Odisha,2026-06-08
Jeremiah Bahl,Male,70,Coimbatore,Mizoram,2022-11-22
Zansi Srivastava,Female,18,Dehri,Assam,2025-02-22
Manbir Subramanian,Female,59,Chennai,Assam,2026-01-07
Harinakshi Tiwari,Male,55,Panchkula,Andhra Pradesh,2021-11-18
Wishi Gokhale,Male,35,Ghaziabad,Punjab,2023-07-02
Om Doctor,Male,50,Satara,West Bengal,2025-12-02
Anusha Mutti,Female,57,Raebareli,Himachal Pradesh,2025-03-09
Idika Sarna,Male,62,Alappuzha,Nagaland,2025-05-18
Urvashi Mani,Male,48,Haridwar,Punjab,2025-12-23
Vidhi Aurora,Male,53,Dindigul,Uttarakhand,2022-09-19
Jai Mander,Female,34,Burhanpur,Nagaland,2024-07-05
Tristan Venkataraman,Female,26,North Dumdum,Odisha,2025-02-01
Manthan Kothari,Female,38,Ludhiana,Maharashtra,2023-03-03
Laksh Raju,Female,38,Raiganj,Manipur,2025-07-06
Kabir Dhar,Female,24,Agartala,Punjab,2024-12-02
Yashoda Kibe,Female,19,Firozabad,Manipur,2023-03-13
Pranav Edwin,Male,64,Raurkela Industrial Township,Punjab,2023-07-07
Ucchal Dutta,Female,47,Arrah,Tripura,2024-07-20
Wishi Pai,Female,50,Ramgarh,Manipur,2023-09-03
Leela Murthy,Male,50,Phusro,Mizoram,2025-07-23
Leela Sridhar,Male,40,Jhansi,Chhattisgarh,2026-05-26
Mohammed Balasubramanian,Female,51,Hajipur,Mizoram,2025-09-07
Jagrati Tripathi,Male,44,Ozhukarai,Kerala,2023-02-09
Mekhala Karnik,Male,70,Kavali,Meghalaya,2022-11-06
Shivani Date,Female,38,Ballia,Maharashtra,2023-08-18
Ayaan Pai,Female,62,Jammu,Madhya Pradesh,2023-07-21
Geetika Panchal,Male,57,Aligarh,Chhattisgarh,2023-02-23
Yachana Barad,Female,22,Buxar,Kerala,2025-07-13
Dayamai Gill,Female,45,Chapra,Jharkhand,2023-05-01
Timothy Mani,Male,18,Bulandshahr,Meghalaya,2021-07-17
Zinal Mitter,Male,24,Tumkur,Uttar Pradesh,2021-12-15
Vyanjana Boase,Female,46,Dewas,West Bengal,2026-02-15
Gauri Wali,Male,50,Buxar,Punjab,2024-03-21
Ayaan Banik,Male,43,Haridwar,Gujarat,2023-01-08
Baljiwan Narasimhan,Female,26,Dhule,Arunachal Pradesh,2025-06-16
Aarnav Gupta,Female,27,Pallavaram,Haryana,2025-06-20
Libni Sahni,Male,65,Amaravati,Madhya Pradesh,2023-06-23
Nandini Roy,Female,57,Barasat,Mizoram,2024-10-20
Jeevika Bains,Female,69,Shimla,Meghalaya,2024-10-24
Abdul Bhattacharyya,Male,29,Malegaon,Sikkim,2024-05-28
Oeshi Rai,Male,63,Srinagar,Karnataka,2025-07-12
Ridhi Kaul,Female,36,Khora ,Punjab,2024-06-08
Omaja Issac,Female,23,Udaipur,Haryana,2024-09-15
Harish Chandra,Female,48,Agra,Maharashtra,2022-06-05
Harita Das,Male,50,Nagaon,Maharashtra,2021-10-16
Mahika Virk,Male,70,Kottayam,Meghalaya,2024-01-21
Brijesh Mohan,Male,37,Sirsa,Bihar,2023-02-27
Gaurika Sampath,Female,66,Madanapalle,Assam,2025-01-14
Mason More,Female,22,Fatehpur,Andhra Pradesh,2023-08-16
Vasana Barad,Female,29,Dindigul,Himachal Pradesh,2024-08-13
Qarin Sen,Male,46,Sri Ganganagar,Tamil Nadu,2022-08-06
Mohini Deo,Female,20,Ramgarh,Odisha,2021-10-31
Tanveer Dani,Male,46,Secunderabad,West Bengal,2026-01-17
Radhika Issac,Female,24,Dewas,Madhya Pradesh,2022-02-28
Yasti Aurora,Female,19,Singrauli,Telangana,2025-09-24
Qabil Sha,Female,26,Secunderabad,Gujarat,2024-12-23
Saksham Garde,Female,50,Cuttack,Kerala,2022-10-28
Laksh Pathak,Female,67,Sultan Pur Majra,Arunachal Pradesh,2022-01-04
Pranav Tata,Female,57,Raichur,Haryana,2024-07-01
Madhav Kurian,Female,56,Morbi,Andhra Pradesh,2025-01-20
Frado Palla,Female,41,Sangli-Miraj & Kupwad,Karnataka,2026-01-10
Yashoda Muni,Female,67,Surendranagar Dudhrej,Goa,2022-05-10
Eiravati Devi,Female,43,Muzaffarnagar,Sikkim,2024-10-26
Gaurav Sahota,Female,36,Parbhani,Mizoram,2024-09-05
Nimrat Dugar,Male,51,Korba,Sikkim,2023-06-03
Nathaniel Thakkar,Female,33,Madhyamgram,Uttar Pradesh,2026-03-30
Dhruv Dubey,Male,27,Ongole,Tamil Nadu,2024-10-12
Indira Ganesh,Male,59,Nagercoil,Odisha,2024-06-16
Pranit Peri,Female,32,Jalna,Arunachal Pradesh,2023-07-18
Joshua Sundaram,Male,33,Tiruvottiyur,Gujarat,2022-06-03
Dominic Saran,Male,25,Ramgarh,Rajasthan,2025-09-16
Aarna Minhas,Female,35,Tinsukia,Rajasthan,2026-05-27
Abha Sandal,Male,40,Ahmedabad,Haryana,2023-03-24
Zinal Chaudhari,Female,55,Jodhpur,Punjab,2023-11-30
Amaira Morar,Male,40,Berhampore,Telangana,2022-02-01
Anay Chowdhury,Male,23,Kumbakonam,Madhya Pradesh,2021-08-09
Sai Sahni,Male,43,Barasat,Sikkim,2023-02-26
Devika Vohra,Male,68,Tirupati,Andhra Pradesh,2025-08-03
Samaksh Sachar,Female,43,Bhavnagar,Madhya Pradesh,2025-12-10
Vyanjana Mangal,Male,67,Bettiah,Nagaland,2023-02-18
Riya Chahal,Male,22,Ambattur,Jharkhand,2022-04-05
Arin Bassi,Male,67,Warangal,Karnataka,2021-07-10
Harita Mutti,Male,55,Dhule,Uttar Pradesh,2023-08-29
Harinakshi Ram,Male,68,Jamalpur,Himachal Pradesh,2022-04-01
Harini Seth,Female,32,Srikakulam,Arunachal Pradesh,2025-05-21
Nathan Johal,Male,55,Jorhat,Meghalaya,2021-10-02
Chandani Grover,Female,45,Darbhanga,Uttarakhand,2021-07-19
Triveni Hans,Female,66,Navi Mumbai,Uttarakhand,2025-03-27
Unnati Dora,Female,64,Muzaffarnagar,Chhattisgarh,2021-09-07
Lila Shukla,Male,64,Yamunanagar,Chhattisgarh,2024-02-05
Balvan Devan,Female,57,Katni,Uttarakhand,2022-11-19
Xalak Srivastava,Female,49,Kavali,Uttarakhand,2025-03-06
Jagvi Issac,Female,49,Faridabad,Tripura,2024-12-23
Yashawini Nayar,Male,20,Davanagere,Goa,2024-12-07
Nitesh Saini,Male,62,Rajahmundry,Assam,2025-03-11
Saanvi Pandya,Female,20,Gandhinagar,Punjab,2024-12-12
Divya Kohli,Female,64,Panvel,Jharkhand,2023-10-26
Upkaar Palan,Male,60,Gandhinagar,Maharashtra,2025-01-28
Jagrati Balakrishnan,Female,29,Madhyamgram,Punjab,2022-12-20
Amaira Guha,Female,28,Tirunelveli,Sikkim,2022-11-18
Jagrati Sanghvi,Female,18,Adoni,Sikkim,2022-03-26
Eshana Muni,Female,58,Narasaraopet,Rajasthan,2022-10-19
Qarin Oza,Male,30,Tadepalligudem,Madhya Pradesh,2024-05-02
Dev Purohit,Female,20,Anantapuram,Bihar,2024-08-13
Abhimanyu Narayanan,Male,49,Farrukhabad,Odisha,2024-01-22
Upadhriti Dave,Male,46,Mau,West Bengal,2024-12-12
Oviya Tailor,Male,19,Bahraich,Tamil Nadu,2026-02-06
Madhav Lala,Male,52,Morbi,Goa,2021-09-10
Avi Tiwari,Female,48,Ludhiana,Himachal Pradesh,2024-07-01
Yoshita Loke,Male,35,Baranagar,Uttar Pradesh,2021-10-15
Ekavir Oommen,Male,30,Ozhukarai,Mizoram,2025-06-15
Amara Om,Male,33,Buxar,Manipur,2024-01-23
Tarak Naik,Female,18,Gudivada,Uttar Pradesh,2025-12-09
Wyatt Raju,Female,28,Serampore,Nagaland,2025-10-05
Aarini Shanker,Male,45,Bhalswa Jahangir Pur,Nagaland,2024-10-23
Chanchal Chaudhary,Male,31,Junagadh,Assam,2022-04-23
Amruta Salvi,Female,67,Guntakal,Rajasthan,2022-07-17
Udarsh Borah,Male,30,Cuttack,Telangana,2025-04-18
Arjun Murthy,Female,43,Kottayam,Chhattisgarh,2023-08-14
Hardik Dugal,Female,64,Begusarai,Assam,2026-03-22
Libni Bal,Female,67,Karimnagar,Chhattisgarh,2023-06-13
Hritik Pandya,Male,50,Hindupur,Sikkim,2022-07-31
Ekaja Madan,Female,68,Pallavaram,Gujarat,2026-02-02
Maanas Badal,Female,27,Pudukkottai,Kerala,2025-12-20
Dhruv Karnik,Male,44,Nangloi Jat,Gujarat,2025-06-13
Ranbir Sengupta,Male,70,Jhansi,Nagaland,2024-03-04
Brinda Mistry,Male,42,Alappuzha,Sikkim,2025-04-22
Dhruv Krishnamurthy,Female,62,Nizamabad,Andhra Pradesh,2023-02-25
Bakhshi Chandran,Female,22,Ahmednagar,Rajasthan,2022-12-03
Bhavani Bora,Female,56,Bhubaneswar,Meghalaya,2022-10-09
Qadim Vig,Female,40,Danapur,Jharkhand,2025-12-19
Ubika Kala,Male,27,Dindigul,Maharashtra,2023-12-26
Gautam Choudhary,Male,34,Gulbarga,Chhattisgarh,2021-07-30
Dakshesh Nadig,Male,32,Bhatpara,Punjab,2026-05-13
Girish Chacko,Male,64,Amaravati,Mizoram,2024-07-11
Ekalinga Purohit,Male,19,Khandwa,Telangana,2022-02-02
Lucky Kalla,Male,37,Gandhidham,Karnataka,2022-11-13
Ryan Pradhan,Male,19,Berhampur,Rajasthan,2026-02-16
Vrinda Tak,Female,45,Ranchi,Tamil Nadu,2026-02-01
Ekanta Majumdar,Male,37,Hazaribagh,Rajasthan,2021-10-01
Wridesh Hari,Male,68,Ambala,Maharashtra,2023-06-21
Ekavir Comar,Female,57,Deoghar,Kerala,2024-02-09
Deepa Dara,Male,58,Indore,Gujarat,2023-08-20
Henry Chhabra,Male,23,Haridwar,Arunachal Pradesh,2022-11-08
Divya Taneja,Male,30,Motihari,Madhya Pradesh,2022-03-08
Vasudha Mitra,Male,61,Durgapur,Chhattisgarh,2024-07-30
Arya Madan,Female,51,Mangalore,Himachal Pradesh,2022-01-29
Ekapad Dugar,Male,29,Madurai,Tripura,2023-01-09
Tara Kapoor,Male,48,Kirari Suleman Nagar,Bihar,2023-10-24
Meghana Bahl,Male,18,Nellore,Punjab,2025-10-15
Chandani Bobal,Female,37,Vadodara,Assam,2025-12-25
Bhanumati Parsa,Female,52,Firozabad,Haryana,2026-05-21
Samesh Bhattacharyya,Male,49,Tenali,Bihar,2022-06-06
Abeer Varghese,Female,51,Kochi,Haryana,2024-09-29
Hredhaan Loke,Female,21,Gandhidham,West Bengal,2021-09-26
Forum Gour,Female,47,Nagercoil,Uttar Pradesh,2023-10-07
Dalaja Pandya,Female,65,Thanjavur,Gujarat,2024-04-07
Waida Sagar,Female,28,Dibrugarh,Himachal Pradesh,2023-07-13
Christopher Agrawal,Male,24,Bhatpara,Assam,2023-02-12
Keya Mannan,Female,21,Davanagere,Tripura,2024-09-07
Vanya Krishnamurthy,Male,63,Jamnagar,Chhattisgarh,2022-02-09
Kiaan Khare,Male,37,Hosur,Andhra Pradesh,2021-07-09
Upasna Shankar,Male,26,Morbi,Bihar,2021-08-01
Gavin Vyas,Female,56,Kota,Goa,2024-10-28
Ojasvi Talwar,Female,50,Ambattur,Jharkhand,2023-01-30
Charan Warrior,Male,31,Anand,Andhra Pradesh,2026-03-29
Yutika Narula,Female,34,Tinsukia,Assam,2024-11-03
Yagnesh Mody,Male,19,Varanasi,Meghalaya,2023-01-24
Avi Tandon,Female,41,Bhilai,Meghalaya,2025-02-13
Vaishnavi Badal,Female,55,Pali,Rajasthan,2024-12-18
Darsh Doshi,Female,67,Nashik,Goa,2023-01-10
Avni Shan,Male,36,Erode,Meghalaya,2023-08-07
Pranit Magar,Female,39,Shimla,Meghalaya,2022-03-08
Widisha Chahal,Female,62,Bareilly,Haryana,2024-06-06
Bina Karpe,Female,41,Kalyan-Dombivli,Manipur,2025-10-02
Amrita Pal,Female,52,Purnia,Chhattisgarh,2023-02-18
Advay Dutta,Male,67,Tinsukia,Maharashtra,2023-04-25
Triveni Patil,Male,57,Patna,Tripura,2023-05-11
Alexander De,Female,57,Chandrapur,Madhya Pradesh,2025-12-17
Diya Thakkar,Male,30,Berhampore,Sikkim,2022-10-14
Caleb Luthra,Male,68,Pallavaram,Jharkhand,2025-11-29
Ekaraj Rajan,Female,44,Bahraich,Telangana,2022-04-12
Dayita Ramachandran,Female,38,Bhusawal,Uttar Pradesh,2022-02-13
Udant Suri,Male,64,Dehradun,Sikkim,2022-06-04
Nisha Setty,Male,38,Amaravati,Haryana,2022-12-31
Saanvi Badami,Male,68,Panchkula,Uttar Pradesh,2025-05-01
Wridesh Sarna,Male,51,Bellary,Punjab,2023-06-07
Anusha Goyal,Female,26,Shimoga,Manipur,2024-01-27
Bhavini Guha,Male,70,North Dumdum,Madhya Pradesh,2025-03-28
Damini Nagi,Female,62,Thoothukudi,Punjab,2023-02-20
Charvi Munshi,Male,44,Tumkur,Haryana,2024-05-30
Ayush Choudhry,Female,61,Vijayawada,Mizoram,2025-10-19
Harish Yohannan,Male,25,Nangloi Jat,Nagaland,2024-08-08
Nitesh Ramanathan,Male,38,Delhi,Odisha,2023-01-08
Libni Keer,Male,64,Jamshedpur,Andhra Pradesh,2025-01-15
Anthony Chaudhry,Female,21,Bhavnagar,Madhya Pradesh,2026-05-25
Banjeet Sama,Female,36,Guntur,Himachal Pradesh,2023-05-11
Faqid Upadhyay,Male,39,Bidar,Meghalaya,2021-10-01
Pooja Ben,Female,21,Ambarnath,Assam,2024-04-29
Darpan Kalla,Male,28,Dindigul,Jharkhand,2023-10-09
Shivansh Sarin,Female,53,Tiruppur,Rajasthan,2021-12-18
Lavanya Shere,Female,61,Berhampore,Mizoram,2022-10-15
Leena Majumdar,Female,52,Bhilwara,Odisha,2023-01-12
Aarini Dyal,Male,40,Tiruchirappalli,Goa,2021-07-21
Damyanti Saran,Female,21,Jaipur,Manipur,2025-02-24
Geetika Ramesh,Male,63,Mango,Punjab,2026-03-30
Jonathan Kala,Female,45,Bidhannagar,Manipur,2026-01-23
Manan Sarkar,Male,21,Amroha,Arunachal Pradesh,2022-01-16
Aarav Warrior,Male,29,Kumbakonam,Andhra Pradesh,2021-07-20
Oeshi Parekh,Female,23,Kadapa,Punjab,2024-07-29
Nilima Mital,Male,28,Patna,Bihar,2025-05-13
Tanmayi Chawla,Female,63,Gopalpur,Maharashtra,2025-04-28
Balveer Jayaraman,Female,27,North Dumdum,West Bengal,2025-08-15
Parth Dalal,Male,52,Morbi,Gujarat,2025-06-27
Falan Kohli,Male,47,Ongole,Nagaland,2022-01-24
Elijah Khosla,Female,59,Bijapur,Mizoram,2021-11-14
Vanya Madan,Female,55,Karawal Nagar,Chhattisgarh,2022-01-22
Zaid Behl,Female,57,Ambala,Madhya Pradesh,2022-01-02
Saksham Ranganathan,Male,69,Agartala,Punjab,2023-08-08
Xavier Issac,Female,61,Jamnagar,Nagaland,2024-01-25
Nakul Natt,Female,18,Karawal Nagar,West Bengal,2021-09-03
Girindra Bedi,Female,37,Gandhinagar,Telangana,2024-03-16
Adweta Swamy,Female,18,Cuttack,Madhya Pradesh,2023-09-23
Janaki Mohan,Male,51,Navi Mumbai,Punjab,2021-10-20
Kalpit Contractor,Male,31,Ichalkaranji,Bihar,2025-09-02
Qadim Barad,Female,52,Pune,Nagaland,2022-03-17
Andrew Thaman,Female,49,Ghaziabad,Kerala,2026-04-18
Ranveer Jain,Female,52,Durgapur,Meghalaya,2025-07-09
Xiti Borde,Female,42,Tadipatri,Karnataka,2023-09-17
Tamanna Bahl,Female,39,Gandhinagar,Rajasthan,2026-06-12
Wriddhish Chakraborty,Male,57,North Dumdum,Sikkim,2021-09-24
Neha Setty,Female,45,Jhansi,Odisha,2025-06-25
Tejas Rout,Female,55,Loni,Odisha,2024-11-27
Jagat Trivedi,Male,62,Bhimavaram,Uttar Pradesh,2023-10-21
Balendra Parikh,Female,26,Dindigul,Goa,2023-06-10
Mohini Khare,Male,36,Rampur,Madhya Pradesh,2026-04-12
Inaya Murty,Female,35,Muzaffarpur,Uttar Pradesh,2025-07-16
Osha Setty,Female,21,Navi Mumbai,Goa,2026-03-15
Sudiksha Murthy,Male,40,Rajahmundry,Bihar,2023-07-31
Devansh Bose,Male,18,Thoothukudi,Haryana,2024-07-20
Warhi Mallick,Female,64,Tezpur,Himachal Pradesh,2022-06-19
Janya Bhattacharyya,Female,67,Kolhapur,Karnataka,2021-11-09
Diya Sandal,Female,25,Bhubaneswar,Assam,2022-08-02
Urishilla Kar,Male,64,Bahraich,Sikkim,2026-05-02
Xalak Dayal,Male,22,Dewas,Punjab,2024-01-06
Girish Contractor,Female,18,Gaya,Karnataka,2023-01-31
Ria Bajwa,Male,22,Ichalkaranji,Odisha,2025-06-27
Jeevika Thakkar,Male,23,Kharagpur,Manipur,2022-10-30
Geetika Kade,Male,37,Saharsa,Gujarat,2023-05-15
Lakshmi Kant,Male,70,Dehri,Nagaland,2024-01-06
Qushi Gupta,Female,21,Burhanpur,West Bengal,2023-07-30
Timothy Suresh,Female,58,Mathura,Arunachal Pradesh,2023-07-05
Eshana Sathe,Male,31,Bhavnagar,Himachal Pradesh,2023-04-16
Zinal Chada,Female,60,Howrah,Assam,2024-03-28
Champak Nadkarni,Male,31,Asansol,Mizoram,2026-02-19
Kevin Dyal,Male,46,Haldia,Rajasthan,2022-06-11
Liam Sami,Female,49,Belgaum,Odisha,2023-12-22
Onkar Lad,Male,48,Bareilly,Himachal Pradesh,2024-02-25
Aarna Bedi,Male,60,Mangalore,Goa,2021-07-29
Yatin Parsa,Female,55,Sikar,Chhattisgarh,2021-10-04
Yug Peri,Female,47,Miryalaguda,Tripura,2023-06-08
Amrita Bali,Male,22,Navi Mumbai,Karnataka,2022-03-02
Hemani Sachdev,Male,51,Arrah,Chhattisgarh,2021-07-06
Anika Kota,Female,34,Visakhapatnam,Odisha,2024-10-07
Gaurav Ahuja,Male,37,Nadiad,Kerala,2022-05-25
Jackson Chaudhuri,Male,54,Srikakulam,Haryana,2025-08-29
Daksh Krishna,Male,47,Ozhukarai,Nagaland,2023-12-14
Yadavi Char,Male,31,Udupi,Bihar,2022-02-22
Edhitha Kata,Female,56,Tiruvottiyur,Telangana,2022-11-17
Mugdha Parsa,Female,41,Ahmedabad,Arunachal Pradesh,2024-04-23
Fitan Sha,Female,42,Firozabad,Chhattisgarh,2024-04-01
Chanchal Jhaveri,Male,65,Ludhiana,Karnataka,2022-11-15
Ekavir Talwar,Female,32,Amroha,Tamil Nadu,2023-10-18
Unnati Ahuja,Female,30,Sultan Pur Majra,Telangana,2025-10-20
Rushil Chawla,Female,26,Tezpur,Odisha,2024-09-07
Nidra Memon,Female,59,Kalyan-Dombivli,Kerala,2024-02-11
Anjali Badal,Male,51,Karaikudi,West Bengal,2025-02-22
Kalpit Vohra,Female,40,Madanapalle,Bihar,2026-04-12
Frado Palan,Female,70,Sikar,Bihar,2025-09-02
Samaksh Kaul,Female,32,Phusro,Odisha,2022-07-04
Banjeet Sarraf,Male,37,Rourkela,Gujarat,2022-09-03
Ekiya Chatterjee,Male,42,Delhi,Haryana,2025-02-18
Chaaya Dube,Male,55,Chandigarh,Uttar Pradesh,2024-01-02
Chatura Oommen,Female,59,Thoothukudi,Madhya Pradesh,2025-05-17
Fiyaz Mutti,Female,46,Siliguri,Gujarat,2022-08-26
Ridhi Khurana,Female,48,Bahraich,Uttarakhand,2023-07-18
Veer Dey,Female,39,Chennai,Assam,2023-10-21
Krishna Wason,Male,44,Bardhaman,Gujarat,2024-03-11
Ekbal Konda,Female,25,Imphal,West Bengal,2021-06-24
Luke Seshadri,Male,69,Ahmednagar,Andhra Pradesh,2024-07-10
Manthan Bail,Female,69,Tezpur,Madhya Pradesh,2024-09-07
Gavin Upadhyay,Female,58,Jamalpur,Arunachal Pradesh,2024-06-30
Aarav Comar,Male,36,Varanasi,Manipur,2026-03-20
Ekaraj Aggarwal,Male,30,Jalandhar,Uttarakhand,2026-05-24
Yuvraj Nanda,Male,21,Secunderabad,Uttarakhand,2021-07-06
Ojasvi Thakkar,Female,56,Ghaziabad,Meghalaya,2025-08-19
Anamika Kalla,Male,20,Tiruchirappalli,Haryana,2024-04-18
Ishani Verma,Female,57,South Dumdum,Uttarakhand,2026-04-15
Ekansh Roy,Male,51,Rampur,Kerala,2022-05-17
Aditya Mital,Male,54,Dhule,Bihar,2025-11-24
Logan Maharaj,Female,68,Nandyal,Tamil Nadu,2024-12-04
Hiral Ravel,Male,23,Latur,Tripura,2024-10-23
Diya Date,Male,57,Pimpri-Chinchwad,Telangana,2025-07-18
Idika Maharaj,Female,32,Bhusawal,Maharashtra,2024-12-12
Reyansh Narayanan,Female,50,Jamshedpur,Uttarakhand,2021-07-08
Xavier Chowdhury,Female,51,Agra,Haryana,2023-12-09
George Buch,Female,21,Sambhal,Sikkim,2024-11-20
Aadhya Sama,Female,46,Surat,Bihar,2022-05-16
Krishna Bali,Male,58,Kulti,Jharkhand,2023-08-13
Balendra Pillay,Male,44,Kalyan-Dombivli,Maharashtra,2025-02-06
Aarush Tiwari,Male,68,Katihar,West Bengal,2026-02-03
Zaitra Sule,Male,47,Baranagar,Meghalaya,2022-06-07
Zinal Singhal,Female,67,Gorakhpur,Jharkhand,2025-02-27
Nilima Ben,Female,59,Durg,Meghalaya,2024-12-22
Zayyan Nair,Male,34,Hazaribagh,Madhya Pradesh,2023-11-24
Hardik Tak,Male,69,Bardhaman,Madhya Pradesh,2023-08-04
Dakshesh Issac,Male,64,Sambalpur,Uttarakhand,2022-10-10
Ekapad Vala,Female,36,Munger,Goa,2025-04-02
Oni Goda,Female,47,Rajahmundry,Rajasthan,2025-08-14
Jasmit Chander,Male,18,Bhopal,Kerala,2025-06-02
Bahadurjit Saraf,Female,65,Etawah,Uttarakhand,2024-10-13
Ayushman Dhaliwal,Female,46,Yamunanagar,Chhattisgarh,2022-09-14
Yamini Nigam,Female,60,Chandigarh,Goa,2024-11-22
Sanaya Dora,Male,28,Narasaraopet,Tamil Nadu,2025-05-12
Abeer Chandra,Male,57,Ghaziabad,West Bengal,2024-08-13
Ridhi Sehgal,Female,64,Nagercoil,Punjab,2026-04-02
Rachit Brahmbhatt,Male,61,Gwalior,West Bengal,2026-03-01
Saumya Ramakrishnan,Female,22,Meerut,Punjab,2026-01-06
Eta Butala,Female,21,Jehanabad,Uttarakhand,2022-09-30
Xavier Khatri,Male,70,Sagar,Gujarat,2022-05-12
Vasudha Raju,Female,68,Etawah,Uttar Pradesh,2026-03-30
Anmol Uppal,Female,34,Mumbai,West Bengal,2024-04-16
Frederick Pall,Male,66,Kulti,Odisha,2023-07-09
Nitesh Chacko,Male,49,Dhanbad,Haryana,2022-01-17
Andrew Ghose,Male,61,Jamalpur,Assam,2022-09-20
Chakrika Goswami,Female,37,Jamnagar,Uttarakhand,2023-08-12
Amaira Mitra,Female,36,Kota,Kerala,2022-12-08
Vamakshi Tripathi,Male,53,Rajahmundry,Goa,2021-09-18
Nakul Mander,Male,25,Bhiwandi,Mizoram,2021-12-22
Ayushman Chaudhari,Female,18,Tirupati,Odisha,2022-05-05
Faris Oza,Female,23,Mumbai,Himachal Pradesh,2025-09-20
Maya Desai,Male,64,Khandwa,Arunachal Pradesh,2023-05-12
Darika Raman,Male,41,Gwalior,Himachal Pradesh,2024-10-18
Utkarsh Puri,Male,70,Thanjavur,Nagaland,2026-04-06
Urvashi Salvi,Male,37,Kavali,Telangana,2022-07-25
Urishilla Pradhan,Male,25,Begusarai,Karnataka,2022-06-10
Quincy Baral,Female,53,Ghaziabad,Himachal Pradesh,2023-07-26
Zinal Koshy,Male,36,Firozabad,Odisha,2022-09-23
Kala Khatri,Female,38,Gaya,Telangana,2022-02-15
Ekansh Bansal,Male,36,Bongaigaon,Uttarakhand,2022-06-06
Leela Wagle,Male,26,Kadapa,Punjab,2026-06-19
Anthony Gade,Female,22,Pali,Gujarat,2024-08-13
Kiaan Kannan,Male,56,Shimla,Nagaland,2025-09-06
Devansh Mani,Female,36,Tumkur,Tamil Nadu,2025-01-27
Aarush Bassi,Female,19,Ahmedabad,Tamil Nadu,2025-05-07
Aishani Suresh,Male,66,Secunderabad,Tripura,2025-12-16
Qushi Kata,Male,53,Bidhannagar,Haryana,2023-08-10
Anita Dash,Female,68,Tirunelveli,Sikkim,2025-06-07
Jalsa Upadhyay,Female,59,Dehradun,Goa,2025-01-05
Harsh Vasa,Female,19,Sagar,Rajasthan,2023-04-25
Ishita Mangal,Male,35,Jalgaon,Karnataka,2021-10-23
Ekansh Mahal,Male,62,Amroha,Manipur,2024-05-10
Divya Korpal,Female,48,Madurai,Karnataka,2022-03-11
Tejas Ramachandran,Female,60,Dehri,Chhattisgarh,2022-12-05
Damini Goel,Female,29,Dehri,Gujarat,2026-01-08
Radhika Goda,Female,37,Naihati,Andhra Pradesh,2022-02-24
Liam Vaidya,Female,45,Kumbakonam,Tamil Nadu,2025-08-11
Darpan Arya,Male,49,Ramagundam,Chhattisgarh,2025-10-23
Abhimanyu Sinha,Female,36,Indore,Mizoram,2026-01-02
Gabriel Wason,Male,53,Ratlam,Punjab,2025-11-25
Ishanvi Pall,Male,41,Pali,Chhattisgarh,2021-12-10
Sathvik Toor,Female,21,Rohtak,West Bengal,2023-04-29
Bhanumati Pandit,Male,29,Jalandhar,Karnataka,2025-02-14
Ubika Patla,Male,29,Burhanpur,Karnataka,2025-05-09
Edhitha Mand,Female,68,Thane,Nagaland,2024-05-13
Priya Kumer,Male,69,Nanded,Arunachal Pradesh,2022-09-07
Chandran Munshi,Male,35,Chandigarh,Goa,2021-12-31
David Golla,Female,44,Sangli-Miraj & Kupwad,West Bengal,2024-10-31
Osha Dalal,Female,70,Bihar Sharif,Jharkhand,2023-09-24
Frado Saraf,Female,43,Kollam,Arunachal Pradesh,2025-12-01
Gabriel Luthra,Female,49,Ulhasnagar,Madhya Pradesh,2024-12-13
David Sule,Male,56,Ulhasnagar,Telangana,2023-02-20
Aarini Ramanathan,Male,50,Raichur,Rajasthan,2023-05-01
Hitesh Sharaf,Male,21,South Dumdum,Uttar Pradesh,2024-04-18
Gabriel Patla,Female,50,Jalgaon,Chhattisgarh,2023-04-20
Hemani Sodhi,Male,58,Kadapa,Manipur,2023-11-16
Aryan Bir,Female,37,Agra,Bihar,2024-05-14
Ayush Manne,Male,39,Patna,Chhattisgarh,2024-10-28
Dominic Rama,Female,42,Moradabad,Tripura,2024-07-23
Chaman Kala,Female,59,Davanagere,Sikkim,2024-05-25
Yoshita Bhardwaj,Male,26,Aurangabad,Jharkhand,2023-11-10
Chavvi Bansal,Male,70,Jabalpur,Himachal Pradesh,2023-08-28
Tanay Mammen,Female,20,Naihati,Goa,2024-02-09
Yahvi Wadhwa,Male,66,Orai,Manipur,2022-01-06
Falguni Kale,Male,36,Rajahmundry,Jharkhand,2021-07-09
Falguni Brar,Male,52,Amravati,Tripura,2024-02-11
Inaya Gade,Male,22,Buxar,Mizoram,2026-04-08
Darika Tiwari,Male,70,Hindupur,Mizoram,2025-03-15
Libni Batra,Male,45,Berhampore,Chhattisgarh,2022-08-26
Azad Parsa,Female,61,Bhilwara,Uttarakhand,2023-03-21
Ikbal Raghavan,Female,45,Srinagar,Punjab,2023-04-16
Ishwar Dugar,Female,61,Karawal Nagar,Tamil Nadu,2022-04-18
Warjas Anand,Male,68,Madanapalle,Arunachal Pradesh,2022-10-01
Robert Issac,Male,44,Korba,Jharkhand,2022-08-02
Mugdha Minhas,Male,19,Malegaon,Sikkim,2021-11-27
Daniel Kothari,Female,59,Tezpur,Andhra Pradesh,2023-11-28
Jason Bera,Male,46,Yamunanagar,Uttar Pradesh,2023-05-17
Lopa Parmer,Female,33,Rajahmundry,Tripura,2026-05-20
Charan Lanka,Female,47,Avadi,Arunachal Pradesh,2024-03-12
Zansi Joshi,Female,67,Arrah,Sikkim,2024-05-21
Dayita Gole,Female,25,Gandhidham,Assam,2024-11-27
Qadim Chokshi,Male,27,Chinsurah,Rajasthan,2024-04-20
Yahvi Lal,Male,53,Rewa,Haryana,2024-11-23
Lavanya Ganesh,Female,37,Ambarnath,Goa,2021-10-10
Jai Choudhury,Female,25,Vijayanagaram,Manipur,2026-06-21
Gaurav Chowdhury,Female,40,Jalgaon,Maharashtra,2022-06-04
Lakshmi Mukhopadhyay,Male,48,Mumbai,Tamil Nadu,2024-03-13
Hema Swaminathan,Female,32,Muzaffarnagar,Andhra Pradesh,2025-02-12
Widisha Parmer,Female,23,Firozabad,Rajasthan,2023-05-08
Neha Karnik,Male,58,Patna,Maharashtra,2022-09-27
Champak Bera,Male,37,Proddatur,Sikkim,2025-11-24
William Kata,Male,18,Tadipatri,Maharashtra,2025-03-02
Wahab Nanda,Female,28,Aligarh,Meghalaya,2025-10-17
Omkaar Parmer,Male,28,Delhi,West Bengal,2023-02-13
Vedhika Bala,Female,55,Varanasi,Sikkim,2022-02-20
Kritika Rattan,Male,25,Gandhidham,Assam,2022-03-20
Neha Chaudhry,Female,40,Bardhaman,Chhattisgarh,2022-09-06
Harrison Pall,Male,21,Vasai-Virar,Gujarat,2021-10-02
Jyoti Mahajan,Male,35,Unnao,West Bengal,2021-11-13
Henry Banik,Female,28,Ramagundam,West Bengal,2025-12-22
Turvi Kale,Female,59,Ballia,Maharashtra,2025-04-29
Zashil Singhal,Male,25,Lucknow,Andhra Pradesh,2025-08-30
Chameli Hayre,Male,54,Junagadh,Chhattisgarh,2024-02-21
Balhaar Srinivas,Female,56,Jamnagar,Andhra Pradesh,2023-01-10
Manbir Bava,Female,69,Ulhasnagar,Manipur,2025-09-21
Yashica Sankaran,Male,60,Srinagar,Nagaland,2023-03-10
Geetika Ratti,Female,65,Moradabad,Maharashtra,2023-06-26
Ishwar Shetty,Female,70,Bongaigaon,Rajasthan,2025-12-25
Falguni Manda,Female,56,Bhilai,Uttarakhand,2025-06-14
Laban Goda,Female,18,Junagadh,Andhra Pradesh,2022-10-16
Siya Chana,Female,38,Thrissur,Haryana,2021-07-28
Jagat Bora,Male,54,Fatehpur,Telangana,2024-11-23
Siya Soman,Male,38,Bettiah,Meghalaya,2026-05-29
Noah Varma,Female,38,Agartala,Assam,2024-02-15
Sanya Puri,Female,24,Kamarhati,Maharashtra,2021-11-10
Indali Swaminathan,Female,36,Bareilly,Tamil Nadu,2024-08-26
Harish Handa,Male,43,Ongole,Haryana,2022-03-29
Qushi Handa,Female,20,Ajmer,Tripura,2025-06-26
Simon Deshpande,Male,30,Bhalswa Jahangir Pur,Punjab,2024-01-17
Fiyaz Kala,Female,53,Amroha,Haryana,2023-01-05
Zaitra Solanki,Male,20,Hosur,Rajasthan,2024-05-17
Bhavani Kapur,Female,48,Jehanabad,Chhattisgarh,2022-02-27
Alexander Mangal,Male,58,Raichur,Gujarat,2023-01-03
Siya Wali,Male,30,Baranagar,Haryana,2023-06-16
Zashil Bhargava,Male,43,Burhanpur,Tripura,2024-02-03
Frederick Das,Male,58,Phagwara,Himachal Pradesh,2025-10-30
Pranit Pai,Male,34,Bongaigaon,Telangana,2022-05-17
Hemangini Natarajan,Male,55,Kadapa,Chhattisgarh,2022-04-28
Leela Atwal,Male,55,Mirzapur,Rajasthan,2023-12-30
Banjeet Bala,Female,58,Bareilly,Haryana,2021-11-19
Ekiya Oommen,Female,62,Mira-Bhayandar,Sikkim,2025-02-03
Azaan Prabhu,Female,58,Loni,Andhra Pradesh,2022-11-23
Waida Parmer,Female,36,Ahmednagar,Kerala,2024-05-13
Leena Sehgal,Female,63,Vijayawada,Jharkhand,2026-05-19
Wakeeta Maharaj,Female,19,Navi Mumbai,Goa,2024-04-03
Unnati Kale,Male,59,Dewas,Jharkhand,2024-05-05
Zehaan Ravel,Male,60,Bhiwandi,Karnataka,2025-11-20
Xalak Naik,Male,61,Jabalpur,Madhya Pradesh,2024-08-03
Aarav Grewal,Male,50,Kavali,Goa,2025-07-28
Chaman Chacko,Male,45,Dharmavaram,Haryana,2026-02-09
Naveen Datta,Female,45,Dhanbad,West Bengal,2025-09-27
Amruta Bajaj,Male,19,Medininagar,Haryana,2022-10-01
Dalbir Dube,Female,25,Tadipatri,Andhra Pradesh,2022-07-03
Wahab Wadhwa,Female,39,Pallavaram,Assam,2022-02-10
Idika Amble,Male,39,Ulhasnagar,Sikkim,2022-12-16
Neel Virk,Female,68,Amritsar,Nagaland,2023-12-30
Oscar Bassi,Female,49,Dindigul,Karnataka,2026-01-08
Raghav Golla,Female,20,Pallavaram,Meghalaya,2025-12-17
Ridhi Choudhry,Female,26,Raiganj,Gujarat,2025-04-29
Owen Ray,Female,35,Salem,Telangana,2022-06-20
Nilima Khanna,Female,18,Tirunelveli,Goa,2022-06-26
Vansha Thaman,Male,67,Nagpur,Sikkim,2022-03-08
Harsh Mander,Female,40,Indore,Arunachal Pradesh,2026-01-21
Panini Yogi,Male,48,Orai,Chhattisgarh,2021-09-28
Guneet Butala,Female,67,Parbhani,Jharkhand,2025-03-11
Onveer Patel,Female,52,Machilipatnam,Odisha,2025-11-02
Vasudha Amble,Male,61,Malegaon,Uttarakhand,2024-07-24
Arunima Deo,Male,34,Morbi,Sikkim,2022-03-11
Rayaan Shetty,Female,54,Bettiah,Karnataka,2021-07-14
Alka Yogi,Female,18,Ghaziabad,West Bengal,2024-01-13
Fitan Brahmbhatt,Female,28,Kirari Suleman Nagar,Himachal Pradesh,2022-03-11
Vedhika Prasad,Male,31,Rajahmundry,Tamil Nadu,2024-02-12
Bhavya Mammen,Male,51,Buxar,Sikkim,2026-06-19
Zinal Apte,Male,61,Gopalpur,Bihar,2024-02-21
Gavin Verma,Female,24,Vellore,Karnataka,2023-08-19
Lakshmi Madan,Male,42,Mahbubnagar,Tripura,2022-06-12
Onveer Mandal,Female,51,Nagpur,Kerala,2022-06-22
Aarini Viswanathan,Male,53,Patiala,Nagaland,2025-06-30
Akshay Roy,Male,48,Serampore,Haryana,2022-05-01
Mahika Salvi,Male,18,Hyderabad,Arunachal Pradesh,2024-02-29
Gagan Bhalla,Male,23,Jamalpur,Andhra Pradesh,2026-03-17
Hema Gour,Male,50,Unnao,Bihar,2025-09-05
Pooja Sane,Female,44,Satna,Uttarakhand,2025-11-08
Ronith Suri,Male,21,Gurgaon,Andhra Pradesh,2022-11-27
Finn Sha,Male,21,Madurai,Odisha,2024-09-18
Anjali Nadkarni,Male,57,Thoothukudi,Andhra Pradesh,2025-01-11
Kala Prabhakar,Female,49,Raichur,Madhya Pradesh,2026-01-03
Ekaja Vaidya,Female,42,Jammu,Maharashtra,2026-05-16
Ronith Bhatia,Female,55,Hapur,Maharashtra,2024-09-09
Faris Gour,Male,61,Saharsa,Assam,2025-12-15
Jackson Sem,Male,23,Nandyal,Telangana,2023-06-02
Turvi Kala,Female,55,Noida,Tripura,2025-06-24
Ojasvi Murty,Female,33,Patna,Tripura,2024-03-01
Laksh Patla,Male,24,Dindigul,Bihar,2024-05-26
Wazir Tandon,Female,36,Bongaigaon,Meghalaya,2023-02-19
Jai Sur,Male,23,Ujjain,Himachal Pradesh,2025-03-15
Andrew Balay,Male,18,Narasaraopet,Karnataka,2023-12-18
Zarna Trivedi,Male,45,Ramagundam,Karnataka,2024-12-22
Upasna Chauhan,Male,25,Aurangabad,Gujarat,2025-07-06
Aditya Krishnan,Female,61,Berhampore,Sikkim,2022-01-02
Baljiwan Mittal,Female,66,Sultan Pur Majra,Mizoram,2023-03-13
Priya Talwar,Male,37,Udaipur,Sikkim,2023-05-20
Girik Pandya,Female,35,Chittoor,West Bengal,2022-05-21
Arunima Kala,Male,70,Nagpur,Andhra Pradesh,2023-03-24
Imaran Mohan,Male,54,Kochi,Jharkhand,2024-09-17
Vaishnavi Pal,Female,56,Gaya,Assam,2023-06-28
Ira Sarkar,Male,56,Bhavnagar,Madhya Pradesh,2023-05-07
Sathvik Sharaf,Female,51,Nashik,Sikkim,2023-06-23
Ekani Yohannan,Female,32,Mysore,Rajasthan,2023-12-14
Yug Ramakrishnan,Female,64,Varanasi,Tamil Nadu,2021-10-24
Ubika Krishnan,Male,42,Meerut,Gujarat,2023-12-18
Teerth Loyal,Male,63,Latur,Goa,2025-10-19
Baljiwan Tara,Female,33,Narasaraopet,Assam,2021-10-01
Bhanumati Rao,Male,31,Gandhinagar,Tripura,2025-07-18
Chandani Johal,Male,31,Karimnagar,Telangana,2022-05-08
Zilmil Dewan,Male,51,Proddatur,Nagaland,2023-05-20
Quincy Sur,Female,43,Nagpur,Arunachal Pradesh,2026-02-15
Sai Sampath,Male,48,Tezpur,Uttar Pradesh,2022-02-13
Charita Nair,Female,65,Bhiwani,Madhya Pradesh,2026-01-23
Nicholas Rana,Male,69,Ozhukarai,Uttarakhand,2022-05-14
Tristan Patel,Female,57,Gandhidham,Mizoram,2022-11-25
Nidhi Natarajan,Male,61,Siliguri,Assam,2025-10-13
Kevin Pingle,Female,55,Kalyan-Dombivli,Andhra Pradesh,2022-05-12
Devansh Sibal,Female,47,Arrah,Odisha,2024-10-24
Raghav Rajagopal,Female,31,Loni,Arunachal Pradesh,2024-11-06
Kritika Dhillon,Male,32,Noida,Tripura,2023-11-24
Vritti Halder,Male,69,Unnao,Arunachal Pradesh,2021-10-19
Vansha Pandit,Female,18,Akola,Telangana,2024-11-04
Aayush Gera,Male,40,Narasaraopet,Andhra Pradesh,2025-01-20
Umang Nadkarni,Male,27,Jalgaon,Goa,2024-03-11
Bakhshi Pathak,Female,59,Nangloi Jat,Goa,2024-07-14
Teerth Borah,Female,58,Anand,Andhra Pradesh,2021-12-24
Ishani Dasgupta,Female,22,Davanagere,Jharkhand,2022-12-09
Vihaan Kala,Female,70,Siliguri,Nagaland,2023-05-02
Upma Narang,Male,29,Hapur,Sikkim,2024-08-24
Guneet Prabhu,Male,29,Sasaram,Rajasthan,2025-03-24
Faris Madan,Female,37,Anantapuram,Sikkim,2025-02-14
Wakeeta Ratta,Male,25,Jamnagar,Uttarakhand,2022-09-19
Deepa Peri,Female,61,Bally,Sikkim,2023-06-16
Parth Palla,Female,26,Srikakulam,Telangana,2023-04-29
Ojasvi Muni,Female,52,Uluberia,Manipur,2025-05-27
Nathan Natarajan,Male,56,Chennai,Tamil Nadu,2021-07-28
Unni Sankaran,Male,38,Barasat,Jharkhand,2021-11-14
Urishilla Sankar,Female,19,Ulhasnagar,Maharashtra,2026-02-11
Tejas Sangha,Female,51,Jabalpur,Assam,2024-07-18
Pranit Tak,Female,23,Karimnagar,Himachal Pradesh,2023-06-05
Hema Kumar,Female,58,Bhubaneswar,Jharkhand,2023-08-02
Falak Bhandari,Female,33,Allahabad,Nagaland,2025-07-28
Upkaar Bal,Female,51,Singrauli,Jharkhand,2022-05-30
Ethan Dua,Male,57,Mathura,Manipur,2022-05-18
Joshua Chand,Male,44,Nangloi Jat,Goa,2022-11-22
Inaya Bajaj,Female,46,Adoni,Chhattisgarh,2022-12-05
Anjali Dhawan,Male,41,Mahbubnagar,Himachal Pradesh,2026-03-18
Sarthak Chaudhari,Female,52,Kottayam,Maharashtra,2022-07-16
Henry Nadkarni,Male,47,Rajpur Sonarpur,Goa,2024-03-17
Jagat Patla,Female,35,Bardhaman,Maharashtra,2024-01-18
Zashil Ramanathan,Female,70,Farrukhabad,Tripura,2024-06-13
Chameli Kaul,Male,55,Karaikudi,Nagaland,2022-04-16
Siddharth Lall,Female,56,Korba,Tripura,2023-02-14
Nitara Chaudhary,Male,53,Bongaigaon,Gujarat,2021-12-16
Geetika Dhar,Female,55,Bhavnagar,Sikkim,2022-07-11
Maanas Chaudhry,Male,32,Jamshedpur,Nagaland,2023-08-12
Kala Doctor,Male,60,Gopalpur,Bihar,2023-07-17
Ojas Cheema,Female,42,Miryalaguda,Punjab,2023-02-18
Pahal Bora,Female,51,Bhavnagar,Himachal Pradesh,2024-11-20
Waida Bava,Male,40,Vadodara,Nagaland,2025-06-27
Teerth Karpe,Male,31,Indore,Rajasthan,2025-11-04
Hemangini Halder,Female,60,Pali,Maharashtra,2024-02-05
Eta Chaudhary,Male,26,Kolhapur,Jharkhand,2022-09-05
Garima Dar,Female,52,Vijayawada,Chhattisgarh,2025-10-29
Radhika Agrawal,Female,50,Haldia,Maharashtra,2025-08-12
Yug Bansal,Male,53,Pimpri-Chinchwad,Maharashtra,2026-05-30
Sudiksha Chana,Female,55,Tumkur,Gujarat,2026-04-09
Farhan Pau,Female,43,Jamalpur,Manipur,2024-01-12
Aarav Banerjee,Female,64,Jaunpur,West Bengal,2024-07-07
Zayyan Kuruvilla,Female,33,Sri Ganganagar,Kerala,2026-01-19
Jyoti Brahmbhatt,Female,22,Danapur,Manipur,2025-01-17
Bimala Kadakia,Male,36,Singrauli,Sikkim,2023-02-07
Ojas Dua,Male,19,Erode,Karnataka,2022-11-11
Viraj Chand,Male,44,Bareilly,West Bengal,2025-09-30
Parth Pai,Female,45,Nizamabad,West Bengal,2024-11-20
Bhavya Grover,Female,40,Guntakal,Chhattisgarh,2023-06-09
Hiral Prabhu,Male,34,Kanpur,Meghalaya,2024-10-02
Kritika D’Alia,Male,58,Jalgaon,Telangana,2025-12-20
Lekha Luthra,Female,23,Durgapur,Uttarakhand,2022-02-24
Bhavani Murty,Male,21,Bulandshahr,Uttar Pradesh,2022-04-03
Henry Shanker,Male,35,Madanapalle,Maharashtra,2022-06-04
Waida Bandi,Male,52,Bhalswa Jahangir Pur,Punjab,2025-07-19
Sai Aggarwal,Male,45,Bettiah,Jharkhand,2021-09-02
Arjun Kalita,Male,53,Bhopal,Karnataka,2023-07-21
Niharika Vohra,Female,60,Asansol,Tripura,2024-12-10
Mohini Gokhale,Female,57,Pimpri-Chinchwad,Uttar Pradesh,2023-09-07
Neha Chaudry,Male,56,Tiruppur,Manipur,2026-05-13
Chandresh Mann,Male,27,Kochi,Jharkhand,2023-03-17
Chameli Mutti,Female,49,Pallavaram,Kerala,2024-11-30
Ekansh Palla,Male,32,Bhiwani,Meghalaya,2022-04-06
Vasudha Divan,Female,69,Singrauli,Assam,2024-10-17
Nidra Bawa,Male,65,Lucknow,Haryana,2025-11-01
Chaitanya Mammen,Male,65,Mehsana,Telangana,2023-03-07
Siddharth Puri,Male,33,Nangloi Jat,Odisha,2023-06-16
Balvan Kothari,Female,64,Alappuzha,Haryana,2023-03-02
Yahvi Kumar,Female,39,Parbhani,Telangana,2022-12-27
Aadhya Venkatesh,Female,55,Bhavnagar,West Bengal,2025-09-02
Nandini Varkey,Male,51,Tinsukia,Jharkhand,2023-04-11
Krish Wadhwa,Male,53,Dindigul,Bihar,2026-03-29
Harish Soman,Male,68,Barasat,Karnataka,2022-04-17
Noah Dugar,Male,70,Amravati,Telangana,2024-12-16
Chanakya Mandal,Female,45,Bilaspur,Tamil Nadu,2023-05-01
Ati Zachariah,Female,41,Sasaram,Manipur,2025-03-22
Abhiram Mammen,Female,31,Khora ,Kerala,2022-12-23
Qarin Nadig,Male,49,Ahmednagar,Rajasthan,2024-11-17
Chandani Nadkarni,Male,59,Sikar,Maharashtra,2023-05-05
Libni Dhar,Female,27,Dehradun,Gujarat,2024-01-26
Dhriti Boase,Female,67,Ghaziabad,Rajasthan,2024-10-04
Vidhi Madan,Female,25,Shimla,Andhra Pradesh,2021-12-13
Janaki Gopal,Female,35,Danapur,Uttarakhand,2024-01-01
Wriddhish Kala,Male,37,Nagpur,Mizoram,2025-10-15
Vedika Lata,Male,35,Erode,Tripura,2022-11-29
Garima Chauhan,Female,23,Kollam,Andhra Pradesh,2024-03-17
Chakradev Borra,Female,56,Ahmednagar,Madhya Pradesh,2023-07-01
Ria Narasimhan,Female,55,Agra,Bihar,2022-06-18
Dhriti Purohit,Female,47,Dhule,Odisha,2025-11-03
Bhanumati Kibe,Female,46,Rajkot,West Bengal,2023-03-23
Nicholas Wadhwa,Female,56,Vijayawada,Maharashtra,2023-01-15
Yatan Roy,Male,22,Berhampur,Assam,2026-06-21
Zilmil Mittal,Female,50,Anantapuram,Meghalaya,2021-12-06
Pushti Kurian,Female,47,Avadi,Himachal Pradesh,2025-12-20
Hamsini Randhawa,Male,68,Barasat,Jharkhand,2025-09-22
Zinal Aggarwal,Male,39,Belgaum,Mizoram,2025-08-29
Ekaraj Srinivas,Female,44,Thoothukudi,Rajasthan,2022-07-26
Samar Mukhopadhyay,Male,42,Etawah,Kerala,2024-04-23
Eshana Dhingra,Male,65,Kavali,Kerala,2025-06-10
Banjeet Ahuja,Female,36,Nadiad,Rajasthan,2024-11-01
Charvi Kade,Male,36,Guntakal,Sikkim,2023-06-30
Januja Kashyap,Male,26,Bulandshahr,Andhra Pradesh,2023-11-21
Advaith Parikh,Male,69,Bahraich,West Bengal,2024-09-27
Bhavna Pau,Male,50,Bongaigaon,Kerala,2022-05-08
Netra Prasad,Female,42,Kalyan-Dombivli,West Bengal,2025-02-16
Chameli Toor,Female,34,Rajpur Sonarpur,Sikkim,2024-09-10
Aarav Bhardwaj,Female,35,Raichur,Haryana,2023-09-17
Amrita Koshy,Female,26,Moradabad,Maharashtra,2022-01-28
Kai Sanghvi,Male,63,Noida,Rajasthan,2023-03-06
Vansha Rama,Male,25,Hyderabad,Karnataka,2025-06-12
Hemani Mishra,Female,52,Panvel,Haryana,2024-08-10
Vyanjana Shroff,Male,58,Vasai-Virar,Assam,2026-04-18
Girik Sachdeva,Female,65,Pimpri-Chinchwad,Assam,2026-04-07
Jeet Atwal,Male,48,Thane,Himachal Pradesh,2024-10-21
Radhika Sant,Female,53,Aurangabad,Odisha,2022-03-27
Pranav Shah,Male,65,Mahbubnagar,Jharkhand,2022-08-01
Riya Gade,Female,19,Aizawl,Jharkhand,2024-08-08
Avi Palla,Male,65,Tiruchirappalli,Tripura,2022-02-13
Turvi Minhas,Male,70,Vellore,Nagaland,2024-04-03
Yashvi Kuruvilla,Female,35,Ulhasnagar,Gujarat,2026-05-01
Gavin Bala,Male,25,Rourkela,Odisha,2024-07-28
Timothy Sathe,Female,19,Lucknow,Rajasthan,2022-11-13
Girik Bhalla,Male,62,Bhind,Sikkim,2024-08-08
Indrajit Raval,Female,34,Narasaraopet,Rajasthan,2025-02-11
Indira Karan,Female,56,Thane,Tripura,2026-05-01
William Khanna,Male,33,Gulbarga,Uttarakhand,2024-07-24
Andrew Bhagat,Male,51,Tirunelveli,Kerala,2022-09-18
Oeshi Jaggi,Male,37,Hubli–Dharwad,Sikkim,2024-10-29
Tanmayi Balay,Female,69,Tiruppur,Madhya Pradesh,2022-04-30
Ishani Palla,Female,21,Srinagar,Karnataka,2025-06-26
Wriddhish Rao,Male,38,Karaikudi,Bihar,2022-02-02
Ronith Raghavan,Male,59,Alappuzha,Haryana,2025-12-06
Hemang Raman,Male,56,Mysore,Haryana,2023-11-04
Hiral Mitra,Male,67,Arrah,Uttarakhand,2023-10-13
Yoshita Samra,Female,56,Gwalior,Tamil Nadu,2023-07-23
Harita Korpal,Male,66,Pondicherry,Sikkim,2022-04-13
Azad Nagy,Female,18,Navi Mumbai,Goa,2023-05-25
Edhitha Thaker,Male,26,Thanjavur,Punjab,2026-01-21
Oscar Sahni,Female,61,Morbi,Goa,2022-01-14
Pooja Kapur,Female,28,Madurai,Odisha,2022-10-30
Lila Pillai,Male,34,Hubli–Dharwad,Nagaland,2025-07-29
Ekiya Rout,Female,66,Bhopal,Jharkhand,2026-02-11
Jonathan Mukherjee,Female,60,Kirari Suleman Nagar,Madhya Pradesh,2021-11-27
Siya Naidu,Male,55,Chinsurah,Goa,2024-03-29
Devansh Manda,Female,49,Sirsa,Telangana,2024-12-17
Dhruv Kaul,Female,66,Berhampur,Arunachal Pradesh,2021-08-04
Lavanya Bains,Male,64,Naihati,Jharkhand,2025-12-15
Maanav Viswanathan,Male,22,Anand,Gujarat,2024-01-02
Yashodhara Dara,Male,53,Eluru,Odisha,2023-11-11
Anika Halder,Male,52,Raurkela Industrial Township,Bihar,2023-06-30
Yashoda Tripathi,Male,61,Bettiah,Kerala,2024-07-27
Utkarsh Prabhu,Male,32,Guwahati,Bihar,2025-01-10
Nihal Sarkar,Female,35,Bareilly,Arunachal Pradesh,2024-02-12
Chaitaly Pandya,Male,40,Ghaziabad,Assam,2025-10-29
Brijesh Kamdar,Female,32,Shahjahanpur,Uttar Pradesh,2025-08-19
Meghana Seshadri,Female,27,Vellore,Arunachal Pradesh,2025-01-15
Udant Balay,Female,59,Bhatpara,Gujarat,2025-05-27
Kai Mammen,Male,27,Naihati,Jharkhand,2022-06-19
Yadavi Mishra,Female,18,Darbhanga,Arunachal Pradesh,2023-02-02
Manan Sidhu,Female,65,Warangal,Manipur,2021-10-09
Jack Dass,Female,63,Sri Ganganagar,Gujarat,2026-04-13
Dipta Seshadri,Male,28,Amroha,Uttarakhand,2025-03-02
Harini Padmanabhan,Female,27,Tenali,Haryana,2023-11-02
Xavier Jani,Male,44,Dhule,Kerala,2023-12-07
Frederick Nanda,Female,19,Asansol,Telangana,2024-11-12
Rayaan Master,Male,21,Chandrapur,Kerala,2026-05-28
Chandani Pau,Male,35,Khora ,Nagaland,2023-12-08
Unni Atwal,Female,63,Alappuzha,Karnataka,2023-06-24
Nidra Talwar,Female,68,Sonipat,Haryana,2022-04-09
Odika Mital,Female,23,Tezpur,Manipur,2024-06-25
Krishna Thaman,Female,42,Ahmednagar,Himachal Pradesh,2023-09-22
Yadavi Kala,Male,37,Serampore,Uttarakhand,2025-06-02
Niharika Banerjee,Male,44,Ramgarh,Arunachal Pradesh,2023-02-27
Darsh Sodhi,Female,52,Proddatur,Telangana,2024-10-21
Anya Chad,Male,29,Sambhal,Madhya Pradesh,2022-08-29
Lekha Jani,Male,38,Etawah,Sikkim,2025-06-25
Kashish Mangal,Female,52,Guntakal,Odisha,2024-01-14
Arya Subramanian,Male,55,Katihar,Arunachal Pradesh,2024-05-28
Gunbir Oommen,Male,24,Dehradun,Kerala,2021-07-11
Netra Puri,Female,35,Kamarhati,Tamil Nadu,2025-03-04
Vivaan Venkataraman,Female,47,Kottayam,Telangana,2022-04-08
Chakrika Tak,Male,29,Durgapur,Bihar,2022-09-23
Alexander Dhawan,Female,42,Pimpri-Chinchwad,Chhattisgarh,2025-08-26
Gunbir Kapoor,Female,51,Chandigarh,Nagaland,2021-07-24
Daksh Chada,Female,28,Anantapur,Chhattisgarh,2024-02-22
Yahvi Sachar,Female,45,Bangalore,Sikkim,2025-09-14
Varenya Mital,Male,42,Bharatpur,Jharkhand,2024-05-01
Nihal Rana,Female,57,Morena,West Bengal,2025-01-22
Vamakshi Subramanian,Male,20,Panihati,Manipur,2021-12-09
Qadim Lad,Female,29,Bikaner,Haryana,2023-12-03
Ekantika Parmar,Male,38,Jhansi,Meghalaya,2021-12-26
Odika Mohan,Male,69,Hosur,Goa,2021-12-29
Timothy Char,Female,53,Giridih,Mizoram,2022-12-20
Tanvi Upadhyay,Female,46,Nangloi Jat,Punjab,2023-01-04
Bahadurjit Hora,Female,63,Dindigul,Odisha,2023-02-07
Wriddhish Bala,Male,33,Siwan,Uttarakhand,2024-02-20
Jeet Narain,Female,52,Siliguri,Jharkhand,2024-04-04
Udant Dave,Female,63,Pallavaram,Meghalaya,2022-04-24
Inaya Jaggi,Male,25,Amravati,Uttar Pradesh,2026-04-10
Vinaya Shenoy,Female,21,Ramgarh,Andhra Pradesh,2022-10-25
Rajeshri Sami,Male,61,Shimoga,Maharashtra,2025-04-24
Avi Mitter,Male,26,Alwar,Tripura,2021-07-15
Ekanta Shetty,Female,22,Malegaon,Punjab,2021-06-22
Jagat Ram,Male,38,Patna,Uttarakhand,2023-02-02
Unni Menon,Male,55,Baranagar,Andhra Pradesh,2025-01-20
Rushil Sehgal,Female,22,Ghaziabad,Bihar,2022-10-21
Umang Kale,Male,37,Maheshtala,Telangana,2023-04-23
Wahab Chawla,Female,47,Bathinda,Odisha,2021-12-21
Girik Kumer,Female,47,Loni,Kerala,2021-11-02
Samesh Sem,Male,69,Dhanbad,Himachal Pradesh,2026-03-23
Manbir Borde,Female,36,South Dumdum,Jharkhand,2022-08-09
Indali Pal,Male,66,Nellore,Tamil Nadu,2023-03-22
Neel Behl,Female,45,Agartala,Assam,2024-04-15
Xiti Sura,Female,45,Delhi,Arunachal Pradesh,2022-02-21
Neelima Krish,Male,37,Durgapur,Madhya Pradesh,2023-12-16
Triveni Dugar,Male,65,Kadapa,Haryana,2025-11-02
Ayushman Memon,Female,24,Cuttack,Uttar Pradesh,2022-10-05
Rushil Balay,Female,34,Mango,Chhattisgarh,2021-08-30
Madhav Venkatesh,Female,41,Indore,Tripura,2026-03-04
Owen Kurian,Female,25,Shivpuri,Rajasthan,2024-09-18
Janya Hans,Female,30,Berhampore,Manipur,2022-03-06
Dominic Tripathi,Male,44,Firozabad,Bihar,2023-08-25
Damyanti Sekhon,Female,61,Jodhpur,Tripura,2024-06-29
Oni Dada,Female,56,Kakinada,Mizoram,2023-07-26
Aashi Das,Female,55,Agra,Odisha,2023-05-07
Tripti Nayak,Male,22,Yamunanagar,Goa,2025-11-24
Ijaya Chawla,Female,26,Meerut,Sikkim,2022-03-11
Niharika Nanda,Male,19,Shahjahanpur,Uttarakhand,2025-08-26
Utkarsh Banik,Male,59,Hosur,Bihar,2022-07-27
Omisha Salvi,Female,29,Maheshtala,Bihar,2023-05-04
Chanchal Contractor,Female,68,Hospet,Sikkim,2024-04-24
Banjeet Ratti,Male,63,Patiala,Telangana,2026-04-05
William Panchal,Male,39,Moradabad,Uttarakhand,2021-10-18
Nidhi Hayre,Male,33,Sonipat,West Bengal,2025-10-30
David Barman,Male,56,Bhusawal,Telangana,2025-12-18
Yatin Kanda,Male,40,Bhind,Karnataka,2023-02-23
Isaac Badal,Female,44,Bilaspur,Rajasthan,2025-07-10
Harish Narang,Female,50,Vijayanagaram,Gujarat,2024-01-17
Wakeeta Minhas,Female,44,Bhind,Bihar,2022-09-29
Ati Narang,Female,58,Kanpur,Uttar Pradesh,2021-11-02
Xavier Guha,Female,53,Ahmednagar,Madhya Pradesh,2023-03-10
Luke Master,Female,31,Tinsukia,West Bengal,2025-04-19
Robert Subramanian,Female,47,Morena,Jharkhand,2021-07-24
Watika Dhawan,Female,24,Orai,Meghalaya,2021-11-06
Victor Savant,Male,18,Panihati,Telangana,2026-01-25
Hemal Gill,Male,68,Bhiwandi,Manipur,2023-08-08
Harish Contractor,Female,22,Jorhat,Odisha,2022-04-14
Darika Lanka,Male,44,Jalgaon,Tamil Nadu,2025-07-31
Chaitaly Johal,Male,20,Bathinda,Odisha,2022-11-13
Dalbir Sur,Female,56,Tiruppur,Bihar,2024-12-10
Xalak Modi,Male,52,Satara,Chhattisgarh,2026-06-07
Arunima Raja,Female,19,Ongole,Arunachal Pradesh,2022-01-10
Saksham Gara,Male,29,Giridih,Nagaland,2021-07-04
Kabir Uppal,Male,34,Aurangabad,Chhattisgarh,2023-11-01
Tanmayi Sarma,Male,37,Nizamabad,Himachal Pradesh,2025-07-14
Leena Biswas,Female,48,Kulti,Assam,2026-06-16
Vihaan Patel,Female,56,Guna,Goa,2025-02-06
Raksha Lanka,Female,29,Hajipur,Odisha,2024-01-19
Manya Kala,Male,42,Nangloi Jat,Himachal Pradesh,2022-06-05
Kiaan Ramakrishnan,Female,55,Varanasi,Nagaland,2023-07-21
Chandran Mishra,Female,66,Patna,Mizoram,2026-03-20
Sarthak Salvi,Male,32,Bharatpur,Arunachal Pradesh,2023-06-11
Jalsa Roy,Male,23,Ahmednagar,Mizoram,2026-03-05
Radhika Nagy,Male,65,Aurangabad,Goa,2026-06-09
Anika Subramanian,Female,22,Avadi,Mizoram,2021-09-27
Kabir Loyal,Female,38,Nagaon,Mizoram,2024-01-29
Harsh Ramanathan,Female,39,Chandigarh,Haryana,2022-05-23
Chameli Kapoor,Male,51,Gandhidham,West Bengal,2023-06-22
Ekiya Munshi,Male,26,Udaipur,Jharkhand,2021-08-15
Forum Modi,Female,68,Amritsar,Jharkhand,2024-01-04
Radha Basak,Male,21,Avadi,Andhra Pradesh,2023-03-22
Ronith Shere,Female,69,Khammam,Karnataka,2021-07-24
Faqid Bora,Female,65,Ongole,Assam,2024-11-15
Bhavini Datta,Male,19,Pudukkottai,Mizoram,2026-06-19
Zaid Sama,Male,32,Jalgaon,Sikkim,2026-02-17
Ucchal Dhar,Male,61,Agra,Nagaland,2025-01-27
Upasna Natt,Female,52,Anand,Mizoram,2024-03-08
Yochana Bhargava,Male,67,Pune,Rajasthan,2026-03-14
Tanveer Prashad,Female,54,Jaipur,Goa,2022-11-11
Nikita Tata,Female,56,Jehanabad,West Bengal,2023-07-17
Daniel Desai,Female,65,Siwan,Assam,2024-01-17
Anthony Sanghvi,Female,25,Bijapur,Tamil Nadu,2026-02-12
Oscar Bera,Male,35,Salem,West Bengal,2025-04-04
Tripti Dasgupta,Female,45,Bally,Uttarakhand,2024-06-30
Aachal Dugal,Female,27,Baranagar,Jharkhand,2026-03-27
Dayamai Bajaj,Female,22,Hapur,Chhattisgarh,2024-10-02
Urishilla Magar,Female,51,Karawal Nagar,Sikkim,2022-03-27
Warhi Mukherjee,Male,58,Junagadh,Tamil Nadu,2025-11-25
Adweta Soni,Female,52,Guwahati,Bihar,2022-01-24
Mekhala Banik,Male,32,Danapur,Rajasthan,2024-07-11
Amara Pall,Female,50,Gandhinagar,Madhya Pradesh,2026-05-31
Sathvik Vora,Female,61,Uluberia,Haryana,2023-12-05
Fitan Radhakrishnan,Male,55,Chandrapur,Sikkim,2021-10-19
Nimrat Dass,Female,53,Panihati,Meghalaya,2025-08-09
Matthew Menon,Male,27,Nashik,Kerala,2022-03-29
Nimrat Chawla,Female,41,Proddatur,Jharkhand,2025-12-16
Devansh Sarma,Male,23,Chapra,Karnataka,2023-09-25
Nihal Basu,Male,52,Durg,Odisha,2026-06-03
Sanya Pillay,Male,38,Orai,Odisha,2022-01-31
Harini Reddy,Male,53,Panchkula,Assam,2022-09-29
Jeet Sandal,Female,61,Patiala,Punjab,2025-03-15
Watika Badal,Female,32,Anantapur,Haryana,2023-05-20
Nandini Rana,Female,27,Navi Mumbai,Goa,2022-08-14
Brijesh Iyer,Male,21,Sonipat,Goa,2023-09-17
Zansi Mohanty,Female,24,Gandhidham,Punjab,2026-03-17
George Zacharia,Female,28,Saharanpur,Bihar,2022-01-07
Nidra Deo,Male,56,Korba,Mizoram,2024-12-06
Advik Kashyap,Male,41,Karaikudi,West Bengal,2023-07-21
Chanakya Bains,Male,24,Dharmavaram,Gujarat,2025-07-15
Daksh Bobal,Female,68,Erode,Manipur,2021-07-06
Naksh Bhandari,Female,21,Ludhiana,Punjab,2026-04-19
Atharv Shan,Male,49,Kolkata,Uttarakhand,2025-11-03
Ojas Ray,Male,62,Agra,Kerala,2022-05-01
Pranav Srivastava,Female,41,Rajpur Sonarpur,Manipur,2021-08-10
Amruta Kadakia,Female,33,Khora ,Nagaland,2021-09-17
Januja Cheema,Male,48,Gorakhpur,Punjab,2025-10-02
Tejas Ratti,Female,24,Dibrugarh,Odisha,2024-06-03
Eiravati Wadhwa,Male,32,Gulbarga,Tamil Nadu,2024-05-28
Barkha Dass,Female,18,Arrah,Gujarat,2026-01-15
Finn Chandran,Male,37,Mira-Bhayandar,Haryana,2026-04-19
Yasti Gola,Male,39,Raurkela Industrial Township,Gujarat,2022-01-28
Nidhi Malhotra,Male,25,Chandigarh,Kerala,2025-09-19
Anjali Virk,Female,48,Aizawl,Mizoram,2025-05-01
Sneha Doshi,Female,58,Tenali,Uttarakhand,2023-11-25
Pushti Dhillon,Male,45,Pallavaram,Manipur,2023-03-23
Vedhika Ben,Female,21,Giridih,Jharkhand,2025-09-19
Niharika Ramaswamy,Male,42,Surat,Mizoram,2023-10-18
Rayaan Kala,Male,36,Aizawl,Sikkim,2023-03-19
Jai Edwin,Male,41,Bikaner,Haryana,2024-05-22
Dhriti Cheema,Female,18,Saharanpur,Odisha,2025-04-03
Jalsa Johal,Male,43,Guna,Sikkim,2021-09-08
Harini Swaminathan,Female,44,Nizamabad,Himachal Pradesh,2025-06-10
Qadim Mann,Male,52,Allahabad,Andhra Pradesh,2025-11-07
Veer Halder,Male,70,Gurgaon,Goa,2025-08-29
Chaaya Swaminathan,Female,48,Mangalore,Nagaland,2025-08-20
Lucky Sant,Female,52,Ballia,Mizoram,2025-12-20
Baljiwan Parikh,Female,52,Bhilwara,Madhya Pradesh,2024-10-11
Darika Varkey,Male,55,Kumbakonam,Kerala,2021-08-10
Onkar Purohit,Female,45,Hyderabad,Jharkhand,2022-10-20
Lajita Jani,Male,43,Anantapur,Maharashtra,2023-08-09
Vasana Bajaj,Male,51,Jaipur,Meghalaya,2025-02-21
Maanav Yohannan,Male,68,Karimnagar,Gujarat,2021-11-19
William Dora,Female,43,Amravati,Uttar Pradesh,2024-02-05
Wyatt Singh,Male,36,Miryalaguda,Jharkhand,2024-05-23
Urmi Bail,Male,68,Chapra,Rajasthan,2024-04-07
Frederick Bava,Male,48,Gangtok,Madhya Pradesh,2024-02-09
Damini Mishra,Female,53,Jalgaon,West Bengal,2025-06-24
Ansh Kala,Male,35,Erode,Kerala,2025-11-30
Aarush Palan,Male,53,Kolhapur,Tripura,2024-10-22
Ria Bawa,Female,28,Deoghar,Uttarakhand,2021-12-24
Chatura Sankar,Male,23,Thoothukudi,Uttar Pradesh,2022-01-13
Ekansh Chopra,Male,34,Yamunanagar,West Bengal,2021-07-11
Wazir Bava,Female,53,Raichur,Sikkim,2024-07-01
Zehaan Mittal,Male,68,Indore,Goa,2021-08-12
Yamini Lad,Female,21,Guna,Chhattisgarh,2023-09-26
Ranveer Majumdar,Female,64,Salem,Meghalaya,2023-12-10
Balhaar Sarraf,Male,19,Thanjavur,Meghalaya,2021-11-24
Urvashi Uppal,Female,46,Bhavnagar,Tamil Nadu,2026-05-05
Praneel Jayaraman,Female,46,Korba,Punjab,2022-06-19
Urmi Borra,Male,39,Bokaro,Meghalaya,2023-07-24
Aishani Bajaj,Female,30,Bokaro,Sikkim,2022-04-16
Devika Mukhopadhyay,Male,46,Bidar,Kerala,2024-02-27
Yasti Mitter,Male,50,Madanapalle,Andhra Pradesh,2022-01-18
Gaurang Pillai,Male,49,Amritsar,Arunachal Pradesh,2024-03-24
Isaiah Nori,Female,33,Jehanabad,Goa,2021-10-22
Advika Ram,Female,36,North Dumdum,West Bengal,2023-12-18
Kiaan Chaudhuri,Female,33,Bhopal,Telangana,2025-06-19
William Memon,Male,55,Erode,Maharashtra,2025-03-06
Wahab Golla,Female,35,Tirupati,Telangana,2023-03-05
Chandani Konda,Female,28,Saharsa,Odisha,2021-09-09
Vamakshi Som,Male,53,Bikaner,Telangana,2023-12-24
Lakshmi Pal,Female,37,Varanasi,Rajasthan,2023-02-10
Urmi Sridhar,Male,51,Chittoor,Mizoram,2026-03-15
Vrinda Memon,Female,35,Tiruchirappalli,Rajasthan,2025-12-18
Pranav Bajwa,Female,59,Agra,Manipur,2025-04-22
Udyati Cheema,Female,21,Khora ,Uttarakhand,2022-09-20
Hiral Tank,Female,38,Sambhal,Madhya Pradesh,2025-04-10
Qarin Dube,Male,22,Madanapalle,Tamil Nadu,2022-07-16
Yatin Edwin,Female,50,Sultan Pur Majra,Telangana,2024-09-30
Chaitanya Cheema,Female,36,Bulandshahr,Uttarakhand,2021-08-28
Darika Mander,Male,50,Kumbakonam,Telangana,2024-09-29
Yoshita Wali,Male,20,Khandwa,Telangana,2024-08-19
Nakul Raghavan,Male,24,Panchkula,Punjab,2023-08-23
Tara Pathak,Male,32,Kamarhati,Tamil Nadu,2024-05-25
Anita Issac,Female,66,Bidar,Telangana,2021-07-20
Harinakshi Palan,Female,48,Ambarnath,Himachal Pradesh,2024-10-17
Shaurya Balay,Male,33,Machilipatnam,Bihar,2021-12-20
Barkha Kala,Female,48,Farrukhabad,Maharashtra,2022-12-10
Triya Koshy,Male,36,Tiruvottiyur,Uttarakhand,2026-03-09
Isha Bakshi,Female,34,Solapur,Mizoram,2022-11-17
Chaman Chanda,Female,60,South Dumdum,Haryana,2022-11-15
Darika Choudhury,Male,22,Agartala,Odisha,2021-12-05
Charita Hayer,Female,41,Madanapalle,Haryana,2023-08-06
Gabriel Andra,Female,48,Guna,Punjab,2026-04-11
Jasmit Sanghvi,Male,69,Haridwar,Haryana,2025-12-11
Azad Narain,Female,52,Panvel,Haryana,2025-09-04
Logan Bhalla,Male,31,Secunderabad,Odisha,2025-10-20
Adweta Pathak,Female,53,Haldia,Mizoram,2025-05-11
Daksh Bhat,Male,70,Alwar,Tamil Nadu,2024-02-13
Joshua Garg,Female,68,Vadodara,Andhra Pradesh,2021-12-08
Anvi Sampath,Female,65,Ahmednagar,Chhattisgarh,2024-01-29
Warinder Arya,Male,57,Mangalore,Uttar Pradesh,2021-10-26
Alka Comar,Female,32,Salem,Gujarat,2026-01-19
Turvi Sem,Male,63,Berhampore,Goa,2025-05-18
Alexander Sengupta,Male,35,Tadepalligudem,Jharkhand,2021-07-26
Jeet Raja,Male,51,Panipat,Mizoram,2026-06-19
Zilmil Master,Male,32,Madhyamgram,Rajasthan,2021-08-08
Pranit Palla,Male,22,Varanasi,Madhya Pradesh,2021-08-26
Kevin Chaudry,Female,44,Tezpur,Tripura,2024-03-29
Eesha Jayaraman,Female,23,Madanapalle,Arunachal Pradesh,2025-03-29
Hema Mohanty,Female,23,Tinsukia,Madhya Pradesh,2024-10-23
Bina Radhakrishnan,Female,29,Sambhal,Chhattisgarh,2022-08-18
Karan Wagle,Female,21,Sagar,Himachal Pradesh,2024-03-18
Gaurav Wagle,Female,57,Bharatpur,Jharkhand,2025-06-03
Varsha Karpe,Female,60,Farrukhabad,Sikkim,2022-09-23
Ojasvi Bhandari,Female,30,Dindigul,Gujarat,2024-12-04
Rehaan Raj,Male,57,Raichur,Karnataka,2025-12-24
Veda Chatterjee,Male,46,Udupi,Jharkhand,2023-05-25
Lohit Talwar,Male,66,Morbi,Andhra Pradesh,2023-09-27
Zehaan Taneja,Male,61,Adoni,Tamil Nadu,2021-07-05
Anamika Lad,Female,67,Varanasi,Gujarat,2025-08-16
Shaurya Khalsa,Male,38,Anantapuram,Karnataka,2022-10-31
Lopa Dhawan,Male,68,Ambala,Punjab,2024-10-18
Krishna Maharaj,Female,70,Dewas,Mizoram,2024-06-23
Ishwar Kamdar,Male,40,Mysore,Uttar Pradesh,2024-04-21
Vaishnavi Babu,Female,70,Nagaon,Tamil Nadu,2026-03-03
Wahab Tandon,Female,43,Bokaro,Telangana,2023-03-09
Unni Minhas,Female,68,Silchar,Tamil Nadu,2024-01-17
Daksh Chakraborty,Male,60,Ajmer,Kerala,2024-08-08
Gaurang Chowdhury,Male,31,Mumbai,Uttar Pradesh,2023-04-23
Parth Sagar,Male,60,Rajpur Sonarpur,Andhra Pradesh,2024-10-15
Hemani Yohannan,Female,18,Dibrugarh,Bihar,2023-12-11
Janaki Grewal,Female,59,Nellore,West Bengal,2023-07-06
Qasim Prakash,Male,25,Srikakulam,Tamil Nadu,2026-01-21
Aradhana Tank,Female,40,Kulti,Rajasthan,2025-06-05
Daksh Biswas,Female,42,Bhilwara,Jharkhand,2021-08-27
Vihaan Chokshi,Female,44,Delhi,Himachal Pradesh,2022-07-06
Abhiram Pal,Female,21,Kanpur,Assam,2022-07-09
Yutika Sodhi,Female,47,Amritsar,Chhattisgarh,2021-09-30
Ijaya Sami,Male,68,Phusro,Karnataka,2021-10-23
Xiti Mand,Female,68,Anand,Chhattisgarh,2025-07-30
Ishwar Kant,Male,43,Uluberia,Sikkim,2025-10-17
Alexander Mukhopadhyay,Female,46,Ambala,Mizoram,2024-06-17
Anay Bhavsar,Male,40,Udupi,Haryana,2024-06-22
Advik Batra,Male,42,Mangalore,Maharashtra,2024-01-02
Faqid Sampath,Female,21,Tiruppur,Nagaland,2024-12-19
Manan Chatterjee,Male,45,Bijapur,Tripura,2021-11-01
Anirudh Kamdar,Male,52,Nagercoil,Bihar,2023-02-02
Victor Khalsa,Female,40,Solapur,Uttar Pradesh,2022-04-09
Simon Shankar,Male,39,Dhanbad,Telangana,2026-06-03
Zehaan Mane,Female,24,Karnal,Tamil Nadu,2025-05-19
Madhav Krishnamurthy,Female,48,Vijayanagaram,Sikkim,2024-10-06
Yatan Behl,Male,47,Junagadh,Karnataka,2022-07-03
Riya Sandhu,Male,21,Anand,Punjab,2022-09-27
Tarak Grewal,Male,54,Berhampore,Arunachal Pradesh,2023-07-12
Vihaan Lata,Male,28,Karaikudi,Tripura,2024-10-27
Maanas Parmer,Male,55,Aizawl,Maharashtra,2026-01-22
Oviya Sastry,Male,62,Dehradun,Telangana,2024-01-05
Veer Kadakia,Female,44,Kota,Manipur,2021-08-09
Harshil Khurana,Female,63,Aurangabad,Manipur,2021-11-26
Karan Malhotra,Male,56,Jammu,Mizoram,2025-04-22
Ishanvi Mody,Female,56,Jammu,Punjab,2022-12-06
Brijesh Balasubramanian,Female,23,Rohtak,Tripura,2022-04-24
Vincent Srinivasan,Male,40,Morena,Haryana,2022-08-12
Widisha Soni,Female,64,Haldia,Maharashtra,2025-06-23
Rehaan Wason,Female,57,Chandigarh,Nagaland,2022-12-02
Ira Wason,Male,23,Anantapuram,Uttarakhand,2024-06-08
Joshua Sheth,Male,20,Ongole,Uttarakhand,2023-04-10
Yashvi Dara,Female,40,Gulbarga,Maharashtra,2025-10-20
Upma Sarkar,Male,61,Bellary,Arunachal Pradesh,2022-06-28
Bakhshi Chaudhary,Female,30,Tinsukia,Gujarat,2026-03-11
Qarin Mangal,Male,45,Kolhapur,Punjab,2023-03-27
Xavier Gera,Male,42,Chittoor,Madhya Pradesh,2026-05-01
Chasmum Barad,Male,44,Dindigul,Uttar Pradesh,2024-06-12
Kiaan Sodhi,Male,19,Indore,Arunachal Pradesh,2022-01-23
Pranav Pal,Male,25,Akola,Gujarat,2021-07-07
Qushi Kalita,Female,18,Hyderabad,Sikkim,2022-12-10
Agastya Padmanabhan,Male,54,Mau,Nagaland,2023-09-10
Girish Patla,Female,55,Ahmedabad,Sikkim,2025-12-30
Ira Salvi,Male,23,Bulandshahr,West Bengal,2021-10-23
Lopa Johal,Male,38,Bhavnagar,Jharkhand,2025-09-22
Ayush D’Alia,Male,50,Raiganj,Maharashtra,2022-01-28
Theodore Sur,Female,54,Kota,Tamil Nadu,2022-07-08
Sathvik Uppal,Male,22,Panipat,West Bengal,2024-11-03
Samar Deshmukh,Male,30,Bikaner,Tamil Nadu,2024-06-20
Zaitra Devi,Male,36,Jodhpur,Gujarat,2025-03-18
Priya Garg,Female,65,Jehanabad,Arunachal Pradesh,2021-07-31
Balveer Arya,Male,55,Nashik,Goa,2023-11-08
Bhavini Bath,Male,27,Tadipatri,Mizoram,2025-08-03
Janaki Kalla,Male,20,Bhiwani,Punjab,2024-12-11
Owen Kunda,Male,43,Dewas,Assam,2022-01-02
Xiti Dutta,Male,33,Ongole,Haryana,2025-08-09
Nakul Mall,Male,23,Rohtak,Uttarakhand,2025-09-09
Indrajit Srivastava,Female,54,Bhiwandi,Himachal Pradesh,2025-03-18
Kavya Dyal,Male,21,Dhanbad,Gujarat,2024-11-14
Bhavani Pal,Female,59,Guwahati,Rajasthan,2025-06-17
Sara Minhas,Male,45,Dehradun,Haryana,2022-07-23
Nisha Din,Male,63,Hospet,Madhya Pradesh,2025-06-25
Ojasvi Khanna,Female,46,Nadiad,Sikkim,2022-03-23
Theodore Trivedi,Female,68,Raipur,Uttarakhand,2022-01-13
Ria Murty,Female,38,Thrissur,Karnataka,2023-05-12
Balveer Sheth,Male,37,Hospet,Chhattisgarh,2023-03-31
Frado Gopal,Female,66,Pallavaram,West Bengal,2023-06-17
Libni Bakshi,Male,39,Bidhannagar,Manipur,2023-04-20
Chandran Sani,Female,41,Giridih,Himachal Pradesh,2024-11-30
Anjali Vaidya,Male,19,Purnia,Rajasthan,2024-04-08
Neha Anne,Female,35,Alwar,Nagaland,2024-07-17
Azaan Mangal,Female,24,Raiganj,Nagaland,2026-01-14
Oni Aurora,Female,38,Agra,Meghalaya,2022-07-10
Bimala Tata,Male,22,Navi Mumbai,Maharashtra,2022-08-02
Falak Sane,Female,50,Dhanbad,Andhra Pradesh,2022-09-09
Amruta Menon,Female,25,Shivpuri,Arunachal Pradesh,2023-02-10
Ekta Grewal,Female,69,Berhampore,Uttar Pradesh,2023-01-27
Advika Kapur,Male,56,Amravati,Punjab,2024-07-22
Dakshesh Dixit,Male,31,Raurkela Industrial Township,Uttarakhand,2024-10-25
Aarav Kashyap,Male,39,Kirari Suleman Nagar,Gujarat,2022-05-31
Dalbir Magar,Female,44,Jodhpur,Andhra Pradesh,2023-09-16
Akshay Aurora,Male,23,Rampur,Uttarakhand,2022-06-01
Ayaan Kashyap,Female,37,Mirzapur,Chhattisgarh,2023-11-24
Amruta Savant,Female,53,Tadepalligudem,Uttar Pradesh,2023-02-02
Benjamin Wagle,Female,66,Gorakhpur,Sikkim,2025-11-28
Sai Mannan,Female,37,Bihar Sharif,Kerala,2022-05-24
Alexander Sanghvi,Female,21,Bangalore,Arunachal Pradesh,2023-12-09
Shaurya Kala,Female,41,Asansol,Uttar Pradesh,2025-01-03
Falan Sahni,Female,68,Kolkata,Goa,2024-08-30
Quincy Bora,Male,56,Amritsar,Maharashtra,2022-06-10
Kiaan Chaudhuri,Female,20,Madurai,Sikkim,2023-12-01
Chameli Dutta,Male,55,Nangloi Jat,Gujarat,2023-01-10
Gauri Ratti,Female,63,Rajkot,Rajasthan,2026-04-01
Leena Kamdar,Female,39,Berhampore,Mizoram,2021-06-23
Sanya Parikh,Male,51,Hazaribagh,Himachal Pradesh,2023-06-27
Wyatt Kannan,Male,48,Thrissur,Sikkim,2025-11-22
Radhika Char,Female,52,Mirzapur,Chhattisgarh,2022-07-09
Chatura Shere,Female,57,Tirunelveli,Himachal Pradesh,2023-09-15
Falguni Devi,Male,28,Raurkela Industrial Township,Chhattisgarh,2025-05-11
Sudiksha Lala,Female,38,Thrissur,Kerala,2025-10-28
Yashawini Dara,Male,23,Nandyal,Assam,2023-12-25
Chaitaly Palan,Male,21,Tadepalligudem,Kerala,2023-02-23
Manya Rastogi,Female,68,Bhilai,Telangana,2023-01-29
Raghav Lalla,Male,30,Naihati,Kerala,2022-03-16
David Chander,Male,32,Muzaffarpur,Bihar,2025-10-13
Parth Rattan,Male,43,Anand,Tamil Nadu,2023-03-27
Tamanna Ramanathan,Female,19,Rohtak,Odisha,2022-12-12
Anmol Bava,Female,62,Kota,West Bengal,2026-01-26
Chaitaly Kari,Male,63,Rourkela,Telangana,2022-11-02
Ikshita Modi,Female,62,Jalgaon,Tripura,2026-01-05
Neha Chacko,Female,55,Jalandhar,Odisha,2024-01-27
Krishna Buch,Female,33,Ichalkaranji,Jharkhand,2022-06-16
Harini Purohit,Female,40,Durg,Himachal Pradesh,2024-01-25
Elijah Manda,Female,27,Raiganj,Uttar Pradesh,2024-02-11
Harita Lala,Male,49,Amritsar,Uttar Pradesh,2025-10-05
Rachit Contractor,Male,70,Satna,Punjab,2021-12-13
Tanvi Babu,Male,46,Bijapur,Sikkim,2024-01-03
Umang Prabhakar,Male,48,Ramagundam,Bihar,2021-07-01
Widisha Dhar,Female,70,Visakhapatnam,Odisha,2025-09-18
Zayyan Dugal,Male,49,Tezpur,Meghalaya,2023-01-30
Priya Sridhar,Male,60,Farrukhabad,Gujarat,2025-06-23
Tejas Chauhan,Female,45,Ozhukarai,Rajasthan,2024-12-18
Ansh Bajaj,Male,39,Morbi,Tamil Nadu,2023-03-26
Sara Sami,Female,41,Bhilwara,Karnataka,2024-06-15
Siddharth Bora,Male,29,Nagpur,Tripura,2022-10-17
Ishita Maharaj,Female,69,Bidar,Odisha,2022-12-23
Vasatika Kanda,Male,22,Arrah,Jharkhand,2023-08-04
Ikbal Ram,Male,29,Jamalpur,Haryana,2023-03-15
Utkarsh Thaker,Male,47,Chapra,Karnataka,2022-08-28
Omya Zacharia,Female,53,Madanapalle,Sikkim,2023-11-23
Elijah Gaba,Male,32,Faridabad,Kerala,2025-11-24
Bhanumati Arya,Female,59,Loni,Gujarat,2023-07-13
Hemal Din,Female,24,Ambarnath,Goa,2025-04-30
Faris Tiwari,Female,58,Kalyan-Dombivli,Chhattisgarh,2025-01-10
Warinder Bail,Female,31,Bilaspur,Odisha,2023-02-19
Oeshi Kunda,Male,24,Panchkula,Himachal Pradesh,2023-01-16
Peter Mangat,Female,43,Nashik,Rajasthan,2022-06-09
Elijah Tata,Male,50,Ajmer,Goa,2023-10-14
Caleb Shukla,Male,29,Danapur,Haryana,2022-04-02
Teerth Wadhwa,Male,60,Morena,Mizoram,2024-10-22
Aahana Banik,Female,18,Singrauli,Tamil Nadu,2026-02-18
Adweta Nayak,Female,66,Davanagere,Sikkim,2024-08-20
Radha Wali,Female,52,Pimpri-Chinchwad,Gujarat,2023-07-24
Vansha Chandra,Male,24,Kottayam,Uttarakhand,2024-08-07
Urishilla Tata,Female,31,Miryalaguda,West Bengal,2021-09-24
Tripti Srinivas,Male,47,Mathura,Jharkhand,2021-12-07
Azaan Contractor,Male,54,Tiruchirappalli,Kerala,2024-06-11
Jeet Acharya,Male,58,Siliguri,Rajasthan,2022-12-18
Gunbir Dash,Female,35,Tiruppur,Arunachal Pradesh,2021-09-16
Champak Memon,Male,62,Ludhiana,Gujarat,2025-01-08
Idika Chandra,Male,46,Tinsukia,Uttarakhand,2022-08-11
Urishilla Parekh,Female,68,Sangli-Miraj & Kupwad,Tamil Nadu,2026-02-22
Amaira Kalita,Female,54,Patna,Jharkhand,2022-08-06
Zansi Pathak,Male,36,Motihari,Gujarat,2025-07-25
Zarna Sant,Female,42,Sultan Pur Majra,Assam,2024-10-28
Azad Ray,Female,19,Rampur,Maharashtra,2022-02-22
Zehaan Dugal,Female,39,Vijayawada,Odisha,2021-11-23
Nitesh Luthra,Male,53,Surat,Jharkhand,2026-02-13
Maanas Munshi,Female,36,Ujjain,Himachal Pradesh,2023-12-06
Ranveer Koshy,Female,46,Agartala,Rajasthan,2023-04-20
Arjun Wagle,Female,40,Aurangabad,Bihar,2025-12-19
Logan Dewan,Male,43,Bhimavaram,Assam,2022-02-04
Rayaan Banik,Male,60,Kochi,Jharkhand,2025-05-17
Hritik Radhakrishnan,Female,68,Katihar,Jharkhand,2022-11-14
Aditya Saha,Female,21,Bangalore,Odisha,2022-05-22
Harshil Sengupta,Male,28,Motihari,Meghalaya,2021-12-11
Aditya Palla,Female,23,Shahjahanpur,Rajasthan,2026-06-07
Ikbal Luthra,Male,27,Coimbatore,Nagaland,2021-10-25
Jalsa Khatri,Male,43,Aurangabad,Uttarakhand,2021-08-26
Edhitha Seshadri,Female,25,Medininagar,Telangana,2022-08-22
Yashasvi Bedi,Female,30,Sasaram,Assam,2024-06-27
Elijah Varughese,Female,53,Sagar,Tamil Nadu,2025-07-19
Nandini Palan,Male,70,Jamshedpur,Chhattisgarh,2025-08-27
Kala Barad,Female,52,Etawah,Gujarat,2024-02-07
Hitesh Deol,Male,26,Kalyan-Dombivli,Mizoram,2022-01-28
Agastya Grover,Male,52,Chandrapur,Arunachal Pradesh,2023-03-30
Ishani Dhawan,Male,37,Ahmedabad,Uttarakhand,2024-09-29
Eiravati Bains,Female,29,Malda,Goa,2023-03-22
Nilima Mangat,Male,68,Ambarnath,Nagaland,2021-08-15
Ekaraj Apte,Male,42,Surendranagar Dudhrej,Uttarakhand,2022-05-12
Charita Thaker,Male,52,Solapur,Tripura,2025-06-05
Lopa Oommen,Male,50,Dewas,Meghalaya,2024-10-16
Quincy Dhillon,Female,18,Mahbubnagar,Meghalaya,2021-09-20
Theodore Dyal,Male,41,Kottayam,Kerala,2023-03-23
Henry Raja,Male,36,Bhilai,Arunachal Pradesh,2024-05-14
Thomas Mitter,Male,63,Suryapet,Nagaland,2026-06-03
Vanya Mand,Female,68,Udupi,Maharashtra,2025-08-26
Harsh Subramanian,Male,57,Bikaner,Meghalaya,2022-06-04
Falan Parmer,Male,30,Barasat,Manipur,2021-09-05
George Modi,Male,64,Ambattur,Odisha,2022-01-03
Devika Narang,Male,55,Mysore,Nagaland,2023-09-27
Girindra Balasubramanian,Female,22,Morena,West Bengal,2022-06-30
Samarth Nanda,Male,18,Durgapur,Bihar,2024-12-01
Widisha Sarkar,Male,42,Anand,Madhya Pradesh,2021-07-13
Meghana Om,Male,68,Varanasi,Karnataka,2022-12-19
Xiti Guha,Male,61,Ratlam,Madhya Pradesh,2021-10-11
Pavani Dubey,Female,65,Thoothukudi,Uttarakhand,2023-11-17
Lila Buch,Female,25,Meerut,Sikkim,2025-12-28
Diya Iyer,Female,56,Katni,West Bengal,2023-10-06
Noah Padmanabhan,Male,47,Dibrugarh,Mizoram,2022-07-17
Umang Tailor,Female,43,Morena,Gujarat,2023-03-15
Rachana Dave,Female,54,Siwan,Assam,2025-06-22
Yauvani Tripathi,Female,58,Vijayawada,Kerala,2022-10-28
Ekavir Khare,Male,59,Bhimavaram,Uttar Pradesh,2025-05-30
Bakhshi Ranganathan,Male,35,Kakinada,Himachal Pradesh,2025-11-21
Bishakha Ravi,Male,38,Mangalore,Karnataka,2023-02-24
Inaya Kapoor,Female,28,Begusarai,Haryana,2025-10-12
Janaki Palla,Female,22,Rajkot,Andhra Pradesh,2025-08-26
Amara Dubey,Male,69,Kumbakonam,Assam,2026-02-10
Ranbir Tandon,Female,27,Bhagalpur,Tripura,2024-02-13
Chasmum Tara,Male,50,Mau,Uttar Pradesh,2022-09-20
Jonathan Ben,Male,49,Varanasi,Goa,2025-12-26
Anay Pall,Female,24,Rohtak,Jharkhand,2023-09-30
Jhalak Sanghvi,Male,25,Pune,Mizoram,2023-10-03
Vidhi Mital,Male,48,Danapur,Maharashtra,2024-05-19
Ekapad Ghose,Male,64,Kota,West Bengal,2023-10-17
Aarush Lal,Female,34,Madanapalle,Karnataka,2025-03-31
Upma Kibe,Male,33,Machilipatnam,West Bengal,2023-05-05
Patrick Sarraf,Female,63,Mehsana,Manipur,2024-02-24
Ayush Nagy,Female,58,Yamunanagar,Uttar Pradesh,2022-01-25
Sudiksha Kara,Male,44,Noida,Goa,2026-03-20
Yadavi Sandhu,Female,67,Sri Ganganagar,Odisha,2025-03-13
Tanmayi Zacharia,Male,42,Bhubaneswar,Bihar,2025-07-29
Libni Dugar,Female,37,Chittoor,Manipur,2023-08-13
Vrishti Kashyap,Male,35,Udaipur,Manipur,2025-01-07
Keya Prashad,Male,39,Karaikudi,Kerala,2024-02-17
Urmi Merchant,Female,47,Ajmer,Odisha,2024-08-07
Geetika Dhaliwal,Male,60,Suryapet,Tamil Nadu,2025-09-21
Wishi Wali,Male,57,Hazaribagh,Nagaland,2026-05-28
Lucky Char,Female,67,Bongaigaon,Mizoram,2025-11-03
Abhimanyu Chana,Female,39,Vijayanagaram,Tripura,2022-10-13
Hemangini Sangha,Male,68,Durg,Jharkhand,2025-11-18
Maya Srivastava,Male,48,Bhilwara,Chhattisgarh,2024-04-25
Ishanvi Prashad,Female,33,Barasat,West Bengal,2023-10-18
Ayaan Dash,Female,26,Karimnagar,Sikkim,2024-10-14
Zayyan Parsa,Male,65,Madurai,Meghalaya,2022-02-23
Warinder Dasgupta,Female,45,Kharagpur,Kerala,2025-01-22
Anvi Ramesh,Female,68,Nandyal,Arunachal Pradesh,2022-04-01
Indali Kamdar,Male,62,Jammu,Madhya Pradesh,2024-08-12
Raksha Ganesan,Female,53,Moradabad,Telangana,2022-10-11
Vritti Rajan,Female,67,Karaikudi,Odisha,2024-02-03
Meghana Peri,Female,34,Berhampore,Bihar,2022-06-15
Libni Dasgupta,Female,67,Udupi,West Bengal,2025-03-23
Rohan Bandi,Male,43,Shimla,Karnataka,2023-10-21
Fiyaz Kota,Male,54,Alwar,Nagaland,2024-11-09
Yashawini Mall,Female,34,Bhilwara,Telangana,2022-04-04
Jackson Bajaj,Female,34,Bhatpara,Bihar,2025-08-18
Maanas Sampath,Male,39,Aurangabad,Mizoram,2023-06-06
Zehaan Loyal,Female,35,Asansol,West Bengal,2023-05-18
Zaitra Shenoy,Female,55,Bikaner,Tripura,2023-07-12
Bimala Gole,Female,47,Junagadh,Uttarakhand,2022-11-02
Nirja Narayanan,Female,62,Nashik,Andhra Pradesh,2026-05-13
Noah Pillai,Male,65,Ramagundam,Punjab,2024-09-26
Abhimanyu Bhandari,Male,20,Satna,Arunachal Pradesh,2022-03-09
Liam Warrior,Female,57,Agartala,Odisha,2022-09-01
Falak Chokshi,Male,27,Satna,West Bengal,2025-02-25
Vasatika Ramaswamy,Female,50,Ambattur,Karnataka,2023-09-04
Rachit Chauhan,Female,18,Yamunanagar,Uttarakhand,2026-03-09
Darsh Kuruvilla,Male,37,Phagwara,Goa,2021-07-11
Gautam Minhas,Female,54,Tiruchirappalli,Mizoram,2023-08-11
Yuvraj Rana,Male,55,Moradabad,Andhra Pradesh,2022-08-24
Dalaja Kulkarni,Female,24,Solapur,West Bengal,2023-10-03
Teerth Doctor,Male,61,Rajahmundry,Manipur,2024-12-31
Chaitaly Handa,Female,37,Gurgaon,Manipur,2024-10-12
Faras Majumdar,Male,19,Nizamabad,Manipur,2022-09-09
Avi Sani,Female,20,Kishanganj,Chhattisgarh,2024-02-13
Pavani Chakrabarti,Male,61,Bhubaneswar,Himachal Pradesh,2025-07-28
Harsh Chandra,Male,48,Guwahati,Rajasthan,2021-07-24
Kamya Hayre,Female,20,Maheshtala,Punjab,2025-05-23
Darika Ganesh,Male,61,Ratlam,Kerala,2023-02-07
Harini Divan,Male,30,Mangalore,Arunachal Pradesh,2025-09-04
Dominic Krishna,Male,60,Tezpur,Nagaland,2023-02-09
Peter Soman,Male,70,Kumbakonam,Nagaland,2022-06-07
Madhav Doctor,Male,38,Indore,Sikkim,2022-11-24
Pallavi Patel,Male,37,Bongaigaon,Himachal Pradesh,2022-11-22
Amara Soni,Male,23,Agartala,Bihar,2021-10-27
Yagnesh Rege,Male,28,Bhiwani,Haryana,2025-09-07
Meghana Ramakrishnan,Female,61,Bokaro,Madhya Pradesh,2022-02-18
Sanaya Dua,Female,66,Bally,Telangana,2022-12-19
Avni Nayak,Male,23,Vijayanagaram,Odisha,2025-09-22
Arjun Chaudry,Female,29,Amaravati,Madhya Pradesh,2024-03-27
Abhimanyu Wagle,Male,57,Rourkela,Madhya Pradesh,2022-10-03
Kamya Patel,Female,26,Raiganj,Tamil Nadu,2024-01-26
Rushil Raval,Male,57,Bardhaman,Haryana,2021-10-10
Dalbir Rege,Female,67,Bongaigaon,Madhya Pradesh,2021-10-24
Sanya Bandi,Female,40,Gandhidham,Tamil Nadu,2024-11-08
Ijaya Vasa,Female,61,Bhagalpur,Himachal Pradesh,2025-09-17
Anthony Mody,Female,39,Indore,Karnataka,2025-07-05
Leena Munshi,Male,31,Dhule,Himachal Pradesh,2023-04-14
Tristan Mukherjee,Male,51,Kanpur,Uttarakhand,2023-09-11
Aadhya Ray,Male,34,Kanpur,Madhya Pradesh,2024-05-28
Ranveer Suri,Female,38,Kolkata,Uttarakhand,2024-04-06
Jai Rout,Female,26,Thiruvananthapuram,West Bengal,2025-07-15
Chanakya Krishna,Female,63,Kulti,Haryana,2025-09-08
Rushil Choudhury,Female,56,Tirupati,Gujarat,2022-06-10
Amara Narang,Female,35,Akola,Goa,2023-02-23
Varenya Sant,Female,27,Orai,Goa,2023-07-12
Omaja Pillay,Male,44,Jammu,Uttarakhand,2023-06-17
Zashil Mallick,Female,25,Shahjahanpur,Himachal Pradesh,2024-06-01
Faris Sandal,Female,19,Cuttack,Telangana,2022-06-14
Aashi Balasubramanian,Male,20,Jaipur,Haryana,2021-07-26
Nakul Raval,Female,69,Avadi,Arunachal Pradesh,2026-04-15
Pavani Soman,Male,68,Bidar,Goa,2025-01-30
Zayan Chopra,Male,44,Berhampur,West Bengal,2021-11-02
Ekaja Tank,Male,66,Vijayawada,Bihar,2024-01-21
Jeevika Banik,Female,68,Jabalpur,Rajasthan,2024-09-16
Gabriel Randhawa,Female,31,Moradabad,Gujarat,2026-02-25
Harrison Chowdhury,Male,47,Rourkela,Telangana,2026-01-17
Yochana Viswanathan,Male,29,Ratlam,Rajasthan,2023-10-16
Odika Sura,Female,59,Ulhasnagar,Maharashtra,2022-09-17
Urmi Mitter,Male,18,Panipat,Haryana,2026-06-09
Henry Mital,Female,30,Amritsar,Tamil Nadu,2021-07-09
Yashodhara Kapoor,Male,61,Fatehpur,Himachal Pradesh,2021-08-11
Jeet Padmanabhan,Male,40,Kota,Chhattisgarh,2021-08-17
Krisha Panchal,Male,56,Sambhal,Madhya Pradesh,2025-11-25
Watika Upadhyay,Male,42,Bangalore,Assam,2024-07-31
Girindra Vohra,Female,36,Buxar,Karnataka,2022-11-27
Jalsa Mannan,Female,58,Gwalior,Telangana,2023-03-21
Veda Gade,Male,66,Gudivada,Goa,2022-03-22
Aryan Dayal,Female,54,Pune,Jharkhand,2021-11-06
Eta Sangha,Male,68,Sambalpur,Bihar,2023-12-21
Upasna Sen,Female,43,Panihati,Telangana,2022-06-26
William Dayal,Male,31,Khora ,Maharashtra,2023-09-23
Jyoti Choudhry,Female,64,Tirupati,Sikkim,2022-10-01
Jagat Varkey,Male,52,Bhiwandi,Himachal Pradesh,2025-06-02
Agastya Karnik,Female,62,Rourkela,Goa,2025-10-29
Krisha Upadhyay,Female,23,Panihati,Telangana,2021-08-03
Mitesh Babu,Male,24,Vasai-Virar,Uttarakhand,2023-05-23
Chaitanya Chopra,Male,67,Phusro,Bihar,2024-10-04
Arjun Goel,Male,26,Dehri,Uttar Pradesh,2025-04-12
Harrison Goyal,Female,25,Jhansi,Arunachal Pradesh,2025-08-14
Benjamin Sen,Male,68,Panipat,Odisha,2023-02-16
Meera Kari,Male,45,Bijapur,Karnataka,2023-08-22
Quincy Mody,Male,56,Sultan Pur Majra,Sikkim,2022-11-15
Widisha Ghose,Male,64,Satara,Odisha,2025-01-16
Yahvi Contractor,Male,39,Guntakal,Chhattisgarh,2024-04-17
Aarnav Mani,Male,50,Navi Mumbai,Arunachal Pradesh,2025-09-20
Yashvi Raghavan,Female,58,Sambalpur,Chhattisgarh,2025-11-06
Aradhana Shetty,Male,27,Thiruvananthapuram,Gujarat,2021-10-15
Triya Gaba,Female,57,Erode,Meghalaya,2025-03-28
Charan Jaggi,Female,26,Guwahati,Arunachal Pradesh,2024-04-14
Deepa Pandit,Female,51,Madurai,Himachal Pradesh,2023-12-23
Robert Ben,Male,69,Bilaspur,Maharashtra,2022-04-22
Owen Mangal,Male,19,Saharanpur,Mizoram,2025-01-01
Vasana Srinivasan,Male,31,Rampur,Arunachal Pradesh,2022-07-03
Nikita Ray,Male,26,Junagadh,Karnataka,2023-05-09
Rayaan Mane,Female,33,Bilaspur,Uttarakhand,2025-02-24
Charles Pandey,Female,50,Bangalore,West Bengal,2023-09-15
Balveer Malhotra,Male,62,Bellary,Tamil Nadu,2025-05-16
Bhavika Karnik,Female,35,Medininagar,Uttarakhand,2025-04-29
Maya Dayal,Female,48,Sirsa,Himachal Pradesh,2024-05-10
Kashvi Mitter,Male,53,Berhampore,Odisha,2023-08-20
Gautam Gopal,Male,62,Delhi,Manipur,2025-12-21
Mason Mitter,Female,36,Ujjain,Mizoram,2024-04-07
Ayush Pandya,Male,56,Nellore,Tamil Nadu,2021-12-01
Omaja Hans,Male,35,Bathinda,Chhattisgarh,2024-01-22
Chandani Singhal,Male,25,Baranagar,Uttar Pradesh,2022-12-31
Rushil Palan,Female,44,Mathura,Sikkim,2024-10-25
Brinda Chaudhary,Female,23,Tenali,West Bengal,2021-10-17
Maanav Bhandari,Male,36,Anantapur,Nagaland,2021-09-12
Januja Mistry,Female,39,Ranchi,Bihar,2024-10-29
Ekavir Dewan,Female,51,Gurgaon,Kerala,2023-12-05
Vrinda Keer,Female,28,Kakinada,Goa,2025-10-07
Adya Kurian,Female,27,Karaikudi,Bihar,2024-03-06
Krisha Dutt,Male,27,Bangalore,Chhattisgarh,2022-02-22
Matthew Pradhan,Female,44,Chapra,Chhattisgarh,2023-07-02
Ijaya Krish,Female,51,Purnia,Telangana,2023-10-14
Liam Bhatti,Male,21,Thrissur,Manipur,2025-05-06
Advaith Venkatesh,Male,23,Bongaigaon,Tamil Nadu,2026-04-17
Kavya Bera,Male,57,Anantapur,Tripura,2023-12-13
Yachana Cherian,Female,46,Raipur,Chhattisgarh,2023-12-10
Barkha Lad,Female,58,Tezpur,Odisha,2025-06-22
Abhimanyu Goel,Female,52,Kottayam,Manipur,2024-06-13
Peter Pandya,Female,63,Panihati,Punjab,2026-01-02
Hemal Tara,Male,55,Morena,Arunachal Pradesh,2026-05-10
Ira Naidu,Male,61,Pimpri-Chinchwad,Goa,2024-11-19
Onkar Mannan,Female,19,Noida,Madhya Pradesh,2023-10-09
Yauvani Maharaj,Female,51,Danapur,Bihar,2024-02-19
Frederick Nayar,Male,22,Bathinda,Chhattisgarh,2023-04-08
Tanvi Mani,Female,47,Vijayawada,Gujarat,2025-11-13
Yashasvi Kapoor,Male,63,Bathinda,Uttarakhand,2024-09-29
Gaurangi Jhaveri,Female,45,Thanjavur,Karnataka,2021-08-24
Agastya Peri,Female,37,Vasai-Virar,Andhra Pradesh,2023-11-29
Lakshmi Mukherjee,Male,63,Kharagpur,Arunachal Pradesh,2023-03-11
Quincy Rajan,Female,58,Jabalpur,Manipur,2023-12-25
Ishwar Roy,Male,45,Jalna,Chhattisgarh,2021-11-14
Waida Sagar,Female,62,Srinagar,Assam,2022-06-08
Zashil Lal,Female,53,Warangal,Bihar,2024-02-10
Ishaan Handa,Male,37,Kollam,Assam,2024-06-11
Charan Sem,Male,28,Udaipur,Manipur,2025-12-11
Anirudh Palla,Male,43,Mango,Tamil Nadu,2022-07-31
Naveen Sehgal,Female,20,Yamunanagar,Uttarakhand,2024-01-02
Edhitha Rau,Male,34,Sambhal,Uttar Pradesh,2022-02-03
Omkaar Bhagat,Female,39,Mahbubnagar,Karnataka,2025-01-17
Gautami Sane,Female,38,Dhanbad,Assam,2022-06-18
Eesha Peri,Female,32,Kozhikode,Rajasthan,2026-03-01
Ranbir Aggarwal,Female,47,Anand,Manipur,2023-06-18
Reva Chaudhary,Male,69,Agra,Meghalaya,2023-09-21
Amaira Sarna,Male,55,Begusarai,Chhattisgarh,2023-04-28
Darika Grover,Female,32,Dehradun,Odisha,2022-02-19
Sneha Ganesh,Male,34,Tiruppur,Bihar,2024-06-08
Kalpit Bhandari,Female,22,Khandwa,Himachal Pradesh,2023-05-24
Girindra Kakar,Female,66,Raurkela Industrial Township,Mizoram,2023-01-17
Dhriti Mani,Male,67,Gorakhpur,Telangana,2022-10-03
Panini Agrawal,Male,33,Katni,Andhra Pradesh,2026-05-14
Vihaan Sethi,Male,46,Tenali,Nagaland,2026-03-27
Ayushman Sant,Male,30,Bidhannagar,Telangana,2025-10-21
Robert Nair,Female,19,Katni,Bihar,2021-07-12
Dakshesh Tandon,Male,53,Tenali,Gujarat,2022-09-22
Fariq Deshmukh,Male,40,Narasaraopet,Andhra Pradesh,2026-04-04
Kashvi Mitra,Male,59,Sagar,Arunachal Pradesh,2025-07-21
Tanvi Sani,Female,42,Karaikudi,Himachal Pradesh,2022-02-24
Gagan Halder,Female,59,Dhanbad,Telangana,2023-12-13
Arin Amble,Male,30,Mirzapur,Arunachal Pradesh,2025-10-10
Advik Bala,Female,64,Kamarhati,Uttarakhand,2026-01-22
Umang Nath,Female,42,Tirupati,West Bengal,2023-04-05
Samuel Goel,Female,26,Gorakhpur,Uttar Pradesh,2022-03-22
Ganga Andra,Female,39,Ballia,Uttar Pradesh,2023-05-26
Samesh Deol,Male,30,Pondicherry,Arunachal Pradesh,2025-08-13
Victor Raghavan,Female,37,Sangli-Miraj & Kupwad,Uttar Pradesh,2023-07-19
Indrajit Padmanabhan,Male,43,Hapur,Karnataka,2026-03-05
Hardik Barad,Female,68,Vijayanagaram,Nagaland,2023-09-17
Udant Badami,Female,36,Bharatpur,Uttarakhand,2024-10-09
Yug Chaudhuri,Male,65,Bihar Sharif,Maharashtra,2026-01-25
Logan Deo,Female,26,Bareilly,Uttar Pradesh,2024-09-01
Nirja Sarkar,Male,62,Saharsa,Kerala,2025-05-12
Krisha Bhargava,Female,59,Nellore,Himachal Pradesh,2025-11-28
Lucky Dhar,Male,56,Bhilai,West Bengal,2024-12-12
Ekta Walia,Female,35,Latur,Odisha,2024-09-11
Ati Seth,Male,41,Khammam,Uttar Pradesh,2022-12-02
Sudiksha Balasubramanian,Female,44,Asansol,Meghalaya,2024-01-24
Azaan Gade,Female,45,Aizawl,Jharkhand,2022-04-25
Bhavika Kumer,Male,55,Kavali,Manipur,2022-06-04
Qasim Chana,Female,28,Berhampore,Bihar,2026-06-04
Rajeshri Wason,Female,43,Vijayawada,Assam,2022-01-27
Veda Seth,Male,37,Motihari,Haryana,2023-05-21
Neelima Wason,Male,63,Karnal,Rajasthan,2024-10-21
Rohan Jayaraman,Female,49,Gandhidham,Goa,2023-07-14
Vyanjana Gill,Male,48,Aurangabad,Gujarat,2024-10-23
Aarush Sane,Female,64,Rajkot,Kerala,2025-12-14
Xiti Sule,Female,48,Kumbakonam,Andhra Pradesh,2025-06-15
Anita Cherian,Male,40,Tezpur,Goa,2024-05-11
Xavier Sethi,Female,34,Dewas,Assam,2022-05-10
Krish Randhawa,Male,46,Anand,Himachal Pradesh,2025-10-21
Hritik Sarkar,Female,32,New Delhi,Meghalaya,2023-05-24
Zayyan Sathe,Female,20,Kumbakonam,Himachal Pradesh,2025-10-24
Ekavir Aggarwal,Male,19,Hindupur,Manipur,2024-10-10
Ekani Ram,Female,42,Chinsurah,Goa,2023-02-16
Lakshit Pau,Male,34,Motihari,Himachal Pradesh,2024-04-17
Amruta Sule,Female,51,Vadodara,Tamil Nadu,2025-04-25
Nirja Keer,Male,36,Mirzapur,Rajasthan,2021-09-23
Elijah Sankar,Male,38,Madhyamgram,West Bengal,2024-11-07
Jagvi Tandon,Female,62,Delhi,Assam,2023-05-27
Vansha Dhingra,Female,18,Karaikudi,Chhattisgarh,2023-12-01
Fariq Shenoy,Female,22,Kurnool,Jharkhand,2025-01-18
Ansh Sampath,Male,38,Chandigarh,Manipur,2021-08-11
Manan Atwal,Male,20,Aligarh,Manipur,2026-06-07
Qadim Mistry,Male,22,Aurangabad,Uttar Pradesh,2026-06-02
Nandini Rajan,Male,67,Jodhpur,Gujarat,2025-03-03
Ishaan Datta,Female,29,Delhi,Tripura,2024-02-16
Vrishti Ganesan,Male,67,Gangtok,Arunachal Pradesh,2023-11-14
Anay Walia,Female,58,Farrukhabad,Punjab,2021-06-27
Jatin Chaudhry,Male,57,Bhagalpur,Andhra Pradesh,2023-12-14
Nachiket Mutti,Female,42,Gaya,Sikkim,2024-05-05
Yash Dutt,Male,28,Loni,Odisha,2024-01-27
Ekta Bhasin,Male,52,Darbhanga,Maharashtra,2025-12-13
Bhavna Guha,Female,29,Raebareli,Telangana,2022-06-05
Aarush Memon,Female,62,Pune,Haryana,2022-07-17
Wridesh Sani,Male,64,Anantapuram,West Bengal,2022-04-09
Sanaya Srinivasan,Female,55,Maheshtala,Chhattisgarh,2025-01-20
Arjun Date,Female,53,Deoghar,Goa,2026-05-23
Ekantika Hegde,Female,63,Belgaum,West Bengal,2026-04-28
Zehaan Reddy,Male,70,North Dumdum,Bihar,2023-03-18
Omkaar Ahluwalia,Male,23,Saharanpur,Arunachal Pradesh,2023-06-14
Patrick Bera,Female,28,Panvel,Rajasthan,2026-03-14
Leela Oza,Male,68,Tadepalligudem,Jharkhand,2024-11-03
Ekapad Radhakrishnan,Male,48,Thoothukudi,Karnataka,2022-04-24
Damyanti Singh,Male,59,Vijayawada,Sikkim,2024-09-30
Advay Pradhan,Male,49,Bangalore,Telangana,2021-08-14
Ojasvi Korpal,Female,37,Anantapur,Andhra Pradesh,2021-10-04
Niharika Kala,Female,51,Amritsar,Jharkhand,2025-01-19
Ansh Jain,Male,59,Erode,Uttar Pradesh,2025-04-08
Tara Walla,Female,34,Ratlam,Himachal Pradesh,2022-01-20
Meghana Nayar,Female,35,Ghaziabad,Gujarat,2021-12-03
Yochana Datta,Male,62,Naihati,Assam,2021-09-01
Wishi Kapur,Male,62,Mirzapur,Assam,2024-04-23
Gayathri Karpe,Female,44,Katni,Madhya Pradesh,2023-04-26
Anamika Borah,Female,19,Jamshedpur,Uttarakhand,2023-09-09
Omisha Dhar,Male,54,Bhatpara,Mizoram,2021-11-04
Ganga Bala,Male,60,Sasaram,Uttarakhand,2022-07-14
Jeremiah Deep,Male,41,Cuttack,Tamil Nadu,2023-08-13
Tamanna Sridhar,Male,25,Bhusawal,Madhya Pradesh,2023-02-20
Parth Sibal,Male,19,Malegaon,Himachal Pradesh,2025-04-18
Oni Johal,Female,46,Bulandshahr,Haryana,2022-01-29
Akshay Mallick,Male,56,Uluberia,Arunachal Pradesh,2026-04-20
Wriddhish Wable,Male,50,Udaipur,Maharashtra,2025-08-08
Aachal Lad,Female,60,Ghaziabad,Maharashtra,2024-02-03
Ria Sama,Male,18,Siliguri,Goa,2025-05-26
Advika Narayanan,Male,59,Patiala,Chhattisgarh,2026-01-15
Anmol Palla,Female,57,Pimpri-Chinchwad,Rajasthan,2026-05-11
Amaira Kashyap,Male,54,Pali,Karnataka,2024-06-08
Ridhi Sen,Male,59,Madurai,Gujarat,2023-10-04
Hiral Rana,Male,53,Karnal,Sikkim,2024-05-15
Faris Palan,Female,53,Guwahati,Nagaland,2026-01-29
Chandani Singhal,Female,18,Darbhanga,West Bengal,2022-07-22
Abeer Savant,Male,52,Katni,Meghalaya,2021-12-03
Christopher Lanka,Female,62,Surendranagar Dudhrej,Telangana,2024-04-24
Isaiah Oommen,Female,61,Anand,Assam,2022-03-08
Yashawini Issac,Male,47,Pudukkottai,Maharashtra,2022-03-19
Warjas Ray,Male,40,Kishanganj,Uttarakhand,2025-11-11
Chandresh Hora,Female,69,Surendranagar Dudhrej,Uttar Pradesh,2022-01-03
Vidhi Borde,Female,31,Burhanpur,Himachal Pradesh,2026-02-06
Sara Lad,Female,25,Nashik,Uttarakhand,2021-07-25
Warda Ramakrishnan,Male,28,Hindupur,Kerala,2023-02-23
Manya Agrawal,Female,60,Patiala,Madhya Pradesh,2025-11-13
Lila Sawhney,Male,59,Gulbarga,Odisha,2022-04-06
Onveer Kala,Female,67,Deoghar,Uttarakhand,2026-03-21
Yamini Krishnan,Male,20,Bidhannagar,Jharkhand,2024-07-05
Tripti Trivedi,Male,41,Mahbubnagar,Madhya Pradesh,2022-03-17
Ethan Bava,Female,26,Bidar,Tripura,2026-01-06
Alka Sinha,Male,47,Pondicherry,Odisha,2021-08-23
Yashasvi Sachdeva,Female,39,Nagercoil,West Bengal,2023-03-14
Gopal Baral,Male,22,Aligarh,Arunachal Pradesh,2026-06-03
Lucky Munshi,Female,53,Gwalior,Jharkhand,2021-11-09
Chasmum Chowdhury,Female,65,Medininagar,Assam,2022-12-14
Frederick Bal,Female,64,Dindigul,Maharashtra,2022-09-17
Lipika Kulkarni,Female,23,Kurnool,Goa,2025-09-29
Gabriel Lanka,Female,64,Mau,Assam,2024-11-11
Mahika Raju,Male,60,Bhilai,Bihar,2022-03-20
Odika Yadav,Male,34,Jammu,Haryana,2023-03-31
Ekavir Bala,Male,19,Bangalore,Madhya Pradesh,2023-08-08
Gautami Prashad,Female,37,Ramagundam,Mizoram,2022-09-06
Robert Shenoy,Female,49,Panvel,Uttar Pradesh,2023-02-05
Nathaniel Babu,Female,50,Durgapur,Punjab,2022-01-25
Meera Nayak,Female,62,Thrissur,Andhra Pradesh,2024-01-08
Wyatt Divan,Male,33,Uluberia,Uttarakhand,2024-11-26
Wahab Parmar,Male,64,Hapur,Bihar,2025-09-21
Girish Dhillon,Female,65,Gangtok,Mizoram,2025-08-05
Girish Menon,Female,44,Dewas,Haryana,2021-07-04
Jagdish Naidu,Male,44,Proddatur,Haryana,2023-11-01
Bhavini Atwal,Male,70,Kakinada,Goa,2021-12-01
Advaith Kunda,Female,67,Gulbarga,Bihar,2022-03-21
Zehaan Rajagopal,Female,67,Bikaner,Madhya Pradesh,2021-10-10
Divya Shanker,Male,22,Bahraich,Uttar Pradesh,2021-12-21
Upkaar Karan,Female,27,Ghaziabad,Kerala,2023-02-13
Janani Hora,Male,25,Gurgaon,Gujarat,2023-08-31
Advik Rajan,Female,33,Bardhaman,Maharashtra,2022-10-20
Dhriti Samra,Female,21,Amravati,Sikkim,2025-06-03
Ucchal Ratta,Male,48,Ichalkaranji,Meghalaya,2022-12-11
Rajata Nazareth,Female,35,Sambalpur,Chhattisgarh,2023-02-01
Darika Nigam,Male,45,Indore,Arunachal Pradesh,2024-05-21
Aarush Ram,Female,54,Fatehpur,Sikkim,2021-09-10
Sathvik Dhaliwal,Female,38,Meerut,Sikkim,2024-03-10
Tamanna Sem,Male,56,Vadodara,Mizoram,2024-08-05
Bachittar Khosla,Male,24,Delhi,Manipur,2022-10-26
David Ghose,Male,35,Thrissur,Uttar Pradesh,2025-01-07
Jeevika Banik,Female,54,Karawal Nagar,Himachal Pradesh,2023-05-16
Advaith Chawla,Female,23,Aurangabad,Maharashtra,2024-12-25
Vedant Sarin,Male,38,Pali,Arunachal Pradesh,2024-01-01
Geetika Konda,Female,60,Madanapalle,Meghalaya,2023-10-02
Daksha Sarin,Male,40,Amaravati,Telangana,2025-06-26
Varenya Dube,Male,46,Bongaigaon,Himachal Pradesh,2022-12-11
Samaksh Thakur,Male,50,Jamnagar,Assam,2023-11-04
Aarna Bajaj,Female,50,Shahjahanpur,Kerala,2025-02-23
Ati Bhakta,Male,70,Bhilwara,Uttar Pradesh,2023-03-07
Kashish Kant,Female,44,Gandhidham,Odisha,2023-03-08
Saksham Chopra,Male,21,Pimpri-Chinchwad,Karnataka,2022-06-21
Tanish Dugar,Male,58,Rajkot,Chhattisgarh,2024-07-23
Matthew Raghavan,Male,63,Haridwar,Sikkim,2021-07-11
Qushi Suri,Male,63,Surendranagar Dudhrej,Bihar,2022-11-07
Diya Jain,Female,57,Patiala,Uttar Pradesh,2026-04-04
Jeremiah Sen,Male,50,Dibrugarh,Kerala,2022-09-20
Sudiksha Varma,Male,47,Vellore,Haryana,2021-10-23
Pratyush Anne,Female,41,Dehradun,Bihar,2022-10-14
Nikita Bali,Female,33,Barasat,Nagaland,2024-04-07
Saumya Varughese,Female,60,Mahbubnagar,Mizoram,2024-03-18
Elijah Parmer,Female,57,Patiala,Uttarakhand,2022-12-27
Radha Raju,Male,43,Jammu,Telangana,2026-06-21
Wriddhish Barad,Female,20,Tezpur,Telangana,2025-05-12
Indali Iyengar,Female,35,Amaravati,Maharashtra,2021-08-08
Abeer Murty,Male,60,Gorakhpur,Jharkhand,2023-07-26
Daksh Mane,Female,26,Nanded,Nagaland,2024-07-24
Quincy Bhat,Female,29,Motihari,West Bengal,2023-11-14
Bimala Desai,Male,29,Fatehpur,Odisha,2025-03-13
Timothy Batta,Female,31,Durgapur,Mizoram,2025-12-18
Vinaya Agate,Male,44,Asansol,Kerala,2022-07-28
Bhavya Rastogi,Female,19,Akola,Sikkim,2024-07-21
Fiyaz Chacko,Female,22,Satna,Telangana,2025-01-25
Aditya Sawhney,Female,58,Dindigul,Tripura,2024-01-21
Kiaan Chaudhry,Female,43,Bhatpara,Odisha,2024-12-07
Prisha Subramanian,Female,55,Gandhinagar,Nagaland,2022-03-05
Shivani Bahri,Male,64,Fatehpur,Himachal Pradesh,2023-02-13
Advika Sawhney,Female,18,Raiganj,Meghalaya,2025-11-03
Wazir Sami,Male,29,Sambalpur,Uttarakhand,2023-08-22
Shravya Sem,Male,58,Cuttack,Uttar Pradesh,2021-11-05
Xavier Gopal,Male,53,Anantapur,Rajasthan,2022-08-12
Ishaan Agarwal,Female,29,Jamnagar,Uttar Pradesh,2021-09-21
Amaira Subramaniam,Female,63,Tinsukia,Meghalaya,2022-07-02
Raksha Cherian,Female,52,Jaunpur,Gujarat,2021-07-15
Mekhala Goyal,Male,22,Loni,Uttarakhand,2023-01-26
Azad Saxena,Female,53,Tiruppur,Karnataka,2022-10-04
Vaishnavi Palla,Male,69,Malda,Telangana,2025-08-17
Brijesh Gala,Female,35,Durg,Himachal Pradesh,2024-06-21
Kai Bava,Male,51,Salem,Nagaland,2022-08-08
Umang Sahota,Female,25,Morbi,Goa,2024-12-06
Zansi Patla,Female,61,Durg,Himachal Pradesh,2023-04-03
Nakul Dey,Male,51,Panipat,Uttar Pradesh,2022-05-14
Farhan Golla,Male,57,Bilaspur,Nagaland,2025-12-19
Qarin Rai,Male,40,Kakinada,Haryana,2021-07-08
Jeet Prabhu,Male,35,Shimoga,Assam,2022-04-28
Chanakya Sahni,Male,34,Solapur,Sikkim,2022-10-19
Zashil Mohanty,Female,48,Karimnagar,Tamil Nadu,2025-12-22
Kavya Luthra,Male,47,Ballia,Sikkim,2026-04-15
Nathaniel Sama,Female,64,Nangloi Jat,Andhra Pradesh,2022-03-29
Sachi Sha,Female,21,Anantapur,Mizoram,2025-04-22
Ridhi Khalsa,Female,22,Thiruvananthapuram,Andhra Pradesh,2025-11-23
Girindra Gokhale,Female,32,Ranchi,Karnataka,2023-05-05
Ikbal Grover,Male,24,Navi Mumbai,Kerala,2025-07-07
Balveer Ghose,Male,27,Coimbatore,Haryana,2025-07-19
Victor Jaggi,Female,39,Anantapur,Uttar Pradesh,2021-07-24
Oni Das,Female,29,Proddatur,Karnataka,2025-10-16
Radhika Keer,Female,23,Visakhapatnam,Gujarat,2025-09-20
Ekapad Sem,Female,46,Farrukhabad,Uttarakhand,2023-01-01
Chandresh Dora,Male,29,Machilipatnam,Manipur,2023-03-30
Upma Nath,Female,67,Bhusawal,Sikkim,2023-09-12
Radha Chakrabarti,Female,48,Sikar,Karnataka,2024-07-31
Qadim Kothari,Female,43,Machilipatnam,Tamil Nadu,2024-05-18
Samesh Chakraborty,Female,34,Serampore,Maharashtra,2026-01-17
Aarna Virk,Male,34,Gudivada,Kerala,2025-03-04
Aradhana Aggarwal,Male,68,Pondicherry,Kerala,2025-06-05
Ayaan Dugar,Female,37,Jaunpur,Assam,2021-10-02
Saumya Malhotra,Female,25,Noida,Maharashtra,2023-10-14
Urvi Ramakrishnan,Male,51,Thoothukudi,Manipur,2022-05-03
Ladli Varughese,Male,52,Bikaner,Tamil Nadu,2024-06-01
Jyoti Dayal,Male,26,Rajkot,Telangana,2024-01-05
Umang Buch,Female,50,Bhubaneswar,West Bengal,2022-01-11
Nidra Manda,Male,56,Nandyal,West Bengal,2022-12-02
Gaurav Yogi,Female,41,Muzaffarnagar,Manipur,2024-03-07
Ishwar Sarraf,Female,62,Jalgaon,Odisha,2023-02-13
Azaan Tiwari,Male,36,Amritsar,Uttar Pradesh,2022-12-24
Aadhya Dewan,Male,39,Ballia,Gujarat,2026-02-01
Aarush Shankar,Female,36,Belgaum,Bihar,2024-09-18
Aarav Dar,Female,24,Morbi,Jharkhand,2024-02-08
Sarthak Rattan,Female,30,Madhyamgram,Manipur,2025-07-21
Raksha Kibe,Female,39,Kolkata,Punjab,2023-05-27
Frederick Batta,Male,28,Dibrugarh,Kerala,2021-12-07
Anusha Ganguly,Female,48,Ujjain,Himachal Pradesh,2021-08-14
Aashi Chokshi,Male,37,Satara,Tripura,2021-09-20
Mohammed Samra,Female,18,Jorhat,Andhra Pradesh,2022-01-09
Nilima Chanda,Female,39,Bangalore,Punjab,2024-05-24
Hiral Nayar,Male,28,Silchar,Punjab,2023-04-26
Yatin Goda,Female,31,Mumbai,Andhra Pradesh,2024-08-21
Harshil Choudhry,Male,21,Haldia,Rajasthan,2023-10-11
Xalak Iyer,Female,44,Chinsurah,Nagaland,2023-12-12
Advaith Contractor,Female,70,Asansol,Uttarakhand,2021-08-18
Manan Palan,Female,57,Solapur,Uttarakhand,2024-03-21
Utkarsh Pal,Male,43,Latur,Odisha,2025-11-07
Raksha Chowdhury,Male,24,Amaravati,Goa,2025-07-03
Chanakya Krishnamurthy,Female,39,Ghaziabad,Sikkim,2026-01-21
Agastya Rout,Male,61,Salem,Jharkhand,2024-12-07
Aarav Patla,Female,53,Pondicherry,Haryana,2025-02-20
Maanav Vaidya,Female,48,Gurgaon,Uttar Pradesh,2023-07-09
Divya Chaudhari,Male,53,Rampur,Bihar,2022-12-07
Girik Rajagopalan,Female,61,Ramagundam,Tamil Nadu,2024-12-30
Eta Gandhi,Female,35,Eluru,Himachal Pradesh,2023-02-01
Yagnesh Kashyap,Male,62,Kochi,Chhattisgarh,2025-10-08
Sarthak Puri,Female,69,Burhanpur,Madhya Pradesh,2021-10-12
Tanvi Hans,Female,28,Bareilly,Odisha,2023-01-13
Hemani Rai,Male,22,Sri Ganganagar,Jharkhand,2022-12-03
Widisha Deol,Female,48,Meerut,Jharkhand,2023-06-28
Parth Sodhi,Male,28,Gulbarga,Bihar,2024-10-19
Shravya Deol,Female,53,Panihati,Himachal Pradesh,2021-10-01
Nitara Dhingra,Male,38,Bihar Sharif,Punjab,2023-08-03
Balhaar Bhavsar,Male,64,Ranchi,Tamil Nadu,2023-02-04
Jeremiah Kulkarni,Female,59,Karnal,Madhya Pradesh,2026-04-19
Udyati Tripathi,Male,45,Tiruchirappalli,Uttarakhand,2021-10-24
Advika Varughese,Female,51,Arrah,Telangana,2023-02-26
Jason Sahota,Female,48,Karawal Nagar,Bihar,2025-04-28
Indrajit Peri,Male,26,Ramagundam,Tamil Nadu,2022-08-20
Damyanti Kunda,Female,59,Vellore,Tamil Nadu,2025-01-19
Balhaar Badami,Male,62,Bihar Sharif,Bihar,2022-11-17
Lipika Jani,Male,25,Guwahati,Chhattisgarh,2024-02-23
Ishani Shroff,Male,27,Coimbatore,Assam,2022-07-17
Shaurya Balay,Female,66,Lucknow,Meghalaya,2022-03-11
Jagat Thaman,Male,41,Bulandshahr,Karnataka,2021-07-26
Tanveer Kala,Female,49,Suryapet,Uttar Pradesh,2022-09-27
Aarav Verma,Male,66,Srikakulam,Uttar Pradesh,2021-09-04
Yashodhara Dutta,Male,25,Pondicherry,Sikkim,2021-07-03
Ladli Srinivas,Female,63,Chittoor,Mizoram,2021-11-25
Ijaya Sandhu,Female,69,Ozhukarai,Chhattisgarh,2025-08-12
Manbir Biswas,Male,52,Panihati,Bihar,2023-07-04
Azaan Dar,Female,52,Moradabad,Telangana,2025-09-12
Imaran Prabhu,Female,42,Bhagalpur,Bihar,2022-02-10
Maanas Solanki,Male,65,Visakhapatnam,Meghalaya,2024-03-26
Atharv Virk,Male,53,Nangloi Jat,Manipur,2024-10-19
Yamini Wali,Female,51,Jaipur,Andhra Pradesh,2022-12-05
Warjas Pau,Male,40,Thanjavur,Punjab,2024-09-07
Zaitra Thaman,Male,70,Bhimavaram,Rajasthan,2026-02-21
Inaya Sant,Male,67,Phusro,Haryana,2022-11-30
Lajita Lata,Male,40,Vellore,Telangana,2022-09-07
Nikita Khatri,Male,54,Anand,Manipur,2021-09-05
Januja Mandal,Female,20,Rourkela,Madhya Pradesh,2026-05-01
Xiti Shankar,Male,37,Agra,Telangana,2024-02-21
Hiral Dewan,Female,66,Hazaribagh,Tamil Nadu,2024-02-07
Sanya Sarin,Male,33,Junagadh,Jharkhand,2021-12-02
Samesh Dave,Male,34,Aizawl,Madhya Pradesh,2024-09-06
Gautami Chowdhury,Female,48,Gurgaon,Madhya Pradesh,2023-04-28
Edhitha Dhar,Female,42,Jhansi,Maharashtra,2021-11-03
Xiti Khurana,Male,39,Ujjain,Madhya Pradesh,2026-06-07
Ojasvi Pathak,Female,29,Karawal Nagar,Meghalaya,2022-08-31
Faqid Pillay,Male,25,Rajkot,Himachal Pradesh,2022-09-12
Vasana Sridhar,Male,21,Davanagere,Jharkhand,2026-02-21
Upadhriti Rana,Female,39,Khammam,Punjab,2023-10-20
Agastya Kata,Female,31,Silchar,Goa,2026-02-21
Garima Bhardwaj,Female,44,Agra,Andhra Pradesh,2022-10-22
Adweta Shere,Female,28,Jodhpur,Meghalaya,2023-06-09
Vasana Iyer,Male,45,Amroha,Manipur,2024-04-11
Jeremiah Chaudhry,Female,40,Satara,Haryana,2021-08-26
Ekalinga Dugar,Female,34,Rajpur Sonarpur,Sikkim,2023-03-29
Jackson Bahri,Female,56,Jamalpur,Bihar,2023-11-22
Zehaan Balay,Male,44,Mau,Bihar,2023-02-15
Brinda Madan,Male,52,Panihati,Tripura,2025-01-13
Aarav Raj,Male,20,Panipat,Maharashtra,2025-11-05
Harrison Ramesh,Female,31,Kota,Jharkhand,2025-03-03
Ekani Issac,Female,31,Phagwara,Nagaland,2021-10-09
Champak Hari,Female,44,Shivpuri,Himachal Pradesh,2023-05-30
Om Chowdhury,Female,24,Ongole,Haryana,2022-01-01
Advaith Bahl,Male,53,Etawah,Kerala,2022-02-09
Rohan Aurora,Female,70,Bidhannagar,Nagaland,2024-11-10
Ati Dara,Female,63,Pimpri-Chinchwad,Rajasthan,2022-10-23
Rachita Ray,Female,50,Dewas,Gujarat,2026-04-14
Onveer Chatterjee,Female,18,Bhubaneswar,Arunachal Pradesh,2025-11-12
Maanas Date,Female,18,Karnal,Rajasthan,2021-11-15
Harini Rana,Female,61,Mau,Mizoram,2024-08-22
Nirja Murthy,Male,32,Pondicherry,Kerala,2023-06-09
Rajeshri Deshmukh,Male,47,Naihati,Nagaland,2023-01-10
Ansh Wadhwa,Male,60,Shimla,West Bengal,2021-08-14
Hiral Bakshi,Male,60,Vellore,Manipur,2024-07-14
Fiyaz Devi,Male,67,Ajmer,Tripura,2024-09-02
Rachit Pandya,Male,37,Varanasi,Meghalaya,2025-10-07
Henry Kuruvilla,Female,42,Mira-Bhayandar,Tamil Nadu,2025-12-08
Hredhaan Thaker,Male,43,Surat,Himachal Pradesh,2023-11-26
Prisha Ganguly,Female,50,Fatehpur,West Bengal,2025-05-01
Krishna Tailor,Female,33,Bilaspur,Andhra Pradesh,2022-02-12
Nitesh Shanker,Female,30,Thanjavur,Manipur,2024-02-25
Rajeshri Prashad,Female,24,Panihati,Punjab,2024-01-20
Janaki Kumar,Female,22,Thanjavur,Haryana,2025-02-17
Liam Behl,Male,53,Ranchi,Andhra Pradesh,2022-09-27
Gauri Bal,Female,27,Bongaigaon,Mizoram,2023-10-02
Wahab Kannan,Male,68,Sasaram,Tripura,2023-02-21
Kiaan Varughese,Male,22,Raipur,Gujarat,2026-04-04
Harita Butala,Female,50,Moradabad,Telangana,2025-08-20
Shivansh Thakur,Female,51,Shahjahanpur,Goa,2024-09-06
Samarth Chawla,Male,25,Thanjavur,Himachal Pradesh,2023-05-23
Odika Pall,Female,22,Kollam,Jharkhand,2025-09-27
Vaishnavi Chaudry,Male,59,Sagar,Odisha,2022-06-15
Faras Bahri,Female,33,Ambala,Chhattisgarh,2024-08-26
Sai Ramakrishnan,Female,59,Kota,Himachal Pradesh,2025-12-24
Fariq Subramanian,Female,60,Morena,Meghalaya,2023-04-03
Jack Narayan,Male,65,Amaravati,Telangana,2026-01-02
Lopa Apte,Male,35,Aurangabad,Chhattisgarh,2025-03-24
Qadim Apte,Male,24,Phagwara,Manipur,2022-06-11
Bhanumati Johal,Female,62,Kanpur,Kerala,2024-09-07
Fitan Lalla,Male,44,Sikar,Jharkhand,2023-09-17
Garima Kamdar,Female,44,Allahabad,Andhra Pradesh,2026-01-25
Anamika Patil,Female,56,Pune,Maharashtra,2026-04-08
Ekapad Johal,Female,36,Fatehpur,Bihar,2023-12-02
Vasatika Toor,Female,39,Jorhat,Jharkhand,2024-01-12
Balvan Parmar,Male,55,Amritsar,Manipur,2022-01-20
Utkarsh Anne,Female,34,Rampur,Sikkim,2022-09-19
Girik Batta,Female,49,Moradabad,Sikkim,2021-12-29
Baljiwan Nagi,Female,32,Kakinada,Madhya Pradesh,2022-08-30
Thomas Chaudhari,Male,33,Pimpri-Chinchwad,Maharashtra,2025-01-25
Urishilla Bobal,Male,40,Raichur,Goa,2025-04-10
Advik Hora,Female,46,Bhind,Uttar Pradesh,2023-03-10
Darpan Karpe,Male,19,Kishanganj,Chhattisgarh,2025-06-02
Veda Nair,Male,32,Bharatpur,Punjab,2026-02-26
Rachit Khatri,Female,33,Karaikudi,Bihar,2025-02-25
Parth Sabharwal,Male,38,Dehri,Kerala,2026-02-26
Yash Date,Female,33,Kochi,Goa,2026-01-24
Divya Sangha,Male,46,Maheshtala,Tripura,2025-01-19
Jalsa Shere,Male,45,Jalgaon,Sikkim,2023-01-13
Elijah Ganesh,Male,35,Bareilly,Tripura,2023-10-23
Leela Bose,Male,22,Kharagpur,Tripura,2022-03-01
Chanchal Sundaram,Female,52,Satna,Bihar,2024-04-21
Yahvi Som,Female,63,Bhiwani,Tamil Nadu,2024-12-12
Neel Goda,Female,37,Dhule,Telangana,2024-10-24
Ishwar Chatterjee,Female,36,Mirzapur,Gujarat,2021-11-15
Yash Raju,Male,70,Kurnool,Haryana,2026-06-08
Hritik Sehgal,Female,32,Durgapur,Arunachal Pradesh,2021-10-18
Oliver Dhar,Female,55,Anantapuram,Andhra Pradesh,2023-05-11
Vyanjana Chaudhry,Male,40,Tinsukia,Rajasthan,2022-11-29
Kiaan Magar,Female,32,Mira-Bhayandar,Maharashtra,2026-04-10
Mason Ben,Male,40,Purnia,Tamil Nadu,2023-07-07
Veer Issac,Male,23,Bellary,Telangana,2026-03-14
Rachita Saha,Female,31,Chinsurah,Andhra Pradesh,2021-07-19
Keya Kade,Female,42,Morena,Himachal Pradesh,2025-01-05
Raksha Ramachandran,Female,30,Malegaon,Andhra Pradesh,2023-09-20
Hitesh Peri,Female,49,Hindupur,Assam,2025-08-24
Netra Narayanan,Male,54,Pallavaram,Uttar Pradesh,2024-11-27
Upadhriti Dhaliwal,Female,24,Ballia,Karnataka,2024-11-02
Dev Chander,Female,41,Kadapa,Uttarakhand,2024-06-22
Janani Banik,Male,47,Warangal,Madhya Pradesh,2025-08-22
Kamala Soni,Male,31,Bhilwara,Tamil Nadu,2022-04-14
Harita Sandal,Female,66,Barasat,Mizoram,2022-08-02
Janani Dey,Male,63,Khandwa,Odisha,2022-11-18
Aradhana Goel,Male,63,Panihati,Nagaland,2022-06-07
Irya Badami,Female,60,Tezpur,Goa,2024-08-13
Sai Golla,Male,18,Bellary,Odisha,2024-12-24
Janani Naik,Female,39,Thoothukudi,Maharashtra,2025-10-30
Hritik Deo,Female,29,Raiganj,Rajasthan,2021-07-04
Amol Sha,Male,67,Khora ,Kerala,2024-04-06
Nihal Kothari,Female,42,Guntur,Meghalaya,2022-04-05
Kala Mohanty,Female,40,Tenali,Odisha,2026-01-19
Mohammed Bains,Male,65,Medininagar,Assam,2025-04-20
Forum Subramaniam,Female,55,Shivpuri,Haryana,2024-11-09
Bakhshi Verma,Female,58,Jamalpur,Goa,2025-05-04
Vansha Yohannan,Female,22,Madanapalle,Bihar,2024-12-31
Kai Hayre,Female,43,Darbhanga,Mizoram,2021-11-25
Anmol Thakur,Male,43,Dehradun,Kerala,2026-01-15
Tanvi Sha,Female,41,Ludhiana,Uttarakhand,2025-10-01
Falan Bhatnagar,Female,26,Giridih,Chhattisgarh,2024-11-07
Wyatt Choudhry,Male,22,Kharagpur,Kerala,2024-04-18
Rushil Garg,Female,24,Munger,Tripura,2024-08-04
Daksh Karan,Male,36,Bijapur,Odisha,2025-07-19
Udarsh Lata,Female,39,Eluru,Sikkim,2022-06-14
William Ramaswamy,Male,21,Mehsana,Sikkim,2021-07-03
Imaran Sahota,Male,40,Pali,Karnataka,2022-04-04
Fitan Kannan,Male,47,Machilipatnam,Punjab,2022-06-02
Fariq Sethi,Female,50,Nellore,Haryana,2023-08-24
Lakshit Agarwal,Female,70,Gorakhpur,Chhattisgarh,2024-07-31
Radhika Narula,Female,49,Faridabad,Manipur,2022-08-01
Elijah Bumb,Male,29,Kadapa,Punjab,2023-05-10
Akshay Bali,Male,18,Gangtok,Telangana,2025-09-06
Praneel De,Male,47,Bidhannagar,Bihar,2021-07-29
Jeremiah Vora,Female,45,Miryalaguda,Manipur,2026-01-11
Tamanna Sahni,Male,67,Guwahati,Madhya Pradesh,2023-06-23
Ayaan Bhalla,Female,23,Kavali,Karnataka,2023-08-21
Watika Pandey,Male,50,Gandhidham,Himachal Pradesh,2024-06-12
Jacob Khanna,Male,41,Orai,Goa,2022-01-08
Osha Seshadri,Female,34,Guntur,Arunachal Pradesh,2024-04-08
Darika Natarajan,Female,32,Amravati,Meghalaya,2022-06-23
Bhanumati Sarma,Female,68,Ratlam,Sikkim,2024-03-29
Joshua Krishnamurthy,Female,20,Avadi,Maharashtra,2025-09-08
Akshay Gala,Female,42,Udaipur,Kerala,2025-03-13
William Thakur,Male,23,Madanapalle,Arunachal Pradesh,2024-12-29
Harshil Rege,Male,36,Jorhat,Rajasthan,2024-12-18
Sara Vaidya,Female,52,Naihati,Rajasthan,2024-03-16
Ikbal Sehgal,Female,30,Mangalore,Arunachal Pradesh,2023-11-06
Pratyush Lal,Male,64,Ichalkaranji,Tamil Nadu,2023-02-16
Vinaya Iyengar,Male,47,Satna,Assam,2024-08-18
Amaira Balakrishnan,Female,68,Faridabad,Uttarakhand,2022-06-10
Sanaya More,Female,46,Vijayawada,Bihar,2021-10-01
Banjeet Dua,Female,68,Bhiwani,Gujarat,2024-07-11
Januja Mand,Female,58,Kolhapur,Himachal Pradesh,2024-04-09
Urvashi Jaggi,Female,33,Bhusawal,Kerala,2022-04-07
Lakshit Nayak,Male,65,Chandigarh,Bihar,2024-04-29
Geetika Sahni,Female,65,Rourkela,Gujarat,2021-10-19
Onkar Bhattacharyya,Male,57,North Dumdum,Madhya Pradesh,2025-05-24
Oviya Golla,Male,45,Pondicherry,Madhya Pradesh,2024-11-01
Luke Srivastava,Male,30,Jhansi,Arunachal Pradesh,2022-06-01
Zayan Bhatia,Female,18,Kakinada,Meghalaya,2024-05-27
Kiaan Kapoor,Male,59,Aligarh,Jharkhand,2024-02-12
Benjamin Shanker,Female,61,Rampur,Meghalaya,2025-08-27
Irya Vyas,Male,47,Guwahati,Uttar Pradesh,2025-12-11
Mohini Nagi,Male,52,Ludhiana,Odisha,2021-08-13
Harita Halder,Female,57,Bhilwara,Sikkim,2023-12-22
Saumya Bose,Male,68,Tumkur,Meghalaya,2022-07-08
Girik Bandi,Female,51,Hindupur,Telangana,2022-01-23
Shaurya Pillay,Male,37,Meerut,Meghalaya,2021-10-24
Laban Talwar,Male,53,Uluberia,Tamil Nadu,2026-02-25
Kala Wadhwa,Male,41,Hubli–Dharwad,Tamil Nadu,2025-04-18
Om Desai,Male,40,Deoghar,Punjab,2022-08-10
Jagvi Sibal,Male,64,Phusro,Uttarakhand,2025-09-20
Vincent Buch,Male,55,Anantapuram,Andhra Pradesh,2023-04-26
Zaitra Gopal,Female,33,Jehanabad,Tripura,2026-03-19
Aarav Thaman,Female,41,Darbhanga,Madhya Pradesh,2024-06-27
Sneha Saha,Male,62,Fatehpur,Arunachal Pradesh,2025-11-20
Suhani Jhaveri,Female,58,Sasaram,Meghalaya,2023-10-30
Indira Ramesh,Male,22,Pallavaram,Tripura,2024-07-28
Suhani Keer,Male,60,Asansol,Madhya Pradesh,2025-09-11
Ekaraj Baral,Male,48,Tirunelveli,Tripura,2022-10-15
Nirja Nath,Female,40,Mathura,Haryana,2022-04-01
Shaurya Bhakta,Female,65,Bhind,Kerala,2021-09-04
Ayushman Pant,Male,49,Tumkur,Jharkhand,2026-04-23
Sara Singh,Female,19,Kollam,Manipur,2025-02-16
Faraj Subramanian,Female,37,Durg,Tripura,2024-08-13
Caleb Dixit,Female,22,New Delhi,Uttar Pradesh,2022-01-27
Suhani Nayar,Female,70,Loni,Goa,2025-09-13
Bhanumati Upadhyay,Female,62,Proddatur,Uttarakhand,2022-10-07
Zilmil Ramanathan,Female,42,Sonipat,Odisha,2022-06-13
Udarsh Chana,Female,28,Bihar Sharif,Andhra Pradesh,2023-07-28
Osha Chakraborty,Female,44,Pallavaram,Jharkhand,2025-05-06
Omaja Sastry,Female,55,South Dumdum,Rajasthan,2022-09-01
Veda Chauhan,Male,44,Madanapalle,Sikkim,2022-09-22
Jason Sethi,Male,68,Kalyan-Dombivli,Odisha,2024-01-15
Manbir Gour,Male,51,Serampore,Mizoram,2022-11-07
Daksha Ramaswamy,Female,64,Kulti,Tamil Nadu,2021-10-20
Triya Bains,Male,35,Karimnagar,Odisha,2026-06-10
Frederick Chatterjee,Male,41,Hapur,Mizoram,2024-02-29
Arjun Nadkarni,Female,60,Vijayanagaram,Punjab,2025-12-20
Bimala Dubey,Male,60,Bharatpur,Telangana,2021-08-27
Abeer Ram,Male,44,Parbhani,Uttar Pradesh,2026-03-05
Veda Halder,Male,43,New Delhi,Tamil Nadu,2024-04-01
Eta Swaminathan,Male,41,Pallavaram,Gujarat,2024-10-30
Ekta Divan,Male,22,Gangtok,Kerala,2026-06-19
Darika Bali,Female,24,Eluru,Gujarat,2024-02-06
Qushi Bumb,Female,66,Mira-Bhayandar,Mizoram,2025-09-13
Hemang Arya,Male,38,Panvel,Uttarakhand,2022-06-29
Yashodhara Choudhary,Female,50,Guntakal,Maharashtra,2021-08-01
Yamini Muni,Male,56,Gulbarga,Jharkhand,2022-04-05
Ekantika Jain,Female,42,Shivpuri,Uttarakhand,2024-04-01
Vedhika Krishna,Female,19,Singrauli,Gujarat,2022-03-01
Omisha Jaggi,Male,44,Siwan,Punjab,2021-07-30
Gayathri Memon,Male,53,Pondicherry,Bihar,2025-04-30
Sai Mohanty,Female,23,Amravati,Andhra Pradesh,2022-02-25
Mason Joshi,Male,26,Rohtak,Punjab,2022-01-16
Samarth Thaker,Female,29,Thoothukudi,Andhra Pradesh,2025-02-15
Devansh Purohit,Female,47,Panvel,Kerala,2023-08-12
Kashvi Chanda,Female,39,Bettiah,Bihar,2022-04-24
Gautam Borah,Female,68,Ongole,Odisha,2026-04-29
Wriddhish Bhandari,Male,59,Karaikudi,Odisha,2026-02-14
Ekani Baria,Male,28,Parbhani,Bihar,2023-06-08
Oeshi Kala,Female,46,Gangtok,Arunachal Pradesh,2026-03-26
Finn Narang,Male,37,Sangli-Miraj & Kupwad,Mizoram,2023-06-18
Warhi Sama,Male,62,Silchar,Kerala,2023-11-27
Azad Chand,Male,41,Hubli–Dharwad,Mizoram,2022-07-09
Balendra Gulati,Male,32,Tadipatri,Sikkim,2026-03-24
Hema Nazareth,Female,45,Agra,Jharkhand,2021-11-08
Adya More,Female,50,Karnal,Odisha,2025-02-10
Vincent Yogi,Female,47,Ballia,Gujarat,2024-11-04
Saanvi Palla,Female,30,Nizamabad,Meghalaya,2024-07-26
Krisha Manda,Female,67,Dharmavaram,Meghalaya,2024-02-13
Onveer Rajagopal,Female,68,Siwan,Bihar,2024-05-02
Oviya Khatri,Male,38,Visakhapatnam,Maharashtra,2022-08-06
Janaki Contractor,Male,70,Solapur,Punjab,2022-10-06
Osha Pillai,Male,57,Hubli–Dharwad,Odisha,2022-11-23
Kalpit Batra,Female,40,Gwalior,Karnataka,2025-11-13
Osha Mishra,Female,67,Bhilai,Sikkim,2024-09-17
Widisha Sibal,Male,37,Karimnagar,Manipur,2025-09-13
Laksh Maharaj,Male,37,Sirsa,Rajasthan,2023-09-08
Thomas Sachdeva,Male,62,Latur,Punjab,2023-09-26
Onkar Om,Male,36,Shahjahanpur,Tripura,2021-07-30
Devansh Krish,Female,38,Bhubaneswar,Rajasthan,2024-06-08
Tara Shanker,Female,42,Kadapa,Manipur,2023-10-25
Dalbir Bhavsar,Female,40,Gulbarga,Chhattisgarh,2023-06-04
Isha Nori,Male,39,Silchar,Nagaland,2022-09-22
Sarthak Banik,Male,60,Jamshedpur,Tamil Nadu,2026-03-16
Hitesh Andra,Female,43,Sambhal,Gujarat,2026-03-13
Daksha Manne,Male,41,Tirunelveli,West Bengal,2023-06-27
Tripti Iyer,Male,32,Malda,Tamil Nadu,2024-06-08
Januja Nagy,Female,67,Nagaon,Kerala,2024-10-09
Tripti Divan,Female,48,Bhind,Haryana,2023-12-31
Balendra Sanghvi,Male,26,Durgapur,Chhattisgarh,2026-06-14
Sanaya Mittal,Female,52,Muzaffarnagar,Mizoram,2025-04-25
Anamika Naidu,Female,28,Bhavnagar,Assam,2023-10-11
Zaid Biswas,Male,61,Udaipur,Karnataka,2022-12-18
Ansh Sibal,Male,24,Imphal,Jharkhand,2025-06-19
Saanvi Krishnan,Male,32,Madanapalle,Gujarat,2022-02-09
Indira Menon,Female,52,Tiruchirappalli,Arunachal Pradesh,2024-03-26
Hemang Kala,Female,44,Satna,Uttar Pradesh,2023-05-31
Mitali Anne,Female,52,Rewa,Arunachal Pradesh,2026-06-13
Ridhi Batra,Male,66,Narasaraopet,Meghalaya,2024-02-26
Siya Mutti,Female,19,Parbhani,Kerala,2024-09-18
Rudra Palla,Male,36,Meerut,Mizoram,2024-05-31
Odika Bhatia,Male,60,Bhiwani,Odisha,2024-12-20
Aarna Sekhon,Female,33,Ujjain,Gujarat,2022-08-07
Ekaja Kanda,Male,44,Thiruvananthapuram,Bihar,2021-12-09
Bachittar Tailor,Male,58,Gangtok,Maharashtra,2023-03-14
Janaki Samra,Female,58,Kozhikode,Andhra Pradesh,2025-09-04
Zaitra Narang,Female,68,Bulandshahr,Goa,2024-09-14
Owen Karpe,Female,58,Srikakulam,Goa,2023-03-14
Karan Rau,Male,39,Madurai,Karnataka,2023-01-26
Neelima Tripathi,Male,39,Bokaro,Himachal Pradesh,2024-02-18
Qabil Hegde,Male,38,Aurangabad,Rajasthan,2022-04-09
Riya Nagar,Male,49,Bhiwandi,Andhra Pradesh,2023-12-19
Umang Madan,Female,21,Jamnagar,Tripura,2026-03-29
Sanaya Bhat,Male,25,South Dumdum,Jharkhand,2024-08-27
Abhiram Thakkar,Female,37,Jalandhar,Manipur,2025-06-08
Adya Nagi,Male,67,Thiruvananthapuram,Punjab,2024-10-05
Unnati Patel,Male,25,Davanagere,Tripura,2023-01-08
Chandani Lalla,Male,20,Sultan Pur Majra,Odisha,2023-01-04
Jyoti Doctor,Male,25,Mango,Manipur,2021-09-09
Samarth Gala,Female,27,Bahraich,Manipur,2025-01-18
Urvi Borah,Female,67,Chandrapur,Chhattisgarh,2023-02-15
Shaurya Vyas,Female,63,Bharatpur,Manipur,2024-06-17
Madhav Kurian,Female,60,Kamarhati,Tripura,2024-05-25
Falguni Jha,Female,51,Bulandshahr,Karnataka,2022-02-19
Ethan Dey,Male,62,Saharanpur,Chhattisgarh,2023-01-25
Kashish Uppal,Male,67,Kolhapur,Kerala,2022-11-08
Lipika Dhaliwal,Female,18,Raichur,Kerala,2023-08-09
Kashvi Deshpande,Male,27,Dharmavaram,Goa,2026-03-31
Maanas Lad,Male,58,Bulandshahr,Bihar,2024-07-30
Turvi Bora,Male,33,Medininagar,Himachal Pradesh,2025-10-11
Charita Karnik,Male,56,Hazaribagh,Tripura,2022-07-17
Pushti Chad,Male,56,Nagpur,Arunachal Pradesh,2026-03-27
Veda Balasubramanian,Female,38,Faridabad,Bihar,2021-10-12
Pallavi Dash,Male,58,Guntakal,Uttarakhand,2025-12-08
Dalaja Kamdar,Female,23,Rourkela,Meghalaya,2025-11-20
Teerth Contractor,Female,52,Bahraich,Uttar Pradesh,2021-11-28
Shivani Sarna,Female,37,Gopalpur,Punjab,2025-06-03
George Chaudhuri,Male,40,Darbhanga,Tamil Nadu,2024-04-23
Arin Sura,Male,36,Solapur,Jharkhand,2021-12-18
Jagdish Saraf,Female,19,Imphal,Uttarakhand,2023-08-13
Megha Bhatti,Female,67,Ahmedabad,Odisha,2025-08-10
Zinal Kant,Male,63,New Delhi,Uttarakhand,2026-02-09
Mitali Bahri,Female,45,Ulhasnagar,Punjab,2026-04-02
Falan Sunder,Female,67,Kolhapur,Mizoram,2024-05-16
Jagdish Sabharwal,Male,32,Guwahati,Tripura,2024-09-13
Vyanjana Swaminathan,Female,63,Durgapur,Uttarakhand,2022-05-07
Lila Sethi,Female,58,New Delhi,Madhya Pradesh,2022-08-23
Divya Lal,Male,68,Jammu,Mizoram,2025-04-25
Charan Oak,Male,53,Purnia,Odisha,2023-05-07
Udarsh Sankaran,Male,28,Junagadh,Karnataka,2023-09-23
Yashvi Nori,Female,33,Dindigul,West Bengal,2024-12-27
Rachana Chander,Male,65,Allahabad,Bihar,2022-04-18
Eiravati Kanda,Female,56,Vadodara,Karnataka,2023-05-06
Jonathan Mallick,Female,63,Jodhpur,Gujarat,2023-07-20
Laban Reddy,Male,18,Tiruppur,Odisha,2025-02-25
Gaurang Khalsa,Male,41,Anantapuram,Uttar Pradesh,2022-08-30
Nidhi Borra,Female,47,Raipur,Arunachal Pradesh,2026-02-04
Victor Parikh,Male,36,Mathura,Bihar,2023-12-25
Hamsini Pal,Male,47,Tezpur,Gujarat,2026-01-10
Isaiah Sani,Female,67,Chapra,Sikkim,2023-05-09
Hritik Dubey,Male,61,Silchar,Mizoram,2024-07-12
Gagan Biswas,Male,51,Dhule,Chhattisgarh,2023-03-14
Jairaj Manne,Male,67,Singrauli,Uttar Pradesh,2026-03-24
Vedika Dara,Female,43,Surendranagar Dudhrej,Kerala,2021-06-28
Veer Chand,Male,69,Kottayam,Jharkhand,2025-03-23
Logan Hayre,Male,48,Noida,Rajasthan,2022-03-06
George Sheth,Male,51,Ballia,Uttarakhand,2025-11-28
Yug Choudhry,Male,18,Panihati,Arunachal Pradesh,2025-04-14
Laban Ganguly,Male,22,Bhiwandi,Chhattisgarh,2022-03-08
Siya Bhasin,Male,19,Bhiwandi,Maharashtra,2026-02-16
Viraj Jain,Male,29,Gwalior,Manipur,2024-09-06
Xiti Aggarwal,Male,20,Bhatpara,Maharashtra,2026-04-05
Kamya Korpal,Male,42,Panipat,Chhattisgarh,2022-01-22
Anika Anne,Female,55,Belgaum,West Bengal,2024-07-01
Nihal Mitra,Female,37,Shahjahanpur,Bihar,2025-07-05
Neelima Pandit,Female,43,Bhalswa Jahangir Pur,Himachal Pradesh,2023-05-20
Maya Jha,Male,19,Bhilwara,Goa,2022-12-31
Patrick Krishnamurthy,Male,34,Tirupati,Nagaland,2024-06-26
Dhruv Pau,Female,27,Ludhiana,Uttar Pradesh,2022-01-14
Girish Mutti,Male,57,Tumkur,Uttarakhand,2025-10-11
Pahal Parmar,Male,51,Buxar,Chhattisgarh,2025-05-23
Jagdish Basak,Female,18,Kolhapur,Kerala,2024-04-29
Aahana Keer,Male,29,Tezpur,Andhra Pradesh,2025-04-16
Indrajit Munshi,Female,64,Sultan Pur Majra,Himachal Pradesh,2024-09-28
Ijaya Ratti,Female,41,Junagadh,Maharashtra,2025-07-21
Krishna Dalal,Female,66,Navi Mumbai,Jharkhand,2023-12-04
Ekapad Kala,Female,58,Bhagalpur,Mizoram,2026-01-10
Gagan Dyal,Female,54,Patna,Gujarat,2023-01-13
Daksh Nagi,Male,19,Nizamabad,Jharkhand,2022-10-02
Oeshi Chahal,Female,43,Fatehpur,Jharkhand,2024-10-29
Faris Deep,Female,48,Chittoor,Andhra Pradesh,2024-10-31
Qabil Jain,Female,41,Hospet,Madhya Pradesh,2023-03-22
Zinal Mandal,Male,38,Ichalkaranji,Andhra Pradesh,2026-02-08
Chaman Mistry,Female,29,Ichalkaranji,Bihar,2024-08-01
Manbir Sarma,Male,20,Chandigarh,Maharashtra,2022-11-27
Mohammed Palan,Female,23,Belgaum,Goa,2022-07-06
Tarak Bandi,Male,56,Buxar,Manipur,2025-09-10
Reva Bobal,Male,55,Jalandhar,Tripura,2021-12-07
Rudra Pingle,Male,59,Bareilly,Kerala,2025-08-31
Mohammed Saran,Male,38,Sirsa,Sikkim,2022-03-22
Onkar Pai,Female,35,Motihari,Rajasthan,2026-04-10
Ryan Dayal,Male,51,Shimla,Nagaland,2021-09-12
Aishani Wason,Female,35,Pimpri-Chinchwad,Madhya Pradesh,2024-07-02
Megha Sarraf,Male,19,Muzaffarpur,Jharkhand,2023-06-29
Abhimanyu Rau,Female,47,Yamunanagar,Gujarat,2025-04-21
Hema Singh,Male,25,Ahmednagar,Kerala,2021-09-25
Baljiwan Bava,Female,57,Mumbai,Uttarakhand,2023-06-25
Bishakha Malhotra,Male,66,Jamshedpur,Goa,2024-04-26
Yug Chawla,Male,29,Bhiwandi,Odisha,2023-08-13
Ishita Shere,Male,42,Malegaon,Karnataka,2025-10-05
Samesh Bava,Female,60,Bareilly,Gujarat,2022-08-13
Unnati Srivastava,Male,19,Bally,Kerala,2022-08-10
Yochana Venkatesh,Male,34,New Delhi,Himachal Pradesh,2024-09-03
Krish Mangat,Male,44,Madurai,Arunachal Pradesh,2023-10-31
Omya Maharaj,Female,23,Madanapalle,Goa,2025-01-12
Saksham Dyal,Female,50,Aurangabad,Meghalaya,2022-02-18
Warda Dyal,Male,39,Junagadh,Manipur,2024-04-10
Pahal Gopal,Female,41,Gorakhpur,Nagaland,2025-01-22
Chakrika Khurana,Female,20,Proddatur,Bihar,2026-03-01
Nisha Shetty,Female,20,Jehanabad,Haryana,2022-10-12
Nihal Kata,Male,23,Ranchi,Himachal Pradesh,2023-06-30
Neelima Uppal,Female,31,Jorhat,Punjab,2023-08-13
Pallavi Zachariah,Male,22,Guwahati,Karnataka,2026-06-19
Harita Chopra,Male,32,Tadepalligudem,Gujarat,2023-09-06
Radha Parsa,Female,51,Rewa,Rajasthan,2023-04-30
Urmi Thaman,Female,50,Haridwar,Andhra Pradesh,2024-10-19
Peter Edwin,Male,39,Rajkot,Odisha,2021-11-08
David Palan,Male,59,Kumbakonam,Himachal Pradesh,2021-10-30
Kritika Reddy,Female,58,Nizamabad,Tripura,2025-03-12
Edhitha Subramaniam,Female,40,Pallavaram,Manipur,2024-03-26
Ekaja Sankar,Female,40,Surendranagar Dudhrej,Madhya Pradesh,2024-03-22
Dev Pandit,Female,36,Bathinda,Manipur,2022-01-23
Christopher Narain,Male,60,Kanpur,Arunachal Pradesh,2023-12-29
Brijesh Bhalla,Male,33,Bokaro,Nagaland,2023-09-08
Ranbir Chawla,Male,25,Orai,Haryana,2021-09-18
Banjeet Upadhyay,Female,47,Panipat,Odisha,2025-02-23
Azaan Kashyap,Female,35,Ramagundam,Uttarakhand,2025-11-30
Baljiwan Datta,Female,67,Raurkela Industrial Township,Goa,2024-03-07
Lakshmi Buch,Male,53,Bellary,Sikkim,2022-04-07
Meera Vohra,Male,63,Ahmednagar,Tamil Nadu,2022-06-25
Liam Saran,Female,62,Sultan Pur Majra,Assam,2021-07-30
Bhavini Deshmukh,Male,44,Sagar,Tripura,2025-08-04
Warda Kade,Female,55,Maheshtala,Gujarat,2022-11-03
Vasana Badal,Male,51,Nagaon,Arunachal Pradesh,2024-04-14
Upadhriti Mittal,Male,42,Panipat,Kerala,2023-09-25
Mohammed Borah,Male,67,Guna,Uttar Pradesh,2021-09-08
Brijesh Chaudhuri,Male,32,Nagercoil,Tripura,2025-03-29
Mugdha Kohli,Female,36,Kanpur,Goa,2022-05-10
Krisha Babu,Female,26,Surat,Sikkim,2023-07-12
Charvi Khurana,Female,41,Deoghar,Tamil Nadu,2025-03-21
Keya Nanda,Female,52,Gandhinagar,Telangana,2022-02-23
Inaya Chakrabarti,Male,43,Noida,Nagaland,2024-03-16
Brinda Mishra,Female,29,Ambala,Arunachal Pradesh,2022-01-01
Amol Kala,Male,67,Bharatpur,Odisha,2025-07-23
Banjeet Chaudhary,Male,29,Dhule,Andhra Pradesh,2024-01-15
Kalpit Vora,Female,59,Kollam,Karnataka,2025-01-10
Bhanumati Bhargava,Male,37,Kakinada,Kerala,2024-09-22
Ridhi Mand,Male,49,Srinagar,Madhya Pradesh,2023-08-06
Ekaja Dutta,Male,61,Aurangabad,Uttar Pradesh,2024-01-24
Faqid Mitter,Male,46,Tirunelveli,Chhattisgarh,2024-08-24
Hemani Bakshi,Male,47,Hyderabad,Andhra Pradesh,2025-05-30
Saumya Dhawan,Female,55,Tiruchirappalli,Tamil Nadu,2024-04-22
Ekansh Iyer,Female,58,Anantapur,Assam,2023-04-10
Yashasvi Deshmukh,Male,61,Vijayanagaram,Karnataka,2025-04-14
Bhavika Bera,Male,37,Panihati,Manipur,2025-03-16
Anusha Vyas,Female,24,Muzaffarnagar,Assam,2023-03-04
Ayush Ratta,Female,47,Proddatur,Himachal Pradesh,2022-03-23
Turvi Guha,Female,30,Durg,Goa,2021-08-04
Ekani Vasa,Male,30,Thiruvananthapuram,Manipur,2025-05-14
Yochana Pillay,Male,60,Sambhal,Maharashtra,2023-06-19
Warda Vora,Male,53,Gaya,Chhattisgarh,2024-11-11
Anita Mallick,Male,43,Tirunelveli,Tripura,2022-06-29
Ekavir Sant,Female,36,Jabalpur,Punjab,2026-02-26
Advay Chahal,Male,45,Mangalore,Madhya Pradesh,2023-06-01
Isaac Hari,Male,25,Katni,Uttar Pradesh,2024-07-07
Owen De,Male,43,Bihar Sharif,Gujarat,2024-04-15
Wriddhish Bhalla,Male,40,Miryalaguda,Kerala,2022-09-02
Frederick Varkey,Female,54,Bally,Meghalaya,2022-10-10
Daksh Dave,Male,45,Gandhidham,Maharashtra,2023-04-27
Jagdish Konda,Male,24,Korba,Bihar,2024-06-13
Chaitanya Contractor,Female,50,Sri Ganganagar,Sikkim,2022-06-20
Simon Kaur,Female,46,Nashik,Andhra Pradesh,2025-02-19
Kamala Mishra,Male,30,Gaya,Uttarakhand,2023-06-25
Ekalinga Tiwari,Male,62,Arrah,Punjab,2023-05-15
Anay Bir,Female,35,Kishanganj,Bihar,2022-08-02
Aditya Roy,Male,41,Satara,Assam,2023-07-26
Sai Buch,Male,37,Mira-Bhayandar,Andhra Pradesh,2023-10-10
Ayush Chadha,Female,22,Pudukkottai,Nagaland,2024-03-20
Zarna Chaudry,Female,68,Guntur,West Bengal,2023-04-07
Balendra Bhardwaj,Female,34,Tinsukia,Uttar Pradesh,2025-12-19
Osha Gopal,Male,26,Kamarhati,Jharkhand,2023-04-05
Triveni Yadav,Female,42,Saharsa,Arunachal Pradesh,2022-02-18
Januja Salvi,Male,60,Tadipatri,Tamil Nadu,2022-08-02
Wyatt Sarraf,Male,56,Malegaon,Jharkhand,2021-06-21
Oviya Sachdev,Female,52,Bahraich,Jharkhand,2022-04-29
Warda Dasgupta,Male,42,Thane,Uttarakhand,2022-09-08
Raghav Solanki,Female,29,Giridih,Nagaland,2024-03-20
Vedant Pillai,Female,28,Kottayam,Sikkim,2022-12-16
Tejas Chana,Female,43,Durg,Rajasthan,2025-09-22
Krish Venkataraman,Female,34,South Dumdum,Chhattisgarh,2025-05-31
Bahadurjit Anne,Female,41,Muzaffarnagar,Gujarat,2024-12-30
Varsha Issac,Male,49,Shahjahanpur,Tripura,2025-07-11
Gautami Ahuja,Male,31,Baranagar,Punjab,2024-08-31
Bhavika Sant,Male,19,South Dumdum,Telangana,2022-12-27
Lavanya Kale,Male,31,Shahjahanpur,Mizoram,2022-09-18
Ansh Kamdar,Female,28,Anantapur,Meghalaya,2022-09-01
Xavier Sibal,Female,68,Agra,Chhattisgarh,2024-03-27
Reva Dalal,Male,59,Dehri,Sikkim,2025-12-05
Tanish Anne,Male,23,Pimpri-Chinchwad,West Bengal,2022-12-30
Aarnav Lalla,Male,31,Khandwa,Andhra Pradesh,2022-01-01
Ria Keer,Male,60,Kishanganj,Goa,2024-02-04
Ekansh Walla,Male,41,Bahraich,Himachal Pradesh,2026-01-21
Amara Khurana,Male,28,Farrukhabad,Uttarakhand,2024-02-08
Jonathan Ramanathan,Male,37,Bulandshahr,Tamil Nadu,2023-01-26
Harish Dar,Male,54,Pondicherry,Andhra Pradesh,2023-02-25
Dhruv Dhawan,Female,61,Karaikudi,Sikkim,2022-08-30
Arjun Bala,Male,45,Jamnagar,Chhattisgarh,2025-01-24
Lila Saraf,Female,65,Jalandhar,Jharkhand,2023-01-21
Ojasvi Chopra,Female,19,Nangloi Jat,Uttar Pradesh,2022-09-12
Owen Kakar,Female,40,Bulandshahr,Odisha,2023-07-30
Lavanya Ahluwalia,Female,51,Dibrugarh,Uttarakhand,2025-07-01
Upkaar Korpal,Male,41,Nashik,Uttar Pradesh,2023-07-28
Yashawini Borde,Male,49,Korba,Odisha,2024-07-15
Chavvi Joshi,Male,20,Hindupur,Assam,2025-10-26
Sai Contractor,Female,20,Gulbarga,Chhattisgarh,2024-09-14
Arjun Handa,Female,58,Secunderabad,Manipur,2021-08-13
Wridesh Varughese,Male,61,Jorhat,Telangana,2026-05-05
Vyanjana Badal,Male,67,Nangloi Jat,Punjab,2021-09-02
Orinder Bakshi,Female,26,Karnal,Haryana,2022-06-10
Ekbal Wadhwa,Female,21,Salem,Goa,2023-06-13
Mekhala Sibal,Male,68,Saharanpur,Uttar Pradesh,2025-12-13
Radhika Mani,Female,61,Jammu,Mizoram,2025-01-10
Eesha Natt,Female,38,Narasaraopet,Jharkhand,2025-06-26
Lipika Vohra,Female,59,Dhule,Uttarakhand,2023-06-13
Chanchal Rau,Female,36,Chittoor,Punjab,2024-08-27
Krisha Chander,Female,34,Jalna,Haryana,2024-01-14
Aishani Bhatt,Male,21,Guntakal,Himachal Pradesh,2024-05-24
Qabil Chandra,Male,41,Bilaspur,Uttarakhand,2025-06-13
Vincent Devan,Female,20,Saharanpur,Nagaland,2026-01-20
Harshil Pingle,Male,58,Thane,Assam,2021-09-04
Alka Gopal,Female,49,Chapra,Manipur,2026-01-29
Ikbal Nigam,Female,52,Shimoga,Kerala,2025-10-07
Triveni Bir,Female,39,Tirunelveli,Karnataka,2023-02-23
Jeet Mukherjee,Male,51,Panvel,Madhya Pradesh,2026-02-21
Yatan Khalsa,Female,61,Ghaziabad,Uttar Pradesh,2025-02-09
Advaith Ghose,Male,70,Howrah,Kerala,2025-04-01
Dalaja Bajaj,Male,54,Hospet,Andhra Pradesh,2023-10-10
Ati Mistry,Male,48,Hosur,Gujarat,2024-08-09
Om Patel,Female,37,Gwalior,Chhattisgarh,2023-07-20
Sathvik Golla,Female,70,Silchar,Andhra Pradesh,2022-09-03
Harita Dewan,Female,25,Raiganj,Bihar,2023-02-16
Ryan Kota,Female,40,Purnia,Kerala,2022-06-05
Lakshmi Jayaraman,Male,52,Coimbatore,Uttar Pradesh,2026-03-05
Ekiya Nagar,Male,41,Kalyan-Dombivli,Jharkhand,2024-04-19
Finn Ganguly,Male,30,Howrah,Chhattisgarh,2025-04-01
Barkha Bahri,Female,30,Etawah,Tamil Nadu,2022-08-02
Nachiket Chawla,Female,65,Bongaigaon,Manipur,2025-10-11
Lekha Parekh,Male,30,Vellore,Tamil Nadu,2023-03-06
Yashawini Sunder,Female,48,Dhanbad,Nagaland,2023-06-13
Veda Dugar,Female,62,Surendranagar Dudhrej,Mizoram,2022-11-05
Aadhya Bobal,Male,68,Kollam,Telangana,2022-12-23
Advay Lall,Female,63,Nandyal,Mizoram,2021-10-20
Sara Sen,Female,61,Darbhanga,Chhattisgarh,2025-03-21
Devansh Pingle,Female,67,Sagar,Arunachal Pradesh,2024-01-15
Matthew Thaman,Female,37,Tirupati,Rajasthan,2024-02-25
Saanvi Doshi,Male,46,Kurnool,Telangana,2022-09-20
Unnati Raman,Female,33,Kollam,Mizoram,2023-03-03
Avni Ahuja,Female,27,Indore,Mizoram,2024-01-16
Nirja Dada,Male,66,Berhampur,Gujarat,2022-08-10
Ekaja Subramanian,Female,40,Indore,Punjab,2025-03-04
Ekansh Sodhi,Female,60,Dehradun,Assam,2024-02-19
Omisha Khurana,Male,22,Kottayam,Telangana,2021-07-20
Atharv Brar,Male,69,Pudukkottai,Tamil Nadu,2022-03-01
Nikita Shetty,Female,20,Agra,Assam,2025-07-29
Gunbir Setty,Female,43,Nizamabad,Meghalaya,2026-01-19
Christopher Kohli,Male,55,Nizamabad,Nagaland,2025-10-21
Yochana Garg,Male,30,Solapur,Tamil Nadu,2023-06-03
Urishilla Chaudhuri,Female,47,North Dumdum,Mizoram,2023-07-29
Baljiwan Sundaram,Female,39,Pune,Haryana,2026-02-25
Warinder Chhabra,Female,42,Nagercoil,Andhra Pradesh,2024-05-02
Zayan Bali,Female,25,Rourkela,Sikkim,2024-06-27
Suhani Bajwa,Male,49,Eluru,Karnataka,2026-02-25
Baljiwan Atwal,Female,46,Chittoor,Madhya Pradesh,2022-03-25
Aadi Palla,Female,33,Bathinda,Kerala,2025-06-01
Tanay Cheema,Female,32,Dhule,Maharashtra,2021-07-12
Nisha Cherian,Male,67,Danapur,Mizoram,2025-02-01
Manbir Suresh,Male,25,Dehri,Andhra Pradesh,2021-10-24
Ekiya Modi,Male,25,Guntakal,West Bengal,2023-08-15
Ekanta Sami,Female,18,Ahmednagar,Bihar,2025-08-22
Bhavani Joshi,Male,62,Gwalior,Madhya Pradesh,2025-11-11
Nirja Sethi,Male,68,Ozhukarai,Gujarat,2024-08-15
Pushti Basak,Female,44,Sri Ganganagar,Tripura,2024-10-26
Chandran Vala,Female,64,Mirzapur,Tripura,2022-09-17
Chameli Chopra,Female,67,Ambattur,Nagaland,2021-09-17
Sanya Keer,Male,20,Delhi,Uttar Pradesh,2025-05-06
Utkarsh Shenoy,Female,31,Mira-Bhayandar,Odisha,2023-10-13
Nathan Sami,Female,42,Raurkela Industrial Township,Telangana,2025-05-06
Vincent Lata,Male,47,Sultan Pur Majra,Sikkim,2025-12-04
Manya Dara,Female,58,Secunderabad,Himachal Pradesh,2022-05-30
Geetika Hans,Female,28,Junagadh,Maharashtra,2022-09-08
Wakeeta Malhotra,Female,51,Bihar Sharif,Meghalaya,2025-11-25
Gabriel Dhillon,Male,51,Junagadh,Odisha,2024-12-13
Rajata Vohra,Male,28,Bhimavaram,Gujarat,2026-04-24
Omkaar Chaudry,Female,29,Firozabad,Himachal Pradesh,2021-09-20
Charvi Golla,Male,40,Buxar,Punjab,2023-03-01
Jack Mahajan,Female,54,Gandhinagar,Maharashtra,2023-01-15
Yoshita Tailor,Male,50,Machilipatnam,Manipur,2022-12-25
Daksh Sinha,Male,65,Ghaziabad,Tamil Nadu,2021-07-30
Atharv Karan,Male,29,Pune,Assam,2025-10-11
Zilmil Halder,Female,54,Hyderabad,Gujarat,2025-02-14
Aarav Varty,Female,22,Jalna,Mizoram,2024-03-15
Mahika Sundaram,Female,66,Loni,Meghalaya,2021-07-01
Panini Vasa,Male,42,Nellore,Telangana,2026-04-19
Abhiram Yohannan,Female,56,Tadipatri,Chhattisgarh,2024-11-03
Devika Kadakia,Male,50,Patna,Tamil Nadu,2023-06-08
Geetika Venkatesh,Female,67,Ludhiana,Manipur,2025-01-19
Omkaar Tak,Male,57,Hajipur,Maharashtra,2023-03-03
Fitan Rajan,Female,22,Narasaraopet,Nagaland,2026-06-01
Dayita Om,Female,49,Gangtok,Haryana,2026-02-11
Brijesh Bhandari,Male,19,Sangli-Miraj & Kupwad,Karnataka,2022-12-30
Rehaan Manda,Male,33,Meerut,Tripura,2022-10-06
Tara Pant,Female,49,Sultan Pur Majra,Uttarakhand,2024-03-30
Rachana Sha,Male,19,Tadepalligudem,Uttarakhand,2022-11-19
Balvan Bora,Female,41,Avadi,Assam,2022-04-23
Mohini Khalsa,Male,51,Ghaziabad,Assam,2024-09-21
Champak Bawa,Female,63,Aurangabad,Maharashtra,2022-03-15
Advik Char,Female,52,Nizamabad,Chhattisgarh,2022-03-27
Qarin Barad,Male,67,Karimnagar,Rajasthan,2026-05-25
Yashica Goyal,Female,68,Gorakhpur,Sikkim,2022-11-06
Advay Parekh,Female,38,Chapra,Tamil Nadu,2022-03-08
Chasmum Kulkarni,Female,56,Kolhapur,Karnataka,2024-02-23
Rehaan Kannan,Male,60,Ramgarh,Madhya Pradesh,2023-05-07
Harshil Brar,Female,22,Tinsukia,Assam,2023-01-02
Amrita Bains,Female,51,Panchkula,Chhattisgarh,2023-09-25
Megha Modi,Female,62,Bilaspur,Tamil Nadu,2022-05-13
Rachit Bandi,Male,60,Kollam,Jharkhand,2024-07-23
Jasmit Hayer,Female,31,Dehradun,Gujarat,2025-02-13
Yashvi Seshadri,Male,39,Shimoga,Andhra Pradesh,2022-09-10
Ansh Biswas,Male,55,Deoghar,Uttar Pradesh,2024-02-26
Brijesh Cherian,Female,33,Solapur,Odisha,2023-04-25
Ekaraj Date,Female,40,Parbhani,Meghalaya,2025-03-26
Ria Narula,Female,25,Nashik,Madhya Pradesh,2025-06-22
George Khanna,Male,29,Begusarai,Odisha,2025-10-31
Vidhi Bhargava,Female,39,Mumbai,Karnataka,2022-06-17
Nihal Rajan,Female,68,Belgaum,Rajasthan,2025-01-04
Hritik Saxena,Female,31,Saharanpur,Jharkhand,2023-05-03
Robert Chacko,Female,23,Tenali,Tamil Nadu,2023-11-17
Advika Verma,Male,55,Gurgaon,Meghalaya,2025-05-30
Ethan Devi,Female,60,Nizamabad,Tripura,2023-04-30
Mitali Sekhon,Female,35,Jamshedpur,Mizoram,2022-11-04
Avi Bassi,Female,25,Noida,Himachal Pradesh,2023-05-31
Jyoti Deshmukh,Male,24,Thane,Chhattisgarh,2024-02-09
Vrinda Garde,Male,59,Hubli–Dharwad,Tamil Nadu,2022-08-17
Abha Mukhopadhyay,Male,42,Cuttack,Uttarakhand,2024-11-28
Omaja Mody,Female,34,Warangal,Mizoram,2023-10-19
Xalak Sood,Male,54,Khandwa,Bihar,2022-02-06
Aradhana Gala,Male,45,Dehradun,Odisha,2024-05-10
Chandran Mammen,Male,68,Kanpur,Maharashtra,2024-06-20
Thomas Manda,Female,26,Phagwara,Punjab,2024-07-09
Falan Bhavsar,Male,38,Dhule,Himachal Pradesh,2025-09-29
Bakhshi Jayaraman,Male,57,Siwan,Odisha,2023-12-06
Pahal Virk,Male,33,Udupi,Karnataka,2023-06-27
Gautam Soni,Female,31,Burhanpur,Himachal Pradesh,2023-11-29
Reva Patla,Male,21,Kalyan-Dombivli,Sikkim,2022-09-21
Reva Karnik,Male,50,Morbi,Uttar Pradesh,2023-02-12
Mitesh Chand,Male,47,Ambattur,Odisha,2025-02-26
Zayyan Sood,Female,61,Bongaigaon,Rajasthan,2023-03-10
Chasmum Pandey,Female,60,Madhyamgram,Haryana,2024-09-04
Qarin Nadig,Female,43,Muzaffarpur,Meghalaya,2023-08-12
